blockNumber,timeStamp,hash,from,to,tokenID,tokenName,tokenSymbol
67220770,1775833415,0x7bf2aa78232fa87819111e7ac0e02bc469e573f77e9897b8d403bc1a02620124,0x0000000000000000000000000000000000000000,0xf10ed040f182511ef2179adea749920881a4eef9,1,r3tards,R3TARDS
67220770,1775833415,0x7bf2aa78232fa87819111e7ac0e02bc469e573f77e9897b8d403bc1a02620124,0x0000000000000000000000000000000000000000,0xf10ed040f182511ef2179adea749920881a4eef9,2,r3tards,R3TARDS
67220770,1775833415,0x7bf2aa78232fa87819111e7ac0e02bc469e573f77e9897b8d403bc1a02620124,0x0000000000000000000000000000000000000000,0xf10ed040f182511ef2179adea749920881a4eef9,3,r3tards,R3TARDS
67220770,1775833415,0x7bf2aa78232fa87819111e7ac0e02bc469e573f77e9897b8d403bc1a02620124,0x0000000000000000000000000000000000000000,0xf10ed040f182511ef2179adea749920881a4eef9,4,r3tards,R3TARDS
67220770,1775833415,0x7bf2aa78232fa87819111e7ac0e02bc469e573f77e9897b8d403bc1a02620124,0x0000000000000000000000000000000000000000,0xf10ed040f182511ef2179adea749920881a4eef9,5,r3tards,R3TARDS
67220770,1775833415,0x7bf2aa78232fa87819111e7ac0e02bc469e573f77e9897b8d403bc1a02620124,0x0000000000000000000000000000000000000000,0xf10ed040f182511ef2179adea749920881a4eef9,6,r3tards,R3TARDS
67220770,1775833415,0x7bf2aa78232fa87819111e7ac0e02bc469e573f77e9897b8d403bc1a02620124,0x0000000000000000000000000000000000000000,0xf10ed040f182511ef2179adea749920881a4eef9,7,r3tards,R3TARDS
67220770,1775833415,0x7bf2aa78232fa87819111e7ac0e02bc469e573f77e9897b8d403bc1a02620124,0x0000000000000000000000000000000000000000,0xf10ed040f182511ef2179adea749920881a4eef9,8,r3tards,R3TARDS
67220770,1775833415,0x7bf2aa78232fa87819111e7ac0e02bc469e573f77e9897b8d403bc1a02620124,0x0000000000000000000000000000000000000000,0xf10ed040f182511ef2179adea749920881a4eef9,9,r3tards,R3TARDS
67220770,1775833415,0x7bf2aa78232fa87819111e7ac0e02bc469e573f77e9897b8d403bc1a02620124,0x0000000000000000000000000000000000000000,0xf10ed040f182511ef2179adea749920881a4eef9,10,r3tards,R3TARDS
67220770,1775833415,0x7bf2aa78232fa87819111e7ac0e02bc469e573f77e9897b8d403bc1a02620124,0x0000000000000000000000000000000000000000,0xf10ed040f182511ef2179adea749920881a4eef9,11,r3tards,R3TARDS
67220770,1775833415,0x7bf2aa78232fa87819111e7ac0e02bc469e573f77e9897b8d403bc1a02620124,0x0000000000000000000000000000000000000000,0xf10ed040f182511ef2179adea749920881a4eef9,12,r3tards,R3TARDS
67220770,1775833415,0x7bf2aa78232fa87819111e7ac0e02bc469e573f77e9897b8d403bc1a02620124,0x0000000000000000000000000000000000000000,0xf10ed040f182511ef2179adea749920881a4eef9,13,r3tards,R3TARDS
67220770,1775833415,0x7bf2aa78232fa87819111e7ac0e02bc469e573f77e9897b8d403bc1a02620124,0x0000000000000000000000000000000000000000,0xf10ed040f182511ef2179adea749920881a4eef9,14,r3tards,R3TARDS
67220770,1775833415,0x7bf2aa78232fa87819111e7ac0e02bc469e573f77e9897b8d403bc1a02620124,0x0000000000000000000000000000000000000000,0xf10ed040f182511ef2179adea749920881a4eef9,15,r3tards,R3TARDS
67220770,1775833415,0x7bf2aa78232fa87819111e7ac0e02bc469e573f77e9897b8d403bc1a02620124,0x0000000000000000000000000000000000000000,0xf10ed040f182511ef2179adea749920881a4eef9,16,r3tards,R3TARDS
67220770,1775833415,0x7bf2aa78232fa87819111e7ac0e02bc469e573f77e9897b8d403bc1a02620124,0x0000000000000000000000000000000000000000,0xf10ed040f182511ef2179adea749920881a4eef9,17,r3tards,R3TARDS
67220770,1775833415,0x7bf2aa78232fa87819111e7ac0e02bc469e573f77e9897b8d403bc1a02620124,0x0000000000000000000000000000000000000000,0xf10ed040f182511ef2179adea749920881a4eef9,18,r3tards,R3TARDS
67220770,1775833415,0x7bf2aa78232fa87819111e7ac0e02bc469e573f77e9897b8d403bc1a02620124,0x0000000000000000000000000000000000000000,0xf10ed040f182511ef2179adea749920881a4eef9,19,r3tards,R3TARDS
67220770,1775833415,0x7bf2aa78232fa87819111e7ac0e02bc469e573f77e9897b8d403bc1a02620124,0x0000000000000000000000000000000000000000,0xf10ed040f182511ef2179adea749920881a4eef9,20,r3tards,R3TARDS
67220770,1775833415,0x7bf2aa78232fa87819111e7ac0e02bc469e573f77e9897b8d403bc1a02620124,0x0000000000000000000000000000000000000000,0xf10ed040f182511ef2179adea749920881a4eef9,21,r3tards,R3TARDS
67220770,1775833415,0x7bf2aa78232fa87819111e7ac0e02bc469e573f77e9897b8d403bc1a02620124,0x0000000000000000000000000000000000000000,0xf10ed040f182511ef2179adea749920881a4eef9,22,r3tards,R3TARDS
67220770,1775833415,0x7bf2aa78232fa87819111e7ac0e02bc469e573f77e9897b8d403bc1a02620124,0x0000000000000000000000000000000000000000,0xf10ed040f182511ef2179adea749920881a4eef9,23,r3tards,R3TARDS
67220770,1775833415,0x7bf2aa78232fa87819111e7ac0e02bc469e573f77e9897b8d403bc1a02620124,0x0000000000000000000000000000000000000000,0xf10ed040f182511ef2179adea749920881a4eef9,24,r3tards,R3TARDS
67220770,1775833415,0x7bf2aa78232fa87819111e7ac0e02bc469e573f77e9897b8d403bc1a02620124,0x0000000000000000000000000000000000000000,0xf10ed040f182511ef2179adea749920881a4eef9,25,r3tards,R3TARDS
67220770,1775833415,0x7bf2aa78232fa87819111e7ac0e02bc469e573f77e9897b8d403bc1a02620124,0x0000000000000000000000000000000000000000,0xf10ed040f182511ef2179adea749920881a4eef9,26,r3tards,R3TARDS
67220770,1775833415,0x7bf2aa78232fa87819111e7ac0e02bc469e573f77e9897b8d403bc1a02620124,0x0000000000000000000000000000000000000000,0xf10ed040f182511ef2179adea749920881a4eef9,27,r3tards,R3TARDS
67220770,1775833415,0x7bf2aa78232fa87819111e7ac0e02bc469e573f77e9897b8d403bc1a02620124,0x0000000000000000000000000000000000000000,0xf10ed040f182511ef2179adea749920881a4eef9,28,r3tards,R3TARDS
67220770,1775833415,0x7bf2aa78232fa87819111e7ac0e02bc469e573f77e9897b8d403bc1a02620124,0x0000000000000000000000000000000000000000,0xf10ed040f182511ef2179adea749920881a4eef9,29,r3tards,R3TARDS
67220770,1775833415,0x7bf2aa78232fa87819111e7ac0e02bc469e573f77e9897b8d403bc1a02620124,0x0000000000000000000000000000000000000000,0xf10ed040f182511ef2179adea749920881a4eef9,30,r3tards,R3TARDS
67220770,1775833415,0x7bf2aa78232fa87819111e7ac0e02bc469e573f77e9897b8d403bc1a02620124,0x0000000000000000000000000000000000000000,0xf10ed040f182511ef2179adea749920881a4eef9,31,r3tards,R3TARDS
67220770,1775833415,0x7bf2aa78232fa87819111e7ac0e02bc469e573f77e9897b8d403bc1a02620124,0x0000000000000000000000000000000000000000,0xf10ed040f182511ef2179adea749920881a4eef9,32,r3tards,R3TARDS
67220770,1775833415,0x7bf2aa78232fa87819111e7ac0e02bc469e573f77e9897b8d403bc1a02620124,0x0000000000000000000000000000000000000000,0xf10ed040f182511ef2179adea749920881a4eef9,33,r3tards,R3TARDS
67220770,1775833415,0x7bf2aa78232fa87819111e7ac0e02bc469e573f77e9897b8d403bc1a02620124,0x0000000000000000000000000000000000000000,0xf10ed040f182511ef2179adea749920881a4eef9,34,r3tards,R3TARDS
67220770,1775833415,0x7bf2aa78232fa87819111e7ac0e02bc469e573f77e9897b8d403bc1a02620124,0x0000000000000000000000000000000000000000,0xf10ed040f182511ef2179adea749920881a4eef9,35,r3tards,R3TARDS
67220770,1775833415,0x7bf2aa78232fa87819111e7ac0e02bc469e573f77e9897b8d403bc1a02620124,0x0000000000000000000000000000000000000000,0xf10ed040f182511ef2179adea749920881a4eef9,36,r3tards,R3TARDS
67220770,1775833415,0x7bf2aa78232fa87819111e7ac0e02bc469e573f77e9897b8d403bc1a02620124,0x0000000000000000000000000000000000000000,0xf10ed040f182511ef2179adea749920881a4eef9,37,r3tards,R3TARDS
67220770,1775833415,0x7bf2aa78232fa87819111e7ac0e02bc469e573f77e9897b8d403bc1a02620124,0x0000000000000000000000000000000000000000,0xf10ed040f182511ef2179adea749920881a4eef9,38,r3tards,R3TARDS
67220770,1775833415,0x7bf2aa78232fa87819111e7ac0e02bc469e573f77e9897b8d403bc1a02620124,0x0000000000000000000000000000000000000000,0xf10ed040f182511ef2179adea749920881a4eef9,39,r3tards,R3TARDS
67220770,1775833415,0x7bf2aa78232fa87819111e7ac0e02bc469e573f77e9897b8d403bc1a02620124,0x0000000000000000000000000000000000000000,0xf10ed040f182511ef2179adea749920881a4eef9,40,r3tards,R3TARDS
67220770,1775833415,0x7bf2aa78232fa87819111e7ac0e02bc469e573f77e9897b8d403bc1a02620124,0x0000000000000000000000000000000000000000,0xf10ed040f182511ef2179adea749920881a4eef9,41,r3tards,R3TARDS
67220770,1775833415,0x7bf2aa78232fa87819111e7ac0e02bc469e573f77e9897b8d403bc1a02620124,0x0000000000000000000000000000000000000000,0xf10ed040f182511ef2179adea749920881a4eef9,42,r3tards,R3TARDS
67220770,1775833415,0x7bf2aa78232fa87819111e7ac0e02bc469e573f77e9897b8d403bc1a02620124,0x0000000000000000000000000000000000000000,0xf10ed040f182511ef2179adea749920881a4eef9,43,r3tards,R3TARDS
67220770,1775833415,0x7bf2aa78232fa87819111e7ac0e02bc469e573f77e9897b8d403bc1a02620124,0x0000000000000000000000000000000000000000,0xf10ed040f182511ef2179adea749920881a4eef9,44,r3tards,R3TARDS
67220770,1775833415,0x7bf2aa78232fa87819111e7ac0e02bc469e573f77e9897b8d403bc1a02620124,0x0000000000000000000000000000000000000000,0xf10ed040f182511ef2179adea749920881a4eef9,45,r3tards,R3TARDS
67220770,1775833415,0x7bf2aa78232fa87819111e7ac0e02bc469e573f77e9897b8d403bc1a02620124,0x0000000000000000000000000000000000000000,0xf10ed040f182511ef2179adea749920881a4eef9,46,r3tards,R3TARDS
67220770,1775833415,0x7bf2aa78232fa87819111e7ac0e02bc469e573f77e9897b8d403bc1a02620124,0x0000000000000000000000000000000000000000,0xf10ed040f182511ef2179adea749920881a4eef9,47,r3tards,R3TARDS
67220770,1775833415,0x7bf2aa78232fa87819111e7ac0e02bc469e573f77e9897b8d403bc1a02620124,0x0000000000000000000000000000000000000000,0xf10ed040f182511ef2179adea749920881a4eef9,48,r3tards,R3TARDS
67220770,1775833415,0x7bf2aa78232fa87819111e7ac0e02bc469e573f77e9897b8d403bc1a02620124,0x0000000000000000000000000000000000000000,0xf10ed040f182511ef2179adea749920881a4eef9,49,r3tards,R3TARDS
67220770,1775833415,0x7bf2aa78232fa87819111e7ac0e02bc469e573f77e9897b8d403bc1a02620124,0x0000000000000000000000000000000000000000,0xf10ed040f182511ef2179adea749920881a4eef9,50,r3tards,R3TARDS
67220915,1775833473,0x8dc40cfcbc63b78c02c36d4e224023594054b99e49173613d1e0f3ba8e53ed2c,0x0000000000000000000000000000000000000000,0x40ea55e0b8f02f8ebc9d91e082e202ed988647fa,51,r3tards,R3TARDS
67220915,1775833473,0x8dc40cfcbc63b78c02c36d4e224023594054b99e49173613d1e0f3ba8e53ed2c,0x0000000000000000000000000000000000000000,0x40ea55e0b8f02f8ebc9d91e082e202ed988647fa,52,r3tards,R3TARDS
67220915,1775833473,0x8dc40cfcbc63b78c02c36d4e224023594054b99e49173613d1e0f3ba8e53ed2c,0x0000000000000000000000000000000000000000,0x40ea55e0b8f02f8ebc9d91e082e202ed988647fa,53,r3tards,R3TARDS
67220915,1775833473,0x8dc40cfcbc63b78c02c36d4e224023594054b99e49173613d1e0f3ba8e53ed2c,0x0000000000000000000000000000000000000000,0x40ea55e0b8f02f8ebc9d91e082e202ed988647fa,54,r3tards,R3TARDS
67220915,1775833473,0x8dc40cfcbc63b78c02c36d4e224023594054b99e49173613d1e0f3ba8e53ed2c,0x0000000000000000000000000000000000000000,0x40ea55e0b8f02f8ebc9d91e082e202ed988647fa,55,r3tards,R3TARDS
67220915,1775833473,0x8dc40cfcbc63b78c02c36d4e224023594054b99e49173613d1e0f3ba8e53ed2c,0x0000000000000000000000000000000000000000,0x40ea55e0b8f02f8ebc9d91e082e202ed988647fa,56,r3tards,R3TARDS
67220915,1775833473,0x8dc40cfcbc63b78c02c36d4e224023594054b99e49173613d1e0f3ba8e53ed2c,0x0000000000000000000000000000000000000000,0x40ea55e0b8f02f8ebc9d91e082e202ed988647fa,57,r3tards,R3TARDS
67220915,1775833473,0x8dc40cfcbc63b78c02c36d4e224023594054b99e49173613d1e0f3ba8e53ed2c,0x0000000000000000000000000000000000000000,0x40ea55e0b8f02f8ebc9d91e082e202ed988647fa,58,r3tards,R3TARDS
67220915,1775833473,0x8dc40cfcbc63b78c02c36d4e224023594054b99e49173613d1e0f3ba8e53ed2c,0x0000000000000000000000000000000000000000,0x40ea55e0b8f02f8ebc9d91e082e202ed988647fa,59,r3tards,R3TARDS
67220915,1775833473,0x8dc40cfcbc63b78c02c36d4e224023594054b99e49173613d1e0f3ba8e53ed2c,0x0000000000000000000000000000000000000000,0x40ea55e0b8f02f8ebc9d91e082e202ed988647fa,60,r3tards,R3TARDS
67220915,1775833473,0x8dc40cfcbc63b78c02c36d4e224023594054b99e49173613d1e0f3ba8e53ed2c,0x0000000000000000000000000000000000000000,0x40ea55e0b8f02f8ebc9d91e082e202ed988647fa,61,r3tards,R3TARDS
67220915,1775833473,0x8dc40cfcbc63b78c02c36d4e224023594054b99e49173613d1e0f3ba8e53ed2c,0x0000000000000000000000000000000000000000,0x40ea55e0b8f02f8ebc9d91e082e202ed988647fa,62,r3tards,R3TARDS
67220915,1775833473,0x8dc40cfcbc63b78c02c36d4e224023594054b99e49173613d1e0f3ba8e53ed2c,0x0000000000000000000000000000000000000000,0x40ea55e0b8f02f8ebc9d91e082e202ed988647fa,63,r3tards,R3TARDS
67220915,1775833473,0x8dc40cfcbc63b78c02c36d4e224023594054b99e49173613d1e0f3ba8e53ed2c,0x0000000000000000000000000000000000000000,0x40ea55e0b8f02f8ebc9d91e082e202ed988647fa,64,r3tards,R3TARDS
67220915,1775833473,0x8dc40cfcbc63b78c02c36d4e224023594054b99e49173613d1e0f3ba8e53ed2c,0x0000000000000000000000000000000000000000,0x40ea55e0b8f02f8ebc9d91e082e202ed988647fa,65,r3tards,R3TARDS
67220915,1775833473,0x8dc40cfcbc63b78c02c36d4e224023594054b99e49173613d1e0f3ba8e53ed2c,0x0000000000000000000000000000000000000000,0x40ea55e0b8f02f8ebc9d91e082e202ed988647fa,66,r3tards,R3TARDS
67220915,1775833473,0x8dc40cfcbc63b78c02c36d4e224023594054b99e49173613d1e0f3ba8e53ed2c,0x0000000000000000000000000000000000000000,0x40ea55e0b8f02f8ebc9d91e082e202ed988647fa,67,r3tards,R3TARDS
67220915,1775833473,0x8dc40cfcbc63b78c02c36d4e224023594054b99e49173613d1e0f3ba8e53ed2c,0x0000000000000000000000000000000000000000,0x40ea55e0b8f02f8ebc9d91e082e202ed988647fa,68,r3tards,R3TARDS
67220915,1775833473,0x8dc40cfcbc63b78c02c36d4e224023594054b99e49173613d1e0f3ba8e53ed2c,0x0000000000000000000000000000000000000000,0x40ea55e0b8f02f8ebc9d91e082e202ed988647fa,69,r3tards,R3TARDS
67220915,1775833473,0x8dc40cfcbc63b78c02c36d4e224023594054b99e49173613d1e0f3ba8e53ed2c,0x0000000000000000000000000000000000000000,0x40ea55e0b8f02f8ebc9d91e082e202ed988647fa,70,r3tards,R3TARDS
67220915,1775833473,0x8dc40cfcbc63b78c02c36d4e224023594054b99e49173613d1e0f3ba8e53ed2c,0x0000000000000000000000000000000000000000,0x40ea55e0b8f02f8ebc9d91e082e202ed988647fa,71,r3tards,R3TARDS
67220915,1775833473,0x8dc40cfcbc63b78c02c36d4e224023594054b99e49173613d1e0f3ba8e53ed2c,0x0000000000000000000000000000000000000000,0x40ea55e0b8f02f8ebc9d91e082e202ed988647fa,72,r3tards,R3TARDS
67220915,1775833473,0x8dc40cfcbc63b78c02c36d4e224023594054b99e49173613d1e0f3ba8e53ed2c,0x0000000000000000000000000000000000000000,0x40ea55e0b8f02f8ebc9d91e082e202ed988647fa,73,r3tards,R3TARDS
67220915,1775833473,0x8dc40cfcbc63b78c02c36d4e224023594054b99e49173613d1e0f3ba8e53ed2c,0x0000000000000000000000000000000000000000,0x40ea55e0b8f02f8ebc9d91e082e202ed988647fa,74,r3tards,R3TARDS
67220915,1775833473,0x8dc40cfcbc63b78c02c36d4e224023594054b99e49173613d1e0f3ba8e53ed2c,0x0000000000000000000000000000000000000000,0x40ea55e0b8f02f8ebc9d91e082e202ed988647fa,75,r3tards,R3TARDS
67220915,1775833473,0x8dc40cfcbc63b78c02c36d4e224023594054b99e49173613d1e0f3ba8e53ed2c,0x0000000000000000000000000000000000000000,0x40ea55e0b8f02f8ebc9d91e082e202ed988647fa,76,r3tards,R3TARDS
67220915,1775833473,0x8dc40cfcbc63b78c02c36d4e224023594054b99e49173613d1e0f3ba8e53ed2c,0x0000000000000000000000000000000000000000,0x40ea55e0b8f02f8ebc9d91e082e202ed988647fa,77,r3tards,R3TARDS
67220915,1775833473,0x8dc40cfcbc63b78c02c36d4e224023594054b99e49173613d1e0f3ba8e53ed2c,0x0000000000000000000000000000000000000000,0x40ea55e0b8f02f8ebc9d91e082e202ed988647fa,78,r3tards,R3TARDS
67220915,1775833473,0x8dc40cfcbc63b78c02c36d4e224023594054b99e49173613d1e0f3ba8e53ed2c,0x0000000000000000000000000000000000000000,0x40ea55e0b8f02f8ebc9d91e082e202ed988647fa,79,r3tards,R3TARDS
67220915,1775833473,0x8dc40cfcbc63b78c02c36d4e224023594054b99e49173613d1e0f3ba8e53ed2c,0x0000000000000000000000000000000000000000,0x40ea55e0b8f02f8ebc9d91e082e202ed988647fa,80,r3tards,R3TARDS
67220915,1775833473,0x8dc40cfcbc63b78c02c36d4e224023594054b99e49173613d1e0f3ba8e53ed2c,0x0000000000000000000000000000000000000000,0x40ea55e0b8f02f8ebc9d91e082e202ed988647fa,81,r3tards,R3TARDS
67220915,1775833473,0x8dc40cfcbc63b78c02c36d4e224023594054b99e49173613d1e0f3ba8e53ed2c,0x0000000000000000000000000000000000000000,0x40ea55e0b8f02f8ebc9d91e082e202ed988647fa,82,r3tards,R3TARDS
67220915,1775833473,0x8dc40cfcbc63b78c02c36d4e224023594054b99e49173613d1e0f3ba8e53ed2c,0x0000000000000000000000000000000000000000,0x40ea55e0b8f02f8ebc9d91e082e202ed988647fa,83,r3tards,R3TARDS
67220915,1775833473,0x8dc40cfcbc63b78c02c36d4e224023594054b99e49173613d1e0f3ba8e53ed2c,0x0000000000000000000000000000000000000000,0x40ea55e0b8f02f8ebc9d91e082e202ed988647fa,84,r3tards,R3TARDS
67221023,1775833516,0x95336ef9cabac79932c40371a24497a1e605066d45c0006aa98e113333a0b729,0x0000000000000000000000000000000000000000,0xdfc19dd5f80048df12d7a71cb01226f8ce24a954,85,r3tards,R3TARDS
67221023,1775833516,0x95336ef9cabac79932c40371a24497a1e605066d45c0006aa98e113333a0b729,0x0000000000000000000000000000000000000000,0xdfc19dd5f80048df12d7a71cb01226f8ce24a954,86,r3tards,R3TARDS
67221023,1775833516,0x95336ef9cabac79932c40371a24497a1e605066d45c0006aa98e113333a0b729,0x0000000000000000000000000000000000000000,0xdfc19dd5f80048df12d7a71cb01226f8ce24a954,87,r3tards,R3TARDS
67221023,1775833516,0x95336ef9cabac79932c40371a24497a1e605066d45c0006aa98e113333a0b729,0x0000000000000000000000000000000000000000,0xdfc19dd5f80048df12d7a71cb01226f8ce24a954,88,r3tards,R3TARDS
67221023,1775833516,0x95336ef9cabac79932c40371a24497a1e605066d45c0006aa98e113333a0b729,0x0000000000000000000000000000000000000000,0xdfc19dd5f80048df12d7a71cb01226f8ce24a954,89,r3tards,R3TARDS
67221023,1775833516,0x95336ef9cabac79932c40371a24497a1e605066d45c0006aa98e113333a0b729,0x0000000000000000000000000000000000000000,0xdfc19dd5f80048df12d7a71cb01226f8ce24a954,90,r3tards,R3TARDS
67221023,1775833516,0x95336ef9cabac79932c40371a24497a1e605066d45c0006aa98e113333a0b729,0x0000000000000000000000000000000000000000,0xdfc19dd5f80048df12d7a71cb01226f8ce24a954,91,r3tards,R3TARDS
67221023,1775833516,0x95336ef9cabac79932c40371a24497a1e605066d45c0006aa98e113333a0b729,0x0000000000000000000000000000000000000000,0xdfc19dd5f80048df12d7a71cb01226f8ce24a954,92,r3tards,R3TARDS
67221023,1775833516,0x95336ef9cabac79932c40371a24497a1e605066d45c0006aa98e113333a0b729,0x0000000000000000000000000000000000000000,0xdfc19dd5f80048df12d7a71cb01226f8ce24a954,93,r3tards,R3TARDS
67221023,1775833516,0x95336ef9cabac79932c40371a24497a1e605066d45c0006aa98e113333a0b729,0x0000000000000000000000000000000000000000,0xdfc19dd5f80048df12d7a71cb01226f8ce24a954,94,r3tards,R3TARDS
67221023,1775833516,0x95336ef9cabac79932c40371a24497a1e605066d45c0006aa98e113333a0b729,0x0000000000000000000000000000000000000000,0xdfc19dd5f80048df12d7a71cb01226f8ce24a954,95,r3tards,R3TARDS
67221023,1775833516,0x95336ef9cabac79932c40371a24497a1e605066d45c0006aa98e113333a0b729,0x0000000000000000000000000000000000000000,0xdfc19dd5f80048df12d7a71cb01226f8ce24a954,96,r3tards,R3TARDS
67221023,1775833516,0x95336ef9cabac79932c40371a24497a1e605066d45c0006aa98e113333a0b729,0x0000000000000000000000000000000000000000,0xdfc19dd5f80048df12d7a71cb01226f8ce24a954,97,r3tards,R3TARDS
67221023,1775833516,0x95336ef9cabac79932c40371a24497a1e605066d45c0006aa98e113333a0b729,0x0000000000000000000000000000000000000000,0xdfc19dd5f80048df12d7a71cb01226f8ce24a954,98,r3tards,R3TARDS
67221023,1775833516,0x95336ef9cabac79932c40371a24497a1e605066d45c0006aa98e113333a0b729,0x0000000000000000000000000000000000000000,0xdfc19dd5f80048df12d7a71cb01226f8ce24a954,99,r3tards,R3TARDS
67221023,1775833516,0x95336ef9cabac79932c40371a24497a1e605066d45c0006aa98e113333a0b729,0x0000000000000000000000000000000000000000,0xdfc19dd5f80048df12d7a71cb01226f8ce24a954,100,r3tards,R3TARDS
67221023,1775833516,0x95336ef9cabac79932c40371a24497a1e605066d45c0006aa98e113333a0b729,0x0000000000000000000000000000000000000000,0xdfc19dd5f80048df12d7a71cb01226f8ce24a954,101,r3tards,R3TARDS
67221023,1775833516,0x95336ef9cabac79932c40371a24497a1e605066d45c0006aa98e113333a0b729,0x0000000000000000000000000000000000000000,0xdfc19dd5f80048df12d7a71cb01226f8ce24a954,102,r3tards,R3TARDS
67221023,1775833516,0x95336ef9cabac79932c40371a24497a1e605066d45c0006aa98e113333a0b729,0x0000000000000000000000000000000000000000,0xdfc19dd5f80048df12d7a71cb01226f8ce24a954,103,r3tards,R3TARDS
67221023,1775833516,0x95336ef9cabac79932c40371a24497a1e605066d45c0006aa98e113333a0b729,0x0000000000000000000000000000000000000000,0xdfc19dd5f80048df12d7a71cb01226f8ce24a954,104,r3tards,R3TARDS
67221023,1775833516,0x95336ef9cabac79932c40371a24497a1e605066d45c0006aa98e113333a0b729,0x0000000000000000000000000000000000000000,0xdfc19dd5f80048df12d7a71cb01226f8ce24a954,105,r3tards,R3TARDS
67221023,1775833516,0x95336ef9cabac79932c40371a24497a1e605066d45c0006aa98e113333a0b729,0x0000000000000000000000000000000000000000,0xdfc19dd5f80048df12d7a71cb01226f8ce24a954,106,r3tards,R3TARDS
67221023,1775833516,0x95336ef9cabac79932c40371a24497a1e605066d45c0006aa98e113333a0b729,0x0000000000000000000000000000000000000000,0xdfc19dd5f80048df12d7a71cb01226f8ce24a954,107,r3tards,R3TARDS
67221023,1775833516,0x95336ef9cabac79932c40371a24497a1e605066d45c0006aa98e113333a0b729,0x0000000000000000000000000000000000000000,0xdfc19dd5f80048df12d7a71cb01226f8ce24a954,108,r3tards,R3TARDS
67221023,1775833516,0x95336ef9cabac79932c40371a24497a1e605066d45c0006aa98e113333a0b729,0x0000000000000000000000000000000000000000,0xdfc19dd5f80048df12d7a71cb01226f8ce24a954,109,r3tards,R3TARDS
67221023,1775833516,0x95336ef9cabac79932c40371a24497a1e605066d45c0006aa98e113333a0b729,0x0000000000000000000000000000000000000000,0xdfc19dd5f80048df12d7a71cb01226f8ce24a954,110,r3tards,R3TARDS
67221023,1775833516,0x95336ef9cabac79932c40371a24497a1e605066d45c0006aa98e113333a0b729,0x0000000000000000000000000000000000000000,0xdfc19dd5f80048df12d7a71cb01226f8ce24a954,111,r3tards,R3TARDS
67221023,1775833516,0x95336ef9cabac79932c40371a24497a1e605066d45c0006aa98e113333a0b729,0x0000000000000000000000000000000000000000,0xdfc19dd5f80048df12d7a71cb01226f8ce24a954,112,r3tards,R3TARDS
67221023,1775833516,0x95336ef9cabac79932c40371a24497a1e605066d45c0006aa98e113333a0b729,0x0000000000000000000000000000000000000000,0xdfc19dd5f80048df12d7a71cb01226f8ce24a954,113,r3tards,R3TARDS
67221023,1775833516,0x95336ef9cabac79932c40371a24497a1e605066d45c0006aa98e113333a0b729,0x0000000000000000000000000000000000000000,0xdfc19dd5f80048df12d7a71cb01226f8ce24a954,114,r3tards,R3TARDS
67221023,1775833516,0x95336ef9cabac79932c40371a24497a1e605066d45c0006aa98e113333a0b729,0x0000000000000000000000000000000000000000,0xdfc19dd5f80048df12d7a71cb01226f8ce24a954,115,r3tards,R3TARDS
67221023,1775833516,0x95336ef9cabac79932c40371a24497a1e605066d45c0006aa98e113333a0b729,0x0000000000000000000000000000000000000000,0xdfc19dd5f80048df12d7a71cb01226f8ce24a954,116,r3tards,R3TARDS
67221023,1775833516,0x95336ef9cabac79932c40371a24497a1e605066d45c0006aa98e113333a0b729,0x0000000000000000000000000000000000000000,0xdfc19dd5f80048df12d7a71cb01226f8ce24a954,117,r3tards,R3TARDS
67221023,1775833516,0x95336ef9cabac79932c40371a24497a1e605066d45c0006aa98e113333a0b729,0x0000000000000000000000000000000000000000,0xdfc19dd5f80048df12d7a71cb01226f8ce24a954,118,r3tards,R3TARDS
67221200,1775833587,0x781ea89d85839a995c27830ce3effe55d0fe5f6dbfb187572b21d126babb89a0,0x0000000000000000000000000000000000000000,0x18d5346216315667c51d69f346e3c768136f8018,119,r3tards,R3TARDS
67221200,1775833587,0x781ea89d85839a995c27830ce3effe55d0fe5f6dbfb187572b21d126babb89a0,0x0000000000000000000000000000000000000000,0x18d5346216315667c51d69f346e3c768136f8018,120,r3tards,R3TARDS
67221200,1775833587,0x781ea89d85839a995c27830ce3effe55d0fe5f6dbfb187572b21d126babb89a0,0x0000000000000000000000000000000000000000,0x18d5346216315667c51d69f346e3c768136f8018,121,r3tards,R3TARDS
67221200,1775833587,0x781ea89d85839a995c27830ce3effe55d0fe5f6dbfb187572b21d126babb89a0,0x0000000000000000000000000000000000000000,0x18d5346216315667c51d69f346e3c768136f8018,122,r3tards,R3TARDS
67221200,1775833587,0x781ea89d85839a995c27830ce3effe55d0fe5f6dbfb187572b21d126babb89a0,0x0000000000000000000000000000000000000000,0x18d5346216315667c51d69f346e3c768136f8018,123,r3tards,R3TARDS
67221200,1775833587,0x781ea89d85839a995c27830ce3effe55d0fe5f6dbfb187572b21d126babb89a0,0x0000000000000000000000000000000000000000,0x18d5346216315667c51d69f346e3c768136f8018,124,r3tards,R3TARDS
67221200,1775833587,0x781ea89d85839a995c27830ce3effe55d0fe5f6dbfb187572b21d126babb89a0,0x0000000000000000000000000000000000000000,0x18d5346216315667c51d69f346e3c768136f8018,125,r3tards,R3TARDS
67221200,1775833587,0x781ea89d85839a995c27830ce3effe55d0fe5f6dbfb187572b21d126babb89a0,0x0000000000000000000000000000000000000000,0x18d5346216315667c51d69f346e3c768136f8018,126,r3tards,R3TARDS
67221200,1775833587,0x781ea89d85839a995c27830ce3effe55d0fe5f6dbfb187572b21d126babb89a0,0x0000000000000000000000000000000000000000,0x18d5346216315667c51d69f346e3c768136f8018,127,r3tards,R3TARDS
67221200,1775833587,0x781ea89d85839a995c27830ce3effe55d0fe5f6dbfb187572b21d126babb89a0,0x0000000000000000000000000000000000000000,0x18d5346216315667c51d69f346e3c768136f8018,128,r3tards,R3TARDS
67221200,1775833587,0x781ea89d85839a995c27830ce3effe55d0fe5f6dbfb187572b21d126babb89a0,0x0000000000000000000000000000000000000000,0x18d5346216315667c51d69f346e3c768136f8018,129,r3tards,R3TARDS
67221200,1775833587,0x781ea89d85839a995c27830ce3effe55d0fe5f6dbfb187572b21d126babb89a0,0x0000000000000000000000000000000000000000,0x18d5346216315667c51d69f346e3c768136f8018,130,r3tards,R3TARDS
67221200,1775833587,0x781ea89d85839a995c27830ce3effe55d0fe5f6dbfb187572b21d126babb89a0,0x0000000000000000000000000000000000000000,0x18d5346216315667c51d69f346e3c768136f8018,131,r3tards,R3TARDS
67221200,1775833587,0x781ea89d85839a995c27830ce3effe55d0fe5f6dbfb187572b21d126babb89a0,0x0000000000000000000000000000000000000000,0x18d5346216315667c51d69f346e3c768136f8018,132,r3tards,R3TARDS
67221200,1775833587,0x781ea89d85839a995c27830ce3effe55d0fe5f6dbfb187572b21d126babb89a0,0x0000000000000000000000000000000000000000,0x18d5346216315667c51d69f346e3c768136f8018,133,r3tards,R3TARDS
67221200,1775833587,0x781ea89d85839a995c27830ce3effe55d0fe5f6dbfb187572b21d126babb89a0,0x0000000000000000000000000000000000000000,0x18d5346216315667c51d69f346e3c768136f8018,134,r3tards,R3TARDS
67221200,1775833587,0x781ea89d85839a995c27830ce3effe55d0fe5f6dbfb187572b21d126babb89a0,0x0000000000000000000000000000000000000000,0x18d5346216315667c51d69f346e3c768136f8018,135,r3tards,R3TARDS
67221200,1775833587,0x781ea89d85839a995c27830ce3effe55d0fe5f6dbfb187572b21d126babb89a0,0x0000000000000000000000000000000000000000,0x18d5346216315667c51d69f346e3c768136f8018,136,r3tards,R3TARDS
67221200,1775833587,0x781ea89d85839a995c27830ce3effe55d0fe5f6dbfb187572b21d126babb89a0,0x0000000000000000000000000000000000000000,0x18d5346216315667c51d69f346e3c768136f8018,137,r3tards,R3TARDS
67221200,1775833587,0x781ea89d85839a995c27830ce3effe55d0fe5f6dbfb187572b21d126babb89a0,0x0000000000000000000000000000000000000000,0x18d5346216315667c51d69f346e3c768136f8018,138,r3tards,R3TARDS
67221200,1775833587,0x781ea89d85839a995c27830ce3effe55d0fe5f6dbfb187572b21d126babb89a0,0x0000000000000000000000000000000000000000,0x18d5346216315667c51d69f346e3c768136f8018,139,r3tards,R3TARDS
67221200,1775833587,0x781ea89d85839a995c27830ce3effe55d0fe5f6dbfb187572b21d126babb89a0,0x0000000000000000000000000000000000000000,0x18d5346216315667c51d69f346e3c768136f8018,140,r3tards,R3TARDS
67221200,1775833587,0x781ea89d85839a995c27830ce3effe55d0fe5f6dbfb187572b21d126babb89a0,0x0000000000000000000000000000000000000000,0x18d5346216315667c51d69f346e3c768136f8018,141,r3tards,R3TARDS
67221200,1775833587,0x781ea89d85839a995c27830ce3effe55d0fe5f6dbfb187572b21d126babb89a0,0x0000000000000000000000000000000000000000,0x18d5346216315667c51d69f346e3c768136f8018,142,r3tards,R3TARDS
67221200,1775833587,0x781ea89d85839a995c27830ce3effe55d0fe5f6dbfb187572b21d126babb89a0,0x0000000000000000000000000000000000000000,0x18d5346216315667c51d69f346e3c768136f8018,143,r3tards,R3TARDS
67221200,1775833587,0x781ea89d85839a995c27830ce3effe55d0fe5f6dbfb187572b21d126babb89a0,0x0000000000000000000000000000000000000000,0x18d5346216315667c51d69f346e3c768136f8018,144,r3tards,R3TARDS
67221200,1775833587,0x781ea89d85839a995c27830ce3effe55d0fe5f6dbfb187572b21d126babb89a0,0x0000000000000000000000000000000000000000,0x18d5346216315667c51d69f346e3c768136f8018,145,r3tards,R3TARDS
67221200,1775833587,0x781ea89d85839a995c27830ce3effe55d0fe5f6dbfb187572b21d126babb89a0,0x0000000000000000000000000000000000000000,0x18d5346216315667c51d69f346e3c768136f8018,146,r3tards,R3TARDS
67221200,1775833587,0x781ea89d85839a995c27830ce3effe55d0fe5f6dbfb187572b21d126babb89a0,0x0000000000000000000000000000000000000000,0x18d5346216315667c51d69f346e3c768136f8018,147,r3tards,R3TARDS
67221200,1775833587,0x781ea89d85839a995c27830ce3effe55d0fe5f6dbfb187572b21d126babb89a0,0x0000000000000000000000000000000000000000,0x18d5346216315667c51d69f346e3c768136f8018,148,r3tards,R3TARDS
67221200,1775833587,0x781ea89d85839a995c27830ce3effe55d0fe5f6dbfb187572b21d126babb89a0,0x0000000000000000000000000000000000000000,0x18d5346216315667c51d69f346e3c768136f8018,149,r3tards,R3TARDS
67221200,1775833587,0x781ea89d85839a995c27830ce3effe55d0fe5f6dbfb187572b21d126babb89a0,0x0000000000000000000000000000000000000000,0x18d5346216315667c51d69f346e3c768136f8018,150,r3tards,R3TARDS
67221200,1775833587,0x781ea89d85839a995c27830ce3effe55d0fe5f6dbfb187572b21d126babb89a0,0x0000000000000000000000000000000000000000,0x18d5346216315667c51d69f346e3c768136f8018,151,r3tards,R3TARDS
67221200,1775833587,0x781ea89d85839a995c27830ce3effe55d0fe5f6dbfb187572b21d126babb89a0,0x0000000000000000000000000000000000000000,0x18d5346216315667c51d69f346e3c768136f8018,152,r3tards,R3TARDS
67221200,1775833587,0x781ea89d85839a995c27830ce3effe55d0fe5f6dbfb187572b21d126babb89a0,0x0000000000000000000000000000000000000000,0x18d5346216315667c51d69f346e3c768136f8018,153,r3tards,R3TARDS
67221200,1775833587,0x781ea89d85839a995c27830ce3effe55d0fe5f6dbfb187572b21d126babb89a0,0x0000000000000000000000000000000000000000,0x18d5346216315667c51d69f346e3c768136f8018,154,r3tards,R3TARDS
67221200,1775833587,0x781ea89d85839a995c27830ce3effe55d0fe5f6dbfb187572b21d126babb89a0,0x0000000000000000000000000000000000000000,0x18d5346216315667c51d69f346e3c768136f8018,155,r3tards,R3TARDS
67221200,1775833587,0x781ea89d85839a995c27830ce3effe55d0fe5f6dbfb187572b21d126babb89a0,0x0000000000000000000000000000000000000000,0x18d5346216315667c51d69f346e3c768136f8018,156,r3tards,R3TARDS
67221200,1775833587,0x781ea89d85839a995c27830ce3effe55d0fe5f6dbfb187572b21d126babb89a0,0x0000000000000000000000000000000000000000,0x18d5346216315667c51d69f346e3c768136f8018,157,r3tards,R3TARDS
67221200,1775833587,0x781ea89d85839a995c27830ce3effe55d0fe5f6dbfb187572b21d126babb89a0,0x0000000000000000000000000000000000000000,0x18d5346216315667c51d69f346e3c768136f8018,158,r3tards,R3TARDS
67221200,1775833587,0x781ea89d85839a995c27830ce3effe55d0fe5f6dbfb187572b21d126babb89a0,0x0000000000000000000000000000000000000000,0x18d5346216315667c51d69f346e3c768136f8018,159,r3tards,R3TARDS
67221200,1775833587,0x781ea89d85839a995c27830ce3effe55d0fe5f6dbfb187572b21d126babb89a0,0x0000000000000000000000000000000000000000,0x18d5346216315667c51d69f346e3c768136f8018,160,r3tards,R3TARDS
67221200,1775833587,0x781ea89d85839a995c27830ce3effe55d0fe5f6dbfb187572b21d126babb89a0,0x0000000000000000000000000000000000000000,0x18d5346216315667c51d69f346e3c768136f8018,161,r3tards,R3TARDS
67221200,1775833587,0x781ea89d85839a995c27830ce3effe55d0fe5f6dbfb187572b21d126babb89a0,0x0000000000000000000000000000000000000000,0x18d5346216315667c51d69f346e3c768136f8018,162,r3tards,R3TARDS
67221200,1775833587,0x781ea89d85839a995c27830ce3effe55d0fe5f6dbfb187572b21d126babb89a0,0x0000000000000000000000000000000000000000,0x18d5346216315667c51d69f346e3c768136f8018,163,r3tards,R3TARDS
67221200,1775833587,0x781ea89d85839a995c27830ce3effe55d0fe5f6dbfb187572b21d126babb89a0,0x0000000000000000000000000000000000000000,0x18d5346216315667c51d69f346e3c768136f8018,164,r3tards,R3TARDS
67221200,1775833587,0x781ea89d85839a995c27830ce3effe55d0fe5f6dbfb187572b21d126babb89a0,0x0000000000000000000000000000000000000000,0x18d5346216315667c51d69f346e3c768136f8018,165,r3tards,R3TARDS
67221200,1775833587,0x781ea89d85839a995c27830ce3effe55d0fe5f6dbfb187572b21d126babb89a0,0x0000000000000000000000000000000000000000,0x18d5346216315667c51d69f346e3c768136f8018,166,r3tards,R3TARDS
67221200,1775833587,0x781ea89d85839a995c27830ce3effe55d0fe5f6dbfb187572b21d126babb89a0,0x0000000000000000000000000000000000000000,0x18d5346216315667c51d69f346e3c768136f8018,167,r3tards,R3TARDS
67221200,1775833587,0x781ea89d85839a995c27830ce3effe55d0fe5f6dbfb187572b21d126babb89a0,0x0000000000000000000000000000000000000000,0x18d5346216315667c51d69f346e3c768136f8018,168,r3tards,R3TARDS
67225191,1775835185,0x61e80af1cfd9bf90ddd8d6e5e8990e95986dc03a96ccf6263a3ddd2bb13674e3,0x0000000000000000000000000000000000000000,0x6e65f8a0d5637ee77c9cc0bb058bd2a1b09bb2c4,169,r3tards,R3TARDS
67225193,1775835186,0xf0637b8ec0ce4978c94cc169a97ce434895a6ce86badb0a77d54764cc4909545,0x0000000000000000000000000000000000000000,0x2eaf07b7eec52076535d301fd889afd6fa92e45b,170,r3tards,R3TARDS
67225193,1775835186,0xf0637b8ec0ce4978c94cc169a97ce434895a6ce86badb0a77d54764cc4909545,0x0000000000000000000000000000000000000000,0x2eaf07b7eec52076535d301fd889afd6fa92e45b,171,r3tards,R3TARDS
67225194,1775835186,0x91580d031de749e75c4d89453e7c80e273a41846be9a3e37da92b45b3d0575f7,0x0000000000000000000000000000000000000000,0xddb58949c4d9ec970c1fa21c42bb3fc23fee7c97,172,r3tards,R3TARDS
67225194,1775835186,0x4f657544bee3b0ea5fbaf752bbc855305ffa682cef99aa5bb24409a73ddc6e66,0x0000000000000000000000000000000000000000,0x606ed751a34dc832eaabbe4960748a7f6c14317c,173,r3tards,R3TARDS
67225194,1775835186,0x217b7ac5bd4e593d9ffe20b2faba42b3498bf093d917e2399c5b6dfd620f4bbd,0x0000000000000000000000000000000000000000,0x9ce360b49c71a04c2eff87a683a8a490dee64339,174,r3tards,R3TARDS
67225195,1775835187,0xe25ccd042736f09287402c73b282938ce6d183f5e2bf75c646cecc79cf5aabdc,0x0000000000000000000000000000000000000000,0x2c413cdef230dfa63db44e573e1cab18795a5d6d,175,r3tards,R3TARDS
67225195,1775835187,0xe25ccd042736f09287402c73b282938ce6d183f5e2bf75c646cecc79cf5aabdc,0x0000000000000000000000000000000000000000,0x2c413cdef230dfa63db44e573e1cab18795a5d6d,176,r3tards,R3TARDS
67225196,1775835187,0x1ef04f4f9177600dd361f72da16e684ae3d69f9d09f58cf90c2be4ad475f34dd,0x0000000000000000000000000000000000000000,0xfb70141988148f274df2ecb55007af17ccab23b2,177,r3tards,R3TARDS
67225196,1775835187,0x4175fadb0915469db151a24d38abfe3be1d8846ba6650c5997b94b673729ac29,0x0000000000000000000000000000000000000000,0xee7a7d85336aa5f6da385de1547c7381719d9d08,178,r3tards,R3TARDS
67225197,1775835187,0x921d252b3556110a3eb96f6b010ff6c077dde7918f2ec9c5279ef48dbeb21f72,0x0000000000000000000000000000000000000000,0x72b293417c86d21493f9a7b487eac2145fc08286,179,r3tards,R3TARDS
67225197,1775835187,0x921d252b3556110a3eb96f6b010ff6c077dde7918f2ec9c5279ef48dbeb21f72,0x0000000000000000000000000000000000000000,0x72b293417c86d21493f9a7b487eac2145fc08286,180,r3tards,R3TARDS
67225197,1775835187,0xd8125ccfa0cd8e34b55126d77a527abcab8343500711909ac1f7df5a7646276a,0x0000000000000000000000000000000000000000,0xabe377b1797e4981b6a2f79d320f2ad383bacba4,181,r3tards,R3TARDS
67225197,1775835187,0x10f4700604879c35451b191d2a651eea6b54b9b1081e580f08931e4f20cb79e7,0x0000000000000000000000000000000000000000,0x2c7956fb5fa79ba7db5ad2f3b1c36ef79e9338b9,182,r3tards,R3TARDS
67225197,1775835187,0x10f4700604879c35451b191d2a651eea6b54b9b1081e580f08931e4f20cb79e7,0x0000000000000000000000000000000000000000,0x2c7956fb5fa79ba7db5ad2f3b1c36ef79e9338b9,183,r3tards,R3TARDS
67225197,1775835187,0x78c51ab9c2ed6fe328a481ea807ba34cefe115da762a7082fd9b5944e3525d50,0x0000000000000000000000000000000000000000,0xcac4f9d03002e095df3cabfe625e93bbb7260363,184,r3tards,R3TARDS
67225197,1775835187,0x78c51ab9c2ed6fe328a481ea807ba34cefe115da762a7082fd9b5944e3525d50,0x0000000000000000000000000000000000000000,0xcac4f9d03002e095df3cabfe625e93bbb7260363,185,r3tards,R3TARDS
67225197,1775835187,0x036f5981afd241c414ae2114d8aa43843d0dee614c23f5f05fc93fcb7a3e95f9,0x0000000000000000000000000000000000000000,0x39786c76037037fa6ad759780e501b65fc8b5b66,186,r3tards,R3TARDS
67225197,1775835187,0x43c500dfd0449f5a0bfc1e6884ba75d52838ba02e9b2b52fff2f214ac186c3ce,0x0000000000000000000000000000000000000000,0xfc14e33c67ff7ea994c5d4e00e1d25f2d170f95a,187,r3tards,R3TARDS
67225197,1775835187,0x43c500dfd0449f5a0bfc1e6884ba75d52838ba02e9b2b52fff2f214ac186c3ce,0x0000000000000000000000000000000000000000,0xfc14e33c67ff7ea994c5d4e00e1d25f2d170f95a,188,r3tards,R3TARDS
67225197,1775835187,0x3f8210bb74bada2f10304f0a450fb58351cf451bcdbdc1ed38a0fbe184133662,0x0000000000000000000000000000000000000000,0x08a30a4b52ac4c427500951c0d2b1ad795df6f0a,189,r3tards,R3TARDS
67225198,1775835188,0xb6e48e17ae65a4ba9e6bd57f6e28159d3a497e8de9688a1759d71122437b1570,0x0000000000000000000000000000000000000000,0xda11c7475da3d28bc7f041851e640ff88d00e9b5,190,r3tards,R3TARDS
67225198,1775835188,0xb6e48e17ae65a4ba9e6bd57f6e28159d3a497e8de9688a1759d71122437b1570,0x0000000000000000000000000000000000000000,0xda11c7475da3d28bc7f041851e640ff88d00e9b5,191,r3tards,R3TARDS
67225198,1775835188,0xa342673cd68f47753753eb1792351bfe81665c4b19496d3d122e86fc101adae6,0x0000000000000000000000000000000000000000,0x37010cd3c9e6495be815b256c136f66f2883bc95,192,r3tards,R3TARDS
67225198,1775835188,0xa342673cd68f47753753eb1792351bfe81665c4b19496d3d122e86fc101adae6,0x0000000000000000000000000000000000000000,0x37010cd3c9e6495be815b256c136f66f2883bc95,193,r3tards,R3TARDS
67225198,1775835188,0xa342673cd68f47753753eb1792351bfe81665c4b19496d3d122e86fc101adae6,0x0000000000000000000000000000000000000000,0x37010cd3c9e6495be815b256c136f66f2883bc95,194,r3tards,R3TARDS
67225198,1775835188,0x65ecdf0b16a0a557882949caa36c82702aa0fa44ebacdabe003361b860537c61,0x0000000000000000000000000000000000000000,0xe6d7d39bb941a6d677d7927d2a4ef23e97546617,195,r3tards,R3TARDS
67225198,1775835188,0x65ecdf0b16a0a557882949caa36c82702aa0fa44ebacdabe003361b860537c61,0x0000000000000000000000000000000000000000,0xe6d7d39bb941a6d677d7927d2a4ef23e97546617,196,r3tards,R3TARDS
67225198,1775835188,0x65ecdf0b16a0a557882949caa36c82702aa0fa44ebacdabe003361b860537c61,0x0000000000000000000000000000000000000000,0xe6d7d39bb941a6d677d7927d2a4ef23e97546617,197,r3tards,R3TARDS
67225198,1775835188,0x4a54b903ecb4a3ad2059c57f52efd864921bfa2413af8ec572108b41e7911aa3,0x0000000000000000000000000000000000000000,0x1c27900fce5b1fbe7ef9a413d5b554aea9d37ab4,198,r3tards,R3TARDS
67225199,1775835188,0x803dfae708a35ad999ac6e91d1c4432e913178b218a35091a8753065ab87c40d,0x0000000000000000000000000000000000000000,0x1b2d134fc716561afbf8ccef56568d18c28a34aa,199,r3tards,R3TARDS
67225199,1775835188,0x803dfae708a35ad999ac6e91d1c4432e913178b218a35091a8753065ab87c40d,0x0000000000000000000000000000000000000000,0x1b2d134fc716561afbf8ccef56568d18c28a34aa,200,r3tards,R3TARDS
67225199,1775835188,0xa8c04f8fd958ceccaa8bade97da440c7953124d98ae21e74e0c13c917b7a3c61,0x0000000000000000000000000000000000000000,0x21fba5456cd1f1304642c25293dc58976fdc4059,201,r3tards,R3TARDS
67225200,1775835189,0xc220095551299f4f2d3e5fa6eae0f193756fd28bad7baff95f412d3b46472976,0x0000000000000000000000000000000000000000,0x44b7e6461af76ae31800ae7b756aff8307d919f3,202,r3tards,R3TARDS
67225201,1775835189,0xda90ae13bebb16321f7eafc6230d0eb1d82fd4bae383f45638d0e0b457a9b1ab,0x0000000000000000000000000000000000000000,0x2f39cfbe27bfcb708095d41ac73a244ac9c8e9f1,203,r3tards,R3TARDS
67225203,1775835190,0x1e81205c19f36777ad2458a2932a24ccda2b334867e583227b5fa18ac5b831b3,0x0000000000000000000000000000000000000000,0x8a25b453a19a730d30c1a5407c4b31d3b11ec194,204,r3tards,R3TARDS
67225203,1775835190,0x1e81205c19f36777ad2458a2932a24ccda2b334867e583227b5fa18ac5b831b3,0x0000000000000000000000000000000000000000,0x8a25b453a19a730d30c1a5407c4b31d3b11ec194,205,r3tards,R3TARDS
67225203,1775835190,0xb1d2f08b63a5e33a3d1c7a9e15303d500269164198c6a6c7389f735a200e23c6,0x0000000000000000000000000000000000000000,0xa27121d3095d21e5ad014ef51ad7fdcee186b63a,206,r3tards,R3TARDS
67225204,1775835190,0x428159fe2d080344f82b5a998a70b947603e6003da65c8aad18a45e7a48505b6,0x0000000000000000000000000000000000000000,0xd7a43d8bf5690bc655f13aa7e44865615f894d5a,207,r3tards,R3TARDS
67225204,1775835190,0x401f637f5c94d115a4e3990e081753e6e9c6a26c7dc98051a8a39e902091764a,0x0000000000000000000000000000000000000000,0x16b2a1a3267a3f20b4d2999e71a03520d5178ea2,208,r3tards,R3TARDS
67225204,1775835190,0x401f637f5c94d115a4e3990e081753e6e9c6a26c7dc98051a8a39e902091764a,0x0000000000000000000000000000000000000000,0x16b2a1a3267a3f20b4d2999e71a03520d5178ea2,209,r3tards,R3TARDS
67225205,1775835191,0x2b23e536e7b95682b26b8ec24f918e5ef6344bbcdcaf8ab07d0c99af1163016e,0x0000000000000000000000000000000000000000,0xd8574ca25f0dd37c400b5613527e94126a094e34,210,r3tards,R3TARDS
67225207,1775835191,0x88277ef0ab239d5ebb4f823b6d69e2d645b862c9211de97aa250aa1fa62ad017,0x0000000000000000000000000000000000000000,0xe19c42fc10deee7f7f0c37557d3f64150d214633,211,r3tards,R3TARDS
67225207,1775835191,0x7f6f271bbf9f8d399610a714802954b810c648957138637455b7c5496272f23c,0x0000000000000000000000000000000000000000,0x6756fd803cc084d4b48689e69b0ab85003740a65,212,r3tards,R3TARDS
67225208,1775835192,0x838b0bc319b1bf55ed560054da6870b3560253eed9f00598cefd6ba8633ce178,0x0000000000000000000000000000000000000000,0x7500a83df2af99b2755c47b6b321a8217d876a85,213,r3tards,R3TARDS
67225208,1775835192,0x838b0bc319b1bf55ed560054da6870b3560253eed9f00598cefd6ba8633ce178,0x0000000000000000000000000000000000000000,0x7500a83df2af99b2755c47b6b321a8217d876a85,214,r3tards,R3TARDS
67225208,1775835192,0x838b0bc319b1bf55ed560054da6870b3560253eed9f00598cefd6ba8633ce178,0x0000000000000000000000000000000000000000,0x7500a83df2af99b2755c47b6b321a8217d876a85,215,r3tards,R3TARDS
67225208,1775835192,0x811f3a238eb7a26388941fbd9d69a209ecaca7d0c56f22d4e3b37fedb9fafbb9,0x0000000000000000000000000000000000000000,0xa320daa989ae8d6d7813340697f4f9e75f5b78e8,216,r3tards,R3TARDS
67225208,1775835192,0x811f3a238eb7a26388941fbd9d69a209ecaca7d0c56f22d4e3b37fedb9fafbb9,0x0000000000000000000000000000000000000000,0xa320daa989ae8d6d7813340697f4f9e75f5b78e8,217,r3tards,R3TARDS
67225208,1775835192,0x811f3a238eb7a26388941fbd9d69a209ecaca7d0c56f22d4e3b37fedb9fafbb9,0x0000000000000000000000000000000000000000,0xa320daa989ae8d6d7813340697f4f9e75f5b78e8,218,r3tards,R3TARDS
67225208,1775835192,0x46abc7ea339d82968649b7536de73efb415f0760686c390fc4abf2cf809f26fb,0x0000000000000000000000000000000000000000,0x1b00ea832ddcdfaf5cbefa73dc06af9f5e4416d1,219,r3tards,R3TARDS
67225208,1775835192,0x46abc7ea339d82968649b7536de73efb415f0760686c390fc4abf2cf809f26fb,0x0000000000000000000000000000000000000000,0x1b00ea832ddcdfaf5cbefa73dc06af9f5e4416d1,220,r3tards,R3TARDS
67225209,1775835192,0xb6abc188a770d5a4af9d63bf823ca0fd85137c4fab5f44354fb0b2e16c08d806,0x0000000000000000000000000000000000000000,0xf7fc8c6aeff36a68da44b25390783b7af32c8b57,221,r3tards,R3TARDS
67225209,1775835192,0xbcd4883af70f37b6978520c57eff9dc6587784f22cf2f6b338373f3c3c5a638e,0x0000000000000000000000000000000000000000,0x2cb9a32b616e0b4363ab4d681188e54d8850652d,222,r3tards,R3TARDS
67225209,1775835192,0x542ca9706002d3f1029271bef25b2bcbd9a2c1c477615ec458016fb77e744846,0x0000000000000000000000000000000000000000,0x490f165270163e904cdd677686acf86dc06790dd,223,r3tards,R3TARDS
67225209,1775835192,0x542ca9706002d3f1029271bef25b2bcbd9a2c1c477615ec458016fb77e744846,0x0000000000000000000000000000000000000000,0x490f165270163e904cdd677686acf86dc06790dd,224,r3tards,R3TARDS
67225210,1775835193,0x317f7f2b3b781081cf67677a4cc31892ed4c155a82122e1dfb20a2c66065f269,0x0000000000000000000000000000000000000000,0x5a6632686fa13722c6a2e0a173db1f38dc4ac7ad,225,r3tards,R3TARDS
67225211,1775835193,0xc8c601bcc00417826abffe0fb02a84cd79b874e1973e97798c2bbf325e2cee63,0x0000000000000000000000000000000000000000,0x2c1f4df355e7d244b860621b4f428ad1fd975bb0,226,r3tards,R3TARDS
67225211,1775835193,0xc8c601bcc00417826abffe0fb02a84cd79b874e1973e97798c2bbf325e2cee63,0x0000000000000000000000000000000000000000,0x2c1f4df355e7d244b860621b4f428ad1fd975bb0,227,r3tards,R3TARDS
67225211,1775835193,0xfc8d9a8289578c7a89f2e90183b04b088d787467058048cf39639338f381d44f,0x0000000000000000000000000000000000000000,0x921d16b13fe619e4510c082892b3871f3c85498c,228,r3tards,R3TARDS
67225211,1775835193,0xfc8d9a8289578c7a89f2e90183b04b088d787467058048cf39639338f381d44f,0x0000000000000000000000000000000000000000,0x921d16b13fe619e4510c082892b3871f3c85498c,229,r3tards,R3TARDS
67225211,1775835193,0xfc8d9a8289578c7a89f2e90183b04b088d787467058048cf39639338f381d44f,0x0000000000000000000000000000000000000000,0x921d16b13fe619e4510c082892b3871f3c85498c,230,r3tards,R3TARDS
67225214,1775835194,0xf04d7b79696d62d82a34ec96355d8e70aa68e614e9bd22e62fdf5eae7c4e91dd,0x0000000000000000000000000000000000000000,0x756331e79e4ea0121b47e585adcaf43d5470c69c,231,r3tards,R3TARDS
67225214,1775835194,0x887e1cb92c8d9cf690cdd389d8d64a3b7b627a549929657f93bbadea45f68dea,0x0000000000000000000000000000000000000000,0x854cc995542e05c7bea57034e2b2e88d509d9431,232,r3tards,R3TARDS
67225214,1775835194,0xf603adea1b6d6dde2f9a7562c32c2b6733b544c9c7114a90798f3050001e92a0,0x0000000000000000000000000000000000000000,0x19c88f6b5e5a274eace401b7699fd6b6f2d67a65,233,r3tards,R3TARDS
67225214,1775835194,0xf603adea1b6d6dde2f9a7562c32c2b6733b544c9c7114a90798f3050001e92a0,0x0000000000000000000000000000000000000000,0x19c88f6b5e5a274eace401b7699fd6b6f2d67a65,234,r3tards,R3TARDS
67225215,1775835195,0x4286d61b7601bf2ad36c2ac1c020ee5cf92af6a3996ba7e23831082b9136298b,0x0000000000000000000000000000000000000000,0x573d4f8ef8c0adf4ac3a1f07462fce777f1bb2f3,235,r3tards,R3TARDS
67225215,1775835195,0x4286d61b7601bf2ad36c2ac1c020ee5cf92af6a3996ba7e23831082b9136298b,0x0000000000000000000000000000000000000000,0x573d4f8ef8c0adf4ac3a1f07462fce777f1bb2f3,236,r3tards,R3TARDS
67225215,1775835195,0x5811586b5a2c4141332623d7b74d2119fef1e3e02671c2de4e734d1e3942beae,0x0000000000000000000000000000000000000000,0x79f095c916abf6861333939b44453d1f4db4134c,237,r3tards,R3TARDS
67225215,1775835195,0xac305329d96dba36b589d7d3f8110c670582d85394cbff0c1d90fe81e7f5cdba,0x0000000000000000000000000000000000000000,0x0943726d2bfd1a3b2a19539fa40b607d685a6760,238,r3tards,R3TARDS
67225216,1775835195,0x5a491d6559ea3994043022d36c8acfaae2e1070fb85b57c9a85dc2104295b713,0x0000000000000000000000000000000000000000,0xbf3aae135034452987490d6587b42704e617cf79,239,r3tards,R3TARDS
67225216,1775835195,0xa71d4d652855318adf495c07ba35a055e6c2173cf6086728ee545b3148f3951c,0x0000000000000000000000000000000000000000,0xfb70141988148f274df2ecb55007af17ccab23b2,240,r3tards,R3TARDS
67225216,1775835195,0xee0f31395dded4a36c78a402d99471459053fd460cf6405ee77b372b775b16d5,0x0000000000000000000000000000000000000000,0x651dc567d23cb79ca36689a39f3d859a482eb40f,241,r3tards,R3TARDS
67225216,1775835195,0xee0f31395dded4a36c78a402d99471459053fd460cf6405ee77b372b775b16d5,0x0000000000000000000000000000000000000000,0x651dc567d23cb79ca36689a39f3d859a482eb40f,242,r3tards,R3TARDS
67225216,1775835195,0x3d6f6162890db0feea7ac124b9a576153cfc23f86fdc37feaf8230ff4c1ebe06,0x0000000000000000000000000000000000000000,0x283498f3d350d6db0417647d46ec53e25275502a,243,r3tards,R3TARDS
67225216,1775835195,0x3d6f6162890db0feea7ac124b9a576153cfc23f86fdc37feaf8230ff4c1ebe06,0x0000000000000000000000000000000000000000,0x283498f3d350d6db0417647d46ec53e25275502a,244,r3tards,R3TARDS
67225216,1775835195,0x3d6f6162890db0feea7ac124b9a576153cfc23f86fdc37feaf8230ff4c1ebe06,0x0000000000000000000000000000000000000000,0x283498f3d350d6db0417647d46ec53e25275502a,245,r3tards,R3TARDS
67225218,1775835196,0x468c3b59b9592e2552f59e3bb97e5b3c0c9d4779b8198be391db1b53f90ac412,0x0000000000000000000000000000000000000000,0x6e941494dcbc9f1ae1cb2c45ad8b92e19d84ce72,246,r3tards,R3TARDS
67225218,1775835196,0x468c3b59b9592e2552f59e3bb97e5b3c0c9d4779b8198be391db1b53f90ac412,0x0000000000000000000000000000000000000000,0x6e941494dcbc9f1ae1cb2c45ad8b92e19d84ce72,247,r3tards,R3TARDS
67225219,1775835196,0x6f6bdf13f058f6eeb72c651fb2fb54bd2ff89620a267fcfd18ff00df619d3cb6,0x0000000000000000000000000000000000000000,0xc3cccb69981db01e03b22d1f6b29f2e3fad46033,248,r3tards,R3TARDS
67225219,1775835196,0x5f92a9e3faa1ff24178aa737d0aa986ec43f53d9f3dab864c4b34a3cb67bb966,0x0000000000000000000000000000000000000000,0x9b65a3fe1b29612f8ca2f11c5c3b58739b09a882,249,r3tards,R3TARDS
67225220,1775835197,0x2a05e59e9523a091d9889013df17ab594e53a7bbdfd71241700739af33c44cb7,0x0000000000000000000000000000000000000000,0xf81a48410c448b1d587be9bbb3b23938e9f4bfd4,250,r3tards,R3TARDS
67225220,1775835197,0x2a05e59e9523a091d9889013df17ab594e53a7bbdfd71241700739af33c44cb7,0x0000000000000000000000000000000000000000,0xf81a48410c448b1d587be9bbb3b23938e9f4bfd4,251,r3tards,R3TARDS
67225220,1775835197,0x2a05e59e9523a091d9889013df17ab594e53a7bbdfd71241700739af33c44cb7,0x0000000000000000000000000000000000000000,0xf81a48410c448b1d587be9bbb3b23938e9f4bfd4,252,r3tards,R3TARDS
67225224,1775835198,0x509ab37d1cf93e7b2e14c4c59c23d03893db593f9ba6af197331afd70e05c4c7,0x0000000000000000000000000000000000000000,0x988162c50df5ab1d6eb403647750f3b41fcff140,253,r3tards,R3TARDS
67225225,1775835199,0x0b0c2ab5dc59ddde340d2eaf4b3747a24a232ac7968a8d693971f82688a271ed,0x0000000000000000000000000000000000000000,0x3917aefd81cb3dd76a2f54d29084c675243b3351,254,r3tards,R3TARDS
67225227,1775835199,0x4272382d7e1ce4ec7798d59fbb3b1220363820362f8198db90c9b2bd2558cfe3,0x0000000000000000000000000000000000000000,0xdd0b5a266e13bbea36212575129480d787b7105f,255,r3tards,R3TARDS
67225227,1775835199,0x1eb20f7db923ff897ec4ae2bf44642a992483f1d6ab15882c9b43e4ff66e4513,0x0000000000000000000000000000000000000000,0x7a073bfd2840e32885ab679b203cebe673839bbb,256,r3tards,R3TARDS
67225227,1775835199,0x1eb20f7db923ff897ec4ae2bf44642a992483f1d6ab15882c9b43e4ff66e4513,0x0000000000000000000000000000000000000000,0x7a073bfd2840e32885ab679b203cebe673839bbb,257,r3tards,R3TARDS
67225229,1775835200,0xc069559417fda67551d927e27c262dd909f7be2791a7b4cad1ed2f7c865d8896,0x0000000000000000000000000000000000000000,0x7db0b7f102d029cdca0001f85f8bfe487802424e,258,r3tards,R3TARDS
67225229,1775835200,0xc069559417fda67551d927e27c262dd909f7be2791a7b4cad1ed2f7c865d8896,0x0000000000000000000000000000000000000000,0x7db0b7f102d029cdca0001f85f8bfe487802424e,259,r3tards,R3TARDS
67225230,1775835201,0x23e042e2753ff8a58b5425106aae227e7976ce9d310a7546280ad709f17b65b0,0x0000000000000000000000000000000000000000,0xd870e62f4baaca9575068d62fe6687ddcfe23715,260,r3tards,R3TARDS
67225233,1775835202,0x97225c73b2a233e33248c79b7c0d672bfcbfaaba2103df3d82bc492aa56128ae,0x0000000000000000000000000000000000000000,0x558231b8eb83d5482d986335cef5aceb955e7f3e,261,r3tards,R3TARDS
67225233,1775835202,0x97225c73b2a233e33248c79b7c0d672bfcbfaaba2103df3d82bc492aa56128ae,0x0000000000000000000000000000000000000000,0x558231b8eb83d5482d986335cef5aceb955e7f3e,262,r3tards,R3TARDS
67225233,1775835202,0xda0ee998dc258a316eb623221b37427cead5aa97ab0276a649ddcc2fa6ff49b4,0x0000000000000000000000000000000000000000,0xd7ade327695d06a1d34f8eee0b7d0dd61d6741fe,263,r3tards,R3TARDS
67225233,1775835202,0xda0ee998dc258a316eb623221b37427cead5aa97ab0276a649ddcc2fa6ff49b4,0x0000000000000000000000000000000000000000,0xd7ade327695d06a1d34f8eee0b7d0dd61d6741fe,264,r3tards,R3TARDS
67225236,1775835203,0x574d779feb5dc82f617c7dc7f908099e9c42af1365141d36edf23b9b7a8d1351,0x0000000000000000000000000000000000000000,0x01b86aeebcd1ff94ac1195cfc8fd9e39db24db45,265,r3tards,R3TARDS
67225236,1775835203,0x574d779feb5dc82f617c7dc7f908099e9c42af1365141d36edf23b9b7a8d1351,0x0000000000000000000000000000000000000000,0x01b86aeebcd1ff94ac1195cfc8fd9e39db24db45,266,r3tards,R3TARDS
67225237,1775835203,0xf5d5621be429ff9798aead7a8015403c0385480c2c51117cb077f2ae8d5144dc,0x0000000000000000000000000000000000000000,0xdd9e75f14f0bc441ca3cacf5eada8d46d9d53174,267,r3tards,R3TARDS
67225237,1775835203,0xf5d5621be429ff9798aead7a8015403c0385480c2c51117cb077f2ae8d5144dc,0x0000000000000000000000000000000000000000,0xdd9e75f14f0bc441ca3cacf5eada8d46d9d53174,268,r3tards,R3TARDS
67225237,1775835203,0xf5d5621be429ff9798aead7a8015403c0385480c2c51117cb077f2ae8d5144dc,0x0000000000000000000000000000000000000000,0xdd9e75f14f0bc441ca3cacf5eada8d46d9d53174,269,r3tards,R3TARDS
67225241,1775835205,0x15a0135c11fa5d006c92c749002cc826bbe05c2db5d15ec69e7ab6b7d77bc285,0x0000000000000000000000000000000000000000,0xe37265f4d5a68ae596ece9252aff790b43af76f8,270,r3tards,R3TARDS
67225241,1775835205,0x15a0135c11fa5d006c92c749002cc826bbe05c2db5d15ec69e7ab6b7d77bc285,0x0000000000000000000000000000000000000000,0xe37265f4d5a68ae596ece9252aff790b43af76f8,271,r3tards,R3TARDS
67225243,1775835206,0x93975962e9b9b8f9b84f415af1a1a128c337e846b33b1ec391ba0bb569c7f15e,0x0000000000000000000000000000000000000000,0x39c06b54686b0540d6d57a254b976b1df4310df1,272,r3tards,R3TARDS
67225244,1775835206,0x5a89bfc59bd9e5ef836bf6a4280edcbe65d7cc191e5b4fef0f450ad8af52efc3,0x0000000000000000000000000000000000000000,0x5806b8892f0a4eb308855bf6807426721b225f14,273,r3tards,R3TARDS
67225244,1775835206,0x5a89bfc59bd9e5ef836bf6a4280edcbe65d7cc191e5b4fef0f450ad8af52efc3,0x0000000000000000000000000000000000000000,0x5806b8892f0a4eb308855bf6807426721b225f14,274,r3tards,R3TARDS
67225245,1775835207,0xffb475dde83ca6bdb2e44e339a1ec432b57bce34a2cce2e90898043c2404ac94,0x0000000000000000000000000000000000000000,0x961b47ee67fa9aa8c916d0d7a61c5bbeef8a018c,275,r3tards,R3TARDS
67225245,1775835207,0xffb475dde83ca6bdb2e44e339a1ec432b57bce34a2cce2e90898043c2404ac94,0x0000000000000000000000000000000000000000,0x961b47ee67fa9aa8c916d0d7a61c5bbeef8a018c,276,r3tards,R3TARDS
67225246,1775835207,0x81a813db3714ef2aa7515423191f4711582c55eaf5e8afd8aa732f6f680ee364,0x0000000000000000000000000000000000000000,0x45b95f8a6337356ddd3a3c79a0b210112b52d593,277,r3tards,R3TARDS
67225247,1775835207,0xa6c844273dc9e761dde6e623b561165e5a1570452e6fcf47bd51b72c33c3280f,0x0000000000000000000000000000000000000000,0xb8922f9591b36f82a671ef38c54c60b1396f59c8,278,r3tards,R3TARDS
67225249,1775835208,0xb7c724cb5ea8806bc0f664aed7dd53296b86eca11a5e344d9d3b3a52dcfab7d8,0x0000000000000000000000000000000000000000,0xc980c64971aa070ffe2074ed8e611eedbac1c9f9,279,r3tards,R3TARDS
67225249,1775835208,0xb7c724cb5ea8806bc0f664aed7dd53296b86eca11a5e344d9d3b3a52dcfab7d8,0x0000000000000000000000000000000000000000,0xc980c64971aa070ffe2074ed8e611eedbac1c9f9,280,r3tards,R3TARDS
67225250,1775835209,0xc73c0b8d5b2842a3217c6984b56ddf1eec912ecd0791b43ede17308708853488,0x0000000000000000000000000000000000000000,0x8434205c1909c8b7ed0d225043bc114d86582ab0,281,r3tards,R3TARDS
67225251,1775835209,0x2d6d8e5baa7cb82d63c448fac20a7a1e6eb4c5763a58dda32cf7014e694e6e45,0x0000000000000000000000000000000000000000,0x9686ef5e52e51fa6c8bbfaccb2ff6b958c4625a9,282,r3tards,R3TARDS
67225251,1775835209,0x2d6d8e5baa7cb82d63c448fac20a7a1e6eb4c5763a58dda32cf7014e694e6e45,0x0000000000000000000000000000000000000000,0x9686ef5e52e51fa6c8bbfaccb2ff6b958c4625a9,283,r3tards,R3TARDS
67225251,1775835209,0x2d6d8e5baa7cb82d63c448fac20a7a1e6eb4c5763a58dda32cf7014e694e6e45,0x0000000000000000000000000000000000000000,0x9686ef5e52e51fa6c8bbfaccb2ff6b958c4625a9,284,r3tards,R3TARDS
67225253,1775835210,0x7383ca175bdff0f5c3e23da10d3eefa65f1b0ae573b6a00c0073d549bc67b902,0x0000000000000000000000000000000000000000,0xa142e37a93f0762ba14224eaaa42ffee6e02a616,285,r3tards,R3TARDS
67225253,1775835210,0x7383ca175bdff0f5c3e23da10d3eefa65f1b0ae573b6a00c0073d549bc67b902,0x0000000000000000000000000000000000000000,0xa142e37a93f0762ba14224eaaa42ffee6e02a616,286,r3tards,R3TARDS
67225255,1775835211,0xa5f4a1ebad9c1a372753157084ba32ee15139f69a4ebe553e1161e8209fadc28,0x0000000000000000000000000000000000000000,0xbd36dcf15db0a9449ec5ccc997df1c756fc16ac5,287,r3tards,R3TARDS
67225255,1775835211,0xa5f4a1ebad9c1a372753157084ba32ee15139f69a4ebe553e1161e8209fadc28,0x0000000000000000000000000000000000000000,0xbd36dcf15db0a9449ec5ccc997df1c756fc16ac5,288,r3tards,R3TARDS
67225256,1775835211,0xc5b320fa054e33ff32d087fde7630cb7766d59eac93f0cf0e055aecb797f023a,0x0000000000000000000000000000000000000000,0xe9386a38d2279dfa3b39a85f23fff3c203cebaac,289,r3tards,R3TARDS
67225256,1775835211,0xc5b320fa054e33ff32d087fde7630cb7766d59eac93f0cf0e055aecb797f023a,0x0000000000000000000000000000000000000000,0xe9386a38d2279dfa3b39a85f23fff3c203cebaac,290,r3tards,R3TARDS
67225256,1775835211,0xc5b320fa054e33ff32d087fde7630cb7766d59eac93f0cf0e055aecb797f023a,0x0000000000000000000000000000000000000000,0xe9386a38d2279dfa3b39a85f23fff3c203cebaac,291,r3tards,R3TARDS
67225259,1775835212,0x23f23fa522a4f28df69f258d7564475d0064abe907f6536f4d0daeb34a62fdb7,0x0000000000000000000000000000000000000000,0xfdcfb6e689a9c021f9d74a519fccf80718398c5e,292,r3tards,R3TARDS
67225271,1775835217,0x61f426fea9a2363c5a0d53e7764f9fbb7a2408b5fc7dc216ec134538d77b691e,0x0000000000000000000000000000000000000000,0xbfe7f53b375ffb0a8faa45d8aa3ef7d3ade71529,293,r3tards,R3TARDS
67225271,1775835217,0x22fc5a80a31d2822aee109323bba26a5884b151d0773b4cc3db2a632be22d36b,0x0000000000000000000000000000000000000000,0x397cbad116eb6a9621a5b1157a643b1fe1f85dfc,294,r3tards,R3TARDS
67225271,1775835217,0x22fc5a80a31d2822aee109323bba26a5884b151d0773b4cc3db2a632be22d36b,0x0000000000000000000000000000000000000000,0x397cbad116eb6a9621a5b1157a643b1fe1f85dfc,295,r3tards,R3TARDS
67225272,1775835218,0x3361fc63a8200bf13e07df4dfa7117bfbbfc0344883a5d1ce089b3b44b5ddd9c,0x0000000000000000000000000000000000000000,0x9613eca44f5e6b3045284537a6ba4b56ba0e7ca8,296,r3tards,R3TARDS
67225272,1775835218,0x3361fc63a8200bf13e07df4dfa7117bfbbfc0344883a5d1ce089b3b44b5ddd9c,0x0000000000000000000000000000000000000000,0x9613eca44f5e6b3045284537a6ba4b56ba0e7ca8,297,r3tards,R3TARDS
67225279,1775835220,0x1ffda352dae63e8c831d014bc7863c88004e95428f42918cb2b36e932ab72ec8,0x0000000000000000000000000000000000000000,0x021fdded7ad6902627b57e76c90511fd70b36f29,298,r3tards,R3TARDS
67225279,1775835220,0x1ffda352dae63e8c831d014bc7863c88004e95428f42918cb2b36e932ab72ec8,0x0000000000000000000000000000000000000000,0x021fdded7ad6902627b57e76c90511fd70b36f29,299,r3tards,R3TARDS
67225289,1775835224,0x3b2483906ec91ba9c2f60023c19b0919b14f60f1cb0953e518a6377b703c820d,0x0000000000000000000000000000000000000000,0x626d4fc50d24b44591a4d0526d6eea401a2258bd,300,r3tards,R3TARDS
67225293,1775835226,0xa7f08061cbdcd6b95dd13e21f7d739014126b3e85d3964299192ba9d605682e1,0x0000000000000000000000000000000000000000,0xcf08d6424d18d41cc40da57ea37518c95e720753,301,r3tards,R3TARDS
67225293,1775835226,0xa7f08061cbdcd6b95dd13e21f7d739014126b3e85d3964299192ba9d605682e1,0x0000000000000000000000000000000000000000,0xcf08d6424d18d41cc40da57ea37518c95e720753,302,r3tards,R3TARDS
67225293,1775835226,0x18f17a7ce15cafa2d464b8399e7eb5ff9e8401a5fa137a1858f8a86192cc5ca4,0x0000000000000000000000000000000000000000,0x985ed79b6a5ce8785f08cf8e2ab0ace89994afba,303,r3tards,R3TARDS
67225296,1775835227,0x8f8df27936758e894d24e6ba4bbc110684db6f96247a4a197de8f87dee43cc08,0x0000000000000000000000000000000000000000,0x92e257a98cd2829298ed4f4b4119ded127bf4f6b,304,r3tards,R3TARDS
67225300,1775835229,0xe4f57b7fded14ab61c47baff8596dca20d0f17f3bd623ea21f1a033a1827ad34,0x0000000000000000000000000000000000000000,0x49a76943eed77407a183f6eacc6c9145bb7c2d7e,305,r3tards,R3TARDS
67225310,1775835233,0xbdc69a29edbb82600ac51819f6be25423457b51a0e6f612f1b5848bc8519db64,0x0000000000000000000000000000000000000000,0xc9914b30ec2bea3d567d70c3a99f845e91e17346,306,r3tards,R3TARDS
67225314,1775835234,0x1e346522abba869be832e1e7579b33c0d71328d833831d30281371da120780d6,0x0000000000000000000000000000000000000000,0xb4dff2c9b4db343ed94fb9bf4788bcbd59d101b7,307,r3tards,R3TARDS
67225314,1775835234,0x1e346522abba869be832e1e7579b33c0d71328d833831d30281371da120780d6,0x0000000000000000000000000000000000000000,0xb4dff2c9b4db343ed94fb9bf4788bcbd59d101b7,308,r3tards,R3TARDS
67225318,1775835236,0xb87002d6cee91d6bc36764b414c984a511d1329a305e4611f82daa56ca82de4a,0x0000000000000000000000000000000000000000,0x460ddb531bb3fd2a29bcfde90a9b7bf977e91875,309,r3tards,R3TARDS
67225318,1775835236,0xb87002d6cee91d6bc36764b414c984a511d1329a305e4611f82daa56ca82de4a,0x0000000000000000000000000000000000000000,0x460ddb531bb3fd2a29bcfde90a9b7bf977e91875,310,r3tards,R3TARDS
67225320,1775835237,0xb424adaa228013feed959f7f2e539c9b7ca837732e539b38adfd81fd75e79d5a,0x0000000000000000000000000000000000000000,0xb7fae1cbe5ad23dc76e1734c5d3df2382a3712f1,311,r3tards,R3TARDS
67225324,1775835238,0xc7a6a9dc7436998e6c0c006e60e311cd300702928e985e6478c9674ae9af2667,0x0000000000000000000000000000000000000000,0x858817885f4dd1de034d2cc7b9fcf1e87899d109,312,r3tards,R3TARDS
67225324,1775835238,0xc7a6a9dc7436998e6c0c006e60e311cd300702928e985e6478c9674ae9af2667,0x0000000000000000000000000000000000000000,0x858817885f4dd1de034d2cc7b9fcf1e87899d109,313,r3tards,R3TARDS
67225327,1775835240,0x18f75eb30cafa068a6a3641bafe6cc4f79622cf066aeb4fbe5dad0dde08d8ec4,0x0000000000000000000000000000000000000000,0x4227a497668c9780c3bb122b0f56ed23c5baa8eb,314,r3tards,R3TARDS
67225327,1775835240,0x18f75eb30cafa068a6a3641bafe6cc4f79622cf066aeb4fbe5dad0dde08d8ec4,0x0000000000000000000000000000000000000000,0x4227a497668c9780c3bb122b0f56ed23c5baa8eb,315,r3tards,R3TARDS
67225332,1775835242,0x938f708921761e8f8a6dd1651790b75e0eba73f61ab9b94a3ea5e033f8ce6730,0x0000000000000000000000000000000000000000,0x1d9ef132f62172ab6dc86c50d4cca9a8c4f3c567,316,r3tards,R3TARDS
67225346,1775835247,0x1d6ca50aacb00889b9219d1cec5582920bcfd221eb4e22b1c8fd538aef525960,0x0000000000000000000000000000000000000000,0x49a76943eed77407a183f6eacc6c9145bb7c2d7e,317,r3tards,R3TARDS
67225347,1775835248,0xbb929b84fe4bbcdb56a0d006e6f38f1e54630525896890b15544bc0a44bfc890,0x0000000000000000000000000000000000000000,0x2d94022e7ba34e81da155cd83ee8f0ec363b52f4,318,r3tards,R3TARDS
67225353,1775835250,0x0acba67dd866e55fcd17a88dbac6d79c53a1c647204460fc32580d935bb7d493,0x0000000000000000000000000000000000000000,0x68227b00bcf55eaa0e3b11627ae5e19821a6538a,319,r3tards,R3TARDS
67225360,1775835253,0xb82c27993d6ab0ee21da6378fefab52922fbdfc7d0d2e919a51d64d83df5e443,0x0000000000000000000000000000000000000000,0xbcddd321c83de95cb62b619409cbef39a5c1a267,320,r3tards,R3TARDS
67225360,1775835253,0xb82c27993d6ab0ee21da6378fefab52922fbdfc7d0d2e919a51d64d83df5e443,0x0000000000000000000000000000000000000000,0xbcddd321c83de95cb62b619409cbef39a5c1a267,321,r3tards,R3TARDS
67225360,1775835253,0xb82c27993d6ab0ee21da6378fefab52922fbdfc7d0d2e919a51d64d83df5e443,0x0000000000000000000000000000000000000000,0xbcddd321c83de95cb62b619409cbef39a5c1a267,322,r3tards,R3TARDS
67225365,1775835255,0x9f05ef48926bf5a06b4fbbcbb31188f407e3939107c288699c9529dc733d5ea0,0x0000000000000000000000000000000000000000,0xeb3932000ddaf62f3ce4e0dc143ed2c31eb91943,323,r3tards,R3TARDS
67225368,1775835256,0xae42416cb070a25e83d1b1cf1fc4fac9feae2590311f4efdec811cd4367af395,0x0000000000000000000000000000000000000000,0x7515fa96acafeaaa827303acd2a5c5d1c885023c,324,r3tards,R3TARDS
67225368,1775835256,0xae42416cb070a25e83d1b1cf1fc4fac9feae2590311f4efdec811cd4367af395,0x0000000000000000000000000000000000000000,0x7515fa96acafeaaa827303acd2a5c5d1c885023c,325,r3tards,R3TARDS
67225369,1775835256,0x6bc931a657659315ecd4de705a7fa2a54f2b177975fa91f867ff3db9142d223b,0x0000000000000000000000000000000000000000,0xd50ffcbaad77d78a89789923f2fa83b113e6c73e,326,r3tards,R3TARDS
67225383,1775835262,0xad0351a50cbb30c8b0ed4741ba855581bdf0df22dd5c4b9b305e909e5c904597,0x0000000000000000000000000000000000000000,0x649995f20d11f54188e865d8a4adcfde4692ecd1,327,r3tards,R3TARDS
67225383,1775835262,0xad0351a50cbb30c8b0ed4741ba855581bdf0df22dd5c4b9b305e909e5c904597,0x0000000000000000000000000000000000000000,0x649995f20d11f54188e865d8a4adcfde4692ecd1,328,r3tards,R3TARDS
67225383,1775835262,0xad0351a50cbb30c8b0ed4741ba855581bdf0df22dd5c4b9b305e909e5c904597,0x0000000000000000000000000000000000000000,0x649995f20d11f54188e865d8a4adcfde4692ecd1,329,r3tards,R3TARDS
67225395,1775835267,0xd9c0ce6ac41292a87f8fea6a4edf251674bcb789d8de645390f5c3d1a5de1be8,0x0000000000000000000000000000000000000000,0x1f9fd33a1304a90073d46635c29b6801e8cd5a03,330,r3tards,R3TARDS
67225406,1775835271,0x4c63b4e4a3ebe0d9afb21850fc1e03a979b662a214021de033d2ddf40b853f2c,0x0000000000000000000000000000000000000000,0xa1bb576d5dec8de0120d1e3b45661487d21465c2,331,r3tards,R3TARDS
67225413,1775835274,0xfa7bd89dd654a07e324ce8c1d168499f532fb477460bf4f03a37e03ffa6c7b0e,0x0000000000000000000000000000000000000000,0x0ebb6072941a3cc487b84f03c8fa1bbee4be55ac,332,r3tards,R3TARDS
67225413,1775835274,0xfa7bd89dd654a07e324ce8c1d168499f532fb477460bf4f03a37e03ffa6c7b0e,0x0000000000000000000000000000000000000000,0x0ebb6072941a3cc487b84f03c8fa1bbee4be55ac,333,r3tards,R3TARDS
67225416,1775835275,0x1721438f6b25212e56d856b790c590bdfb51c018182ccbe8813c305419f1d724,0x0000000000000000000000000000000000000000,0xdf214988b8f13d87d1acebe96ced5c7a79e6bd4c,334,r3tards,R3TARDS
67225428,1775835280,0x15cf68059d9f35a2f2e636e2b336af5f943cb441c5d54dfb5a41788429c715ed,0x0000000000000000000000000000000000000000,0xf56f4e369f8523c5374e527b51a37ed4fae144f8,335,r3tards,R3TARDS
67225435,1775835283,0xe7eb1a3cda67c43d0da1bee449522ca8f6dde3ef23c7b572dcc0cbd354256b1c,0x0000000000000000000000000000000000000000,0x09748d883d8fead17bf6bacd7078a9659e66aa0b,336,r3tards,R3TARDS
67225435,1775835283,0xe7eb1a3cda67c43d0da1bee449522ca8f6dde3ef23c7b572dcc0cbd354256b1c,0x0000000000000000000000000000000000000000,0x09748d883d8fead17bf6bacd7078a9659e66aa0b,337,r3tards,R3TARDS
67225450,1775835289,0xebece153cd363c587a9384ac9372ad7a212ab81018edfb729ae5e5c2b7c753f8,0x0000000000000000000000000000000000000000,0x96463e29607f0f400dec7905b375f07ac7e24cb7,338,r3tards,R3TARDS
67225460,1775835293,0x6ba7c483620c9126ec7e5b1649d53fe5771aef03ed5878606b6382ba439b38d9,0x0000000000000000000000000000000000000000,0x9aaa8574d19480427696f2290ada5e958675ad50,339,r3tards,R3TARDS
67225478,1775835300,0x83e0469bed6789e0085217f6ee5b88714f80ca10aa5f79d2ec4961a6afcc8564,0x0000000000000000000000000000000000000000,0xa08752953188209f639a5bcbabb8967f2c4190ad,340,r3tards,R3TARDS
67225478,1775835300,0x83e0469bed6789e0085217f6ee5b88714f80ca10aa5f79d2ec4961a6afcc8564,0x0000000000000000000000000000000000000000,0xa08752953188209f639a5bcbabb8967f2c4190ad,341,r3tards,R3TARDS
67225481,1775835301,0xeed3783d9ca06acead661b0e884ad2fdb87fb13d2f4041f6fdf64a975f0ef066,0x0000000000000000000000000000000000000000,0x1e0e220bc5e70f0e0dfd58b8c5f80c485a245785,342,r3tards,R3TARDS
67225483,1775835302,0x3a76a2cd84b45d1dff5c5d45a785d5432c591c0036e370719a49614e1858dbbb,0x0000000000000000000000000000000000000000,0x6e1e4d3bcb1bb7c8f97b985a5f93c11c3808f4b4,343,r3tards,R3TARDS
67225491,1775835305,0x322ae6749649109bb5662541cda7f99094cac061af68e43d15e6f77e3bde77e6,0x0000000000000000000000000000000000000000,0xd948389216be7e837c317a2fe3e0c2e5d143b978,344,r3tards,R3TARDS
67225491,1775835305,0x322ae6749649109bb5662541cda7f99094cac061af68e43d15e6f77e3bde77e6,0x0000000000000000000000000000000000000000,0xd948389216be7e837c317a2fe3e0c2e5d143b978,345,r3tards,R3TARDS
67225498,1775835308,0x332602a2c78670be58b274a10d9e12039f6d8b7b82fbb78bd14120337f2db98b,0x0000000000000000000000000000000000000000,0xc1e52555b146832e7b9bf5795b1cb3f4344f8431,346,r3tards,R3TARDS
67225501,1775835309,0x04d3d1f35c81f95102759a571be0a3729e2fca8a1a3d38416bc9c80e5b2ae546,0x0000000000000000000000000000000000000000,0x550ee7d2cbfeb58a64536a98758d1053dafb5f24,347,r3tards,R3TARDS
67225504,1775835310,0xbc9d2fd5d441e46431b50bc29c102be64bd0e58bca8495a8b68580913aa6a29a,0x0000000000000000000000000000000000000000,0xd481070e6d9834b903125b89093e3b922dd869a7,348,r3tards,R3TARDS
67225504,1775835310,0xbc9d2fd5d441e46431b50bc29c102be64bd0e58bca8495a8b68580913aa6a29a,0x0000000000000000000000000000000000000000,0xd481070e6d9834b903125b89093e3b922dd869a7,349,r3tards,R3TARDS
67225521,1775835317,0x24110669d7adf5f62e3e5efde1d91347e248622c75669a4586e657a55bf9216b,0x0000000000000000000000000000000000000000,0xcae8253803e77d95ca64dd862de8c3e78417bd99,350,r3tards,R3TARDS
67225549,1775835328,0xfc44811b79cef5c0bcd7bcc83dddd023c7a21d8d4d3cd451159593ef27ab55d5,0x0000000000000000000000000000000000000000,0x8fa0c4e67e8939e3b15d7800674fa79c80ad8439,351,r3tards,R3TARDS
67225557,1775835332,0x1b1135ee61f64b7417477f9a2e36fdb4e0d260f6671a17ca35ffa958ee93f58e,0x0000000000000000000000000000000000000000,0xf15b074d95557b9c57dfd834b0fb4da3a43cc44a,352,r3tards,R3TARDS
67225561,1775835333,0x19d3e03c5ff52762128c2f7b683117bb0ef1386ee9f1297583fdde7999f92a29,0x0000000000000000000000000000000000000000,0x77a9e40c0b0033af3e2a7dc9344327bb91459a5f,353,r3tards,R3TARDS
67225561,1775835333,0x19d3e03c5ff52762128c2f7b683117bb0ef1386ee9f1297583fdde7999f92a29,0x0000000000000000000000000000000000000000,0x77a9e40c0b0033af3e2a7dc9344327bb91459a5f,354,r3tards,R3TARDS
67225561,1775835333,0x19d3e03c5ff52762128c2f7b683117bb0ef1386ee9f1297583fdde7999f92a29,0x0000000000000000000000000000000000000000,0x77a9e40c0b0033af3e2a7dc9344327bb91459a5f,355,r3tards,R3TARDS
67225575,1775835339,0x2ffe2bc4eed1a75f596ba3a14e45247132c77d68599c715014cb4ea97a21181f,0x0000000000000000000000000000000000000000,0x2adce538e273c5128f49595b0a2addb4ae511dbf,356,r3tards,R3TARDS
67225575,1775835339,0x2ffe2bc4eed1a75f596ba3a14e45247132c77d68599c715014cb4ea97a21181f,0x0000000000000000000000000000000000000000,0x2adce538e273c5128f49595b0a2addb4ae511dbf,357,r3tards,R3TARDS
67225575,1775835339,0x2ffe2bc4eed1a75f596ba3a14e45247132c77d68599c715014cb4ea97a21181f,0x0000000000000000000000000000000000000000,0x2adce538e273c5128f49595b0a2addb4ae511dbf,358,r3tards,R3TARDS
67225583,1775835342,0xee3611f609067a6f0da88e38c544c2ba471ef0258956cb3110f9a0d7afe5b869,0x0000000000000000000000000000000000000000,0x24f44ccfcb6591239c33a53f07fcebc6d402f2fc,359,r3tards,R3TARDS
67225601,1775835349,0x4692b34b88a6d27c4b2a32ab407ed1e9bf802983358d825557517ea54c66e7da,0x0000000000000000000000000000000000000000,0x5befa7184a3e6e6579fd6e3d62eef29227c1d881,360,r3tards,R3TARDS
67225601,1775835349,0x4692b34b88a6d27c4b2a32ab407ed1e9bf802983358d825557517ea54c66e7da,0x0000000000000000000000000000000000000000,0x5befa7184a3e6e6579fd6e3d62eef29227c1d881,361,r3tards,R3TARDS
67225613,1775835354,0x56e1fec2cc4a8ac707e2a2c1cc73bdc61b62312f5909742a03a0bde786b4924a,0x0000000000000000000000000000000000000000,0x320b9017d6d6b29361b6fd3fefba363b360c4a23,362,r3tards,R3TARDS
67225613,1775835354,0x56e1fec2cc4a8ac707e2a2c1cc73bdc61b62312f5909742a03a0bde786b4924a,0x0000000000000000000000000000000000000000,0x320b9017d6d6b29361b6fd3fefba363b360c4a23,363,r3tards,R3TARDS
67225632,1775835362,0xe32958dc685d987bb60df213b61596956b264848dc9173dc5505b8ed23f7d7c7,0x0000000000000000000000000000000000000000,0x2226ffa8c78738f37ac44e7349935f6660872649,364,r3tards,R3TARDS
67225633,1775835362,0x3be06d6c5c8c13014878a6d6d5a4f71521f75141eeb02db8dc34357c218ad36f,0x0000000000000000000000000000000000000000,0xb170a41f2523220a12f84f17a54bd31953d98027,365,r3tards,R3TARDS
67225633,1775835362,0x3be06d6c5c8c13014878a6d6d5a4f71521f75141eeb02db8dc34357c218ad36f,0x0000000000000000000000000000000000000000,0xb170a41f2523220a12f84f17a54bd31953d98027,366,r3tards,R3TARDS
67225647,1775835368,0x95fce64eb123ee2a344b5f91e6c048a53b04bade241d957b32e41fd867e83314,0x0000000000000000000000000000000000000000,0x27359c2df8a15a1d09d4a5c993148e1f4218ef58,367,r3tards,R3TARDS
67225647,1775835368,0x95fce64eb123ee2a344b5f91e6c048a53b04bade241d957b32e41fd867e83314,0x0000000000000000000000000000000000000000,0x27359c2df8a15a1d09d4a5c993148e1f4218ef58,368,r3tards,R3TARDS
67225650,1775835369,0x004869e65551a8dd697e01ac463b5ed8ba9f4eb3294dc17c3e362a7940848e4a,0x0000000000000000000000000000000000000000,0xabe377b1797e4981b6a2f79d320f2ad383bacba4,369,r3tards,R3TARDS
67225659,1775835373,0xcc57a8eb968238bcc8e06939d179ea4bf12cad68d8ea75391ed77511c0b21dab,0x0000000000000000000000000000000000000000,0xae185a05cbb0acdc0c9e805df5f7bad069395503,370,r3tards,R3TARDS
67225665,1775835375,0x9946d86b7d499c67630fbb0fc73f81de65a354b803f2cca2943b3944b6a27945,0x0000000000000000000000000000000000000000,0x39f2340a20b44e5d4f06d221810cdbeeffa2ea07,371,r3tards,R3TARDS
67225681,1775835381,0xc1595383bec8ed3077eb8acd7ed306a2c45bd92ec536a16676e5356fd8b471b9,0x0000000000000000000000000000000000000000,0xdec84a32c79d9ba8fc128dcc959fe4a734849c7f,372,r3tards,R3TARDS
67225696,1775835387,0x3148f4961824de9d99ddb91a49eedd2411647695bb912adb942b869a5a0b62a9,0x0000000000000000000000000000000000000000,0xdcba3f2d2447e0b3e4c26bcecf938f2f07d6b6a7,373,r3tards,R3TARDS
67225696,1775835387,0xc0981f3da703411770178cd2148a290c0d914aa4b4d72c00bf8288603dc54fcc,0x0000000000000000000000000000000000000000,0xaf075064a9ca1e8fa9efffcbc88b69d0c6b7f8fa,374,r3tards,R3TARDS
67225696,1775835387,0xc0981f3da703411770178cd2148a290c0d914aa4b4d72c00bf8288603dc54fcc,0x0000000000000000000000000000000000000000,0xaf075064a9ca1e8fa9efffcbc88b69d0c6b7f8fa,375,r3tards,R3TARDS
67225724,1775835399,0x02b96ad7e9d56ff00505a3d6494316172de47c4864d894beeb391fb422a4c8cb,0x0000000000000000000000000000000000000000,0xb9b94a138a4b3cf982dfbf8685b6652fda5051b4,376,r3tards,R3TARDS
67225765,1775835415,0xaea99a0f00629887063f68de89b64df3d001c1c5aae3e625ffa7f2910a763613,0x0000000000000000000000000000000000000000,0x29c66f54fe449041555d510afd0c1657fb3624e4,377,r3tards,R3TARDS
67225765,1775835415,0xaea99a0f00629887063f68de89b64df3d001c1c5aae3e625ffa7f2910a763613,0x0000000000000000000000000000000000000000,0x29c66f54fe449041555d510afd0c1657fb3624e4,378,r3tards,R3TARDS
67225767,1775835416,0x18366531fe52141f7b6358aef9f5a632c2384037aa1364329b54e73db9c92260,0x0000000000000000000000000000000000000000,0xf5ede9501e8827ff9dc13a83dc967f9b7bef4024,379,r3tards,R3TARDS
67225767,1775835416,0x18366531fe52141f7b6358aef9f5a632c2384037aa1364329b54e73db9c92260,0x0000000000000000000000000000000000000000,0xf5ede9501e8827ff9dc13a83dc967f9b7bef4024,380,r3tards,R3TARDS
67225791,1775835425,0x61e29b6f329e1a59c8310b45fe781e80c6d3bcc77303a20be794e382fcb99956,0x0000000000000000000000000000000000000000,0xe312d20a235cbbbdef73b2ea4004bbbc6e74fc33,381,r3tards,R3TARDS
67225791,1775835425,0x61e29b6f329e1a59c8310b45fe781e80c6d3bcc77303a20be794e382fcb99956,0x0000000000000000000000000000000000000000,0xe312d20a235cbbbdef73b2ea4004bbbc6e74fc33,382,r3tards,R3TARDS
67225810,1775835433,0x6fe2b220500fac28de9df054519797b2b091e5be90923a7a63d71b72d24bd9bb,0x0000000000000000000000000000000000000000,0x095f1cb3387fa3a1f87f1d1249da4b5317c79937,383,r3tards,R3TARDS
67225815,1775835435,0x9864a4eec92a2f11d5e65915a978ebaafcd4faef833cf9854fe687932bbfbe22,0x0000000000000000000000000000000000000000,0x7ab4db3c4e8484b51c6d467640ed490a0efc4497,384,r3tards,R3TARDS
67225878,1775835460,0x4dc945d5667ac6028b2ee8fdfeb9083d4549977166602e98c75e63bf6f5848d0,0x0000000000000000000000000000000000000000,0xcaaefc94b2b0ef00e0502d02bb6343d20733c3f5,385,r3tards,R3TARDS
67225927,1775835480,0xdfb05f2a4a876b0baa07c7b2a7cf836f2fe7bd0f29517bac8a9546467c7e4f20,0x0000000000000000000000000000000000000000,0xe70c53381bb4d8185a69fd15c10e0c3cc5cdd312,386,r3tards,R3TARDS
67225950,1775835489,0xcd9dd32437cb9f592f62647863125f30e6955a14223c62ebe56fcf3a8984c8d0,0x0000000000000000000000000000000000000000,0xb527957072bec24de4344f1cb16488237e1ee627,387,r3tards,R3TARDS
67225951,1775835489,0xc4b7899fbb36a9f33fce25a2e60d749f1732e6c8014a9846e26101c44ef93ba2,0x0000000000000000000000000000000000000000,0x1e0e220bc5e70f0e0dfd58b8c5f80c485a245785,388,r3tards,R3TARDS
67225951,1775835489,0xc4b7899fbb36a9f33fce25a2e60d749f1732e6c8014a9846e26101c44ef93ba2,0x0000000000000000000000000000000000000000,0x1e0e220bc5e70f0e0dfd58b8c5f80c485a245785,389,r3tards,R3TARDS
67225959,1775835492,0x2791e9cc12347c5651ed93ba71462edbc27ed961e4b3c6b0a1033da094d3164d,0x0000000000000000000000000000000000000000,0x16ac300ece93ededb57286937eb91451ec65b967,390,r3tards,R3TARDS
67225971,1775835497,0x656d14fac0ca573708b4e736be2b29fb2d71171b3d3d44561dc9865ad692ca73,0x0000000000000000000000000000000000000000,0xb2eb4f13a0b4cb237cdb809353d17ea90ba8a418,391,r3tards,R3TARDS
67225971,1775835497,0x656d14fac0ca573708b4e736be2b29fb2d71171b3d3d44561dc9865ad692ca73,0x0000000000000000000000000000000000000000,0xb2eb4f13a0b4cb237cdb809353d17ea90ba8a418,392,r3tards,R3TARDS
67226000,1775835509,0xb3cc29a2176b3be3ad5ad91f643173703b98c85fb2c5a0c29d3e00704cda259f,0x0000000000000000000000000000000000000000,0xd3e909d154ce9641a00d6b90ff11f6d1a8e21ba9,393,r3tards,R3TARDS
67226011,1775835513,0xb84d4c3fbd5e0677d21f8b694b68a60bd8b86a0222f53184a90910107c3e8cac,0x0000000000000000000000000000000000000000,0xd9f735e64919d2cb0e4abc384a4bb4d3bbfc3ecb,394,r3tards,R3TARDS
67226021,1775835517,0x3da84e28e0f399245c1c8012cbca50238a7b4149c1a5c86c2ea6ac5c9c9ba0d3,0x0000000000000000000000000000000000000000,0xdb6efc45d5856ade3f0764e9d5cf652b8fc70501,395,r3tards,R3TARDS
67226021,1775835517,0x3da84e28e0f399245c1c8012cbca50238a7b4149c1a5c86c2ea6ac5c9c9ba0d3,0x0000000000000000000000000000000000000000,0xdb6efc45d5856ade3f0764e9d5cf652b8fc70501,396,r3tards,R3TARDS
67226021,1775835517,0x3da84e28e0f399245c1c8012cbca50238a7b4149c1a5c86c2ea6ac5c9c9ba0d3,0x0000000000000000000000000000000000000000,0xdb6efc45d5856ade3f0764e9d5cf652b8fc70501,397,r3tards,R3TARDS
67226033,1775835522,0x54b54b23e9576c6b9fd0f0250b04b918d9a41e70d1fc1d9a3bb5f33b2e293035,0x0000000000000000000000000000000000000000,0x335f5af787199e6549c93d75fedff56b8225e25f,398,r3tards,R3TARDS
67226040,1775835525,0x7289b27f8cfd2dbd9fcbf6b3317ba56eafcd5ae055a6b80510b8b28b842fe51a,0x0000000000000000000000000000000000000000,0x2d19e24025cae803d2c84ef7e2389fd511e23b26,399,r3tards,R3TARDS
67226040,1775835525,0x7289b27f8cfd2dbd9fcbf6b3317ba56eafcd5ae055a6b80510b8b28b842fe51a,0x0000000000000000000000000000000000000000,0x2d19e24025cae803d2c84ef7e2389fd511e23b26,400,r3tards,R3TARDS
67226090,1775835545,0x86caf39362b068764de851f428a558ac0edf026dd98f1b3ad48eea3a581f161f,0x0000000000000000000000000000000000000000,0xcb70aa1b424a0ed377945d5fa5d22a2956270163,401,r3tards,R3TARDS
67226092,1775835546,0x2152b613fab4b7126e44770cb3e572a280ae80643d1a9aaa0af498d9831b0693,0x0000000000000000000000000000000000000000,0xf83f18492494ae2e873b0cd01633acbf75a4aec4,402,r3tards,R3TARDS
67226092,1775835546,0x2152b613fab4b7126e44770cb3e572a280ae80643d1a9aaa0af498d9831b0693,0x0000000000000000000000000000000000000000,0xf83f18492494ae2e873b0cd01633acbf75a4aec4,403,r3tards,R3TARDS
67226092,1775835546,0x2152b613fab4b7126e44770cb3e572a280ae80643d1a9aaa0af498d9831b0693,0x0000000000000000000000000000000000000000,0xf83f18492494ae2e873b0cd01633acbf75a4aec4,404,r3tards,R3TARDS
67226098,1775835548,0xbd15988102d28b967ee5275706440d14423d59834dbedfc8e46c6aced307a48f,0x0000000000000000000000000000000000000000,0xf48a18e24c2399e409130e4d45ff7a9ab4456571,405,r3tards,R3TARDS
67226098,1775835548,0xbd15988102d28b967ee5275706440d14423d59834dbedfc8e46c6aced307a48f,0x0000000000000000000000000000000000000000,0xf48a18e24c2399e409130e4d45ff7a9ab4456571,406,r3tards,R3TARDS
67226098,1775835548,0xbd15988102d28b967ee5275706440d14423d59834dbedfc8e46c6aced307a48f,0x0000000000000000000000000000000000000000,0xf48a18e24c2399e409130e4d45ff7a9ab4456571,407,r3tards,R3TARDS
67226140,1775835565,0x0839124c0c5db23e3cbdb0b9d73e02b459fcc63b32acaf355880d32fd60f5632,0x0000000000000000000000000000000000000000,0x5ac72f7f92ea6372d9e8a6131ac741163c97611f,408,r3tards,R3TARDS
67226181,1775835581,0xff96c3b01a54c365529e9be9bd78df68e03a9258513c96611221e9ec460cf563,0x0000000000000000000000000000000000000000,0x38a404d2e859572fab457ad9adf3cd2d4781d718,409,r3tards,R3TARDS
67226181,1775835581,0x4b01a2d9a50ca6167a3d59504be19c00a53a36a1c260dd0d1309106661150133,0x0000000000000000000000000000000000000000,0x0dab237c9a052674fc91bcd804349a83d89d02ba,410,r3tards,R3TARDS
67226181,1775835581,0x4b01a2d9a50ca6167a3d59504be19c00a53a36a1c260dd0d1309106661150133,0x0000000000000000000000000000000000000000,0x0dab237c9a052674fc91bcd804349a83d89d02ba,411,r3tards,R3TARDS
67226181,1775835581,0x4b01a2d9a50ca6167a3d59504be19c00a53a36a1c260dd0d1309106661150133,0x0000000000000000000000000000000000000000,0x0dab237c9a052674fc91bcd804349a83d89d02ba,412,r3tards,R3TARDS
67226212,1775835593,0x9d0bd8867de734e0ee0b3343f24faed1f32d8000ca38a3efd035cd384dcc6a8f,0x0000000000000000000000000000000000000000,0xa8cc55036843da11cf4588c42391d705f6d1dfc8,413,r3tards,R3TARDS
67226242,1775835605,0x9f178e31a7287070a885631122a5943bdfebce5719febefd071d55bec5aedadd,0x0000000000000000000000000000000000000000,0xa75595cb85e7de908ea2396afa0b7b493af08e3f,414,r3tards,R3TARDS
67226258,1775835612,0x5e5daa21f465ad951e624664f9f3ea75c4a3c722c9580ca1a1ccd18e5b9d1b42,0x0000000000000000000000000000000000000000,0x72b4ba37ddfb5e9cda5ba8b4176212d11de9f7f7,415,r3tards,R3TARDS
67226258,1775835612,0x5e5daa21f465ad951e624664f9f3ea75c4a3c722c9580ca1a1ccd18e5b9d1b42,0x0000000000000000000000000000000000000000,0x72b4ba37ddfb5e9cda5ba8b4176212d11de9f7f7,416,r3tards,R3TARDS
67226262,1775835613,0xd90bc58dfa7d2dac89f9d5301d9f19a165909559b3a87a8054992c2474c29bd4,0x0000000000000000000000000000000000000000,0xc3efec1be8d1d60da22e835afaa89844b4ce89a5,417,r3tards,R3TARDS
67226262,1775835613,0xd90bc58dfa7d2dac89f9d5301d9f19a165909559b3a87a8054992c2474c29bd4,0x0000000000000000000000000000000000000000,0xc3efec1be8d1d60da22e835afaa89844b4ce89a5,418,r3tards,R3TARDS
67226271,1775835617,0xaa18119b9f890aec83f8e1d7ab0ff3e6f48dc6bfa7da914ace18a338561187ed,0x0000000000000000000000000000000000000000,0x85c88614aa3a7ddfdd9a4ea469558aab4436ca2e,419,r3tards,R3TARDS
67226278,1775835620,0x27bbc7fb5be423536614533971cb6cfccdadce91cc4a4f3bf46c31633ee40245,0x0000000000000000000000000000000000000000,0xbf6d8b985634485218cd1fcc651144df4bd593e3,420,r3tards,R3TARDS
67226278,1775835620,0x27bbc7fb5be423536614533971cb6cfccdadce91cc4a4f3bf46c31633ee40245,0x0000000000000000000000000000000000000000,0xbf6d8b985634485218cd1fcc651144df4bd593e3,421,r3tards,R3TARDS
67226278,1775835620,0x27bbc7fb5be423536614533971cb6cfccdadce91cc4a4f3bf46c31633ee40245,0x0000000000000000000000000000000000000000,0xbf6d8b985634485218cd1fcc651144df4bd593e3,422,r3tards,R3TARDS
67226298,1775835628,0x94f333932fee94880756ef2354f2b3a9b5f981e0eabeb4263080b4f0c4465240,0x0000000000000000000000000000000000000000,0x49f4a74b4a7e3ee518f29556af98c66c51aec80c,423,r3tards,R3TARDS
67226298,1775835628,0x94f333932fee94880756ef2354f2b3a9b5f981e0eabeb4263080b4f0c4465240,0x0000000000000000000000000000000000000000,0x49f4a74b4a7e3ee518f29556af98c66c51aec80c,424,r3tards,R3TARDS
67226298,1775835628,0x94f333932fee94880756ef2354f2b3a9b5f981e0eabeb4263080b4f0c4465240,0x0000000000000000000000000000000000000000,0x49f4a74b4a7e3ee518f29556af98c66c51aec80c,425,r3tards,R3TARDS
67226307,1775835631,0x2283f88d95ffe08d1ad7a303cd4ac35bf11244a24576611ae8e1e007f9ff39cb,0x0000000000000000000000000000000000000000,0x3a61654b224868f44743bf40a1f1ef1f7f4840d9,426,r3tards,R3TARDS
67226321,1775835637,0x205401b28248db4de14f720f396e6f8773b44483e20d98066e8cfaec0df693de,0x0000000000000000000000000000000000000000,0xfe901b94b4768acff49e707e0003a7674816e840,427,r3tards,R3TARDS
67226321,1775835637,0x205401b28248db4de14f720f396e6f8773b44483e20d98066e8cfaec0df693de,0x0000000000000000000000000000000000000000,0xfe901b94b4768acff49e707e0003a7674816e840,428,r3tards,R3TARDS
67226350,1775835649,0x8056d88bb7949a052aa8cdbd47fc3a3eb64b8b34eceaf592157188fc860366f1,0x0000000000000000000000000000000000000000,0x374de3e2612cdf1836a5c66dabcffbc95190e1dc,429,r3tards,R3TARDS
67226423,1775835678,0x9a99dac6e915ce6ad14093a14093b9fd3c51b485f5fc75bdd8c0b0c525ea9cc4,0x0000000000000000000000000000000000000000,0xa75595cb85e7de908ea2396afa0b7b493af08e3f,430,r3tards,R3TARDS
67226471,1775835697,0x0028b37ecec5e390beafa869bbce563f36286827344e00c85c8bec5b67bc1ad7,0x0000000000000000000000000000000000000000,0x9416be96011d6c675164c37be2743128850e8a29,431,r3tards,R3TARDS
67226483,1775835702,0xe5148e61879e581b0de6c4235183784c41e9965bac98c8ab085a6af303683da5,0x0000000000000000000000000000000000000000,0x8abea4edb18f1d772ece1f65f6a41de660e9cc19,432,r3tards,R3TARDS
67226505,1775835711,0xa957089be38828dd3a3ffb88e9432c877d36d94348b03a13992d55f2c027be82,0x0000000000000000000000000000000000000000,0x164f04f4f4e6e28803ed3503ffcfe72b7d8a6b26,433,r3tards,R3TARDS
67226519,1775835716,0x1a418d9837dc0cfebdf101100226d3811a7c936a8ef6c372679e93960b131c9a,0x0000000000000000000000000000000000000000,0xeb0a0e981202428600c013897c7571c64107e92d,434,r3tards,R3TARDS
67226550,1775835729,0x8b6f33a498f42e821f2acb750029cb6b805a0483210db41bd3921aab7277796c,0x0000000000000000000000000000000000000000,0x0061d151577c2bf506e601b7642635a6565a3d3f,435,r3tards,R3TARDS
67226557,1775835732,0x8fd70982d9a17d96117ee46eefd0f9086100e86b353ef3b8551798efbf91414c,0x0000000000000000000000000000000000000000,0x721fb1502510029ded284897c5ab2a8fbd68d668,436,r3tards,R3TARDS
67226557,1775835732,0x8fd70982d9a17d96117ee46eefd0f9086100e86b353ef3b8551798efbf91414c,0x0000000000000000000000000000000000000000,0x721fb1502510029ded284897c5ab2a8fbd68d668,437,r3tards,R3TARDS
67226558,1775835732,0xc674b3412d7d9115764453b0b216f5c9a082b0014627acdcede144f8115e9524,0x0000000000000000000000000000000000000000,0x6ce417e92b65b7dfd975fed94d5699761737c2fa,438,r3tards,R3TARDS
67226559,1775835732,0xbd954a664f3c586ace705d1c1b9f013cad054ab49830449aaf519e9653967b16,0x0000000000000000000000000000000000000000,0xd724025aeffce1821a4c39d621d91cbe27d5251a,439,r3tards,R3TARDS
67226623,1775835758,0x7a93f1932a89a962818e8255b679375b043b3bd3212638fd2bf46c3b406741f0,0x0000000000000000000000000000000000000000,0x58b8501d951d11bd7875ec830a9935384b215acd,440,r3tards,R3TARDS
67226623,1775835758,0x7a93f1932a89a962818e8255b679375b043b3bd3212638fd2bf46c3b406741f0,0x0000000000000000000000000000000000000000,0x58b8501d951d11bd7875ec830a9935384b215acd,441,r3tards,R3TARDS
67226623,1775835758,0x7a93f1932a89a962818e8255b679375b043b3bd3212638fd2bf46c3b406741f0,0x0000000000000000000000000000000000000000,0x58b8501d951d11bd7875ec830a9935384b215acd,442,r3tards,R3TARDS
67226636,1775835763,0x527c8562e6b7071450d20404099abdf06cd04b39de82852ed3d92087b1ba3773,0x0000000000000000000000000000000000000000,0xb626bf8fde033a575356bb7f757f0833e5ada8d2,443,r3tards,R3TARDS
67226636,1775835763,0x527c8562e6b7071450d20404099abdf06cd04b39de82852ed3d92087b1ba3773,0x0000000000000000000000000000000000000000,0xb626bf8fde033a575356bb7f757f0833e5ada8d2,444,r3tards,R3TARDS
67226728,1775835800,0x51584bc5f2a5785a3763ce8f4512b54bf698462227025f1bec5f1d5b577160a3,0x0000000000000000000000000000000000000000,0xa400578a66fdf4049fd007e1cc56f0b860c59772,445,r3tards,R3TARDS
67226728,1775835800,0x51584bc5f2a5785a3763ce8f4512b54bf698462227025f1bec5f1d5b577160a3,0x0000000000000000000000000000000000000000,0xa400578a66fdf4049fd007e1cc56f0b860c59772,446,r3tards,R3TARDS
67226739,1775835804,0x6e811016bcf35fd976c670e875d2da9db2f15753ca42c68493ddbe4fd7e298b6,0x0000000000000000000000000000000000000000,0x42ab68a3d695d0721a3b362b49db4b6d8aed9014,447,r3tards,R3TARDS
67226784,1775835822,0xd4967817f51789a8c859cb4855e0e50cd8f4240101a204ba5df4226be5d856c7,0x0000000000000000000000000000000000000000,0x33c1cde57687b33388c4c9edf9904680140844c4,448,r3tards,R3TARDS
67226784,1775835822,0xd4967817f51789a8c859cb4855e0e50cd8f4240101a204ba5df4226be5d856c7,0x0000000000000000000000000000000000000000,0x33c1cde57687b33388c4c9edf9904680140844c4,449,r3tards,R3TARDS
67226833,1775835842,0xaa64e58be19854c46da1ef4f0903da761c14e6292a1ac0c8c2142f23d0131c70,0x0000000000000000000000000000000000000000,0xa115cd20434a5f65d62b028bc28b897477b60d88,450,r3tards,R3TARDS
67226833,1775835842,0xaa64e58be19854c46da1ef4f0903da761c14e6292a1ac0c8c2142f23d0131c70,0x0000000000000000000000000000000000000000,0xa115cd20434a5f65d62b028bc28b897477b60d88,451,r3tards,R3TARDS
67226841,1775835845,0x988520ab561de1d455dd604b9ac40a1388fef8998093a11a746529ff9a10654b,0x0000000000000000000000000000000000000000,0xbf41adfddaddf8a8798052c9b72374953192f432,452,r3tards,R3TARDS
67226879,1775835860,0xcd5fef6d6b14156cd12a2eba6fbfcdb3d85591d710427bb718804eca2159c9d9,0x0000000000000000000000000000000000000000,0xfcb341e284bfbd8a466172e83b79fdf70a8490e8,453,r3tards,R3TARDS
67226879,1775835860,0xcd5fef6d6b14156cd12a2eba6fbfcdb3d85591d710427bb718804eca2159c9d9,0x0000000000000000000000000000000000000000,0xfcb341e284bfbd8a466172e83b79fdf70a8490e8,454,r3tards,R3TARDS
67226879,1775835860,0xcd5fef6d6b14156cd12a2eba6fbfcdb3d85591d710427bb718804eca2159c9d9,0x0000000000000000000000000000000000000000,0xfcb341e284bfbd8a466172e83b79fdf70a8490e8,455,r3tards,R3TARDS
67226928,1775835880,0x8f98755f615c4a857586d5913fb41adf5f96b8cb257118317999afe3f74ad261,0x0000000000000000000000000000000000000000,0x1bec415123333c796008c78eb0b8cc6bdc447d6b,456,r3tards,R3TARDS
67226928,1775835880,0x8f98755f615c4a857586d5913fb41adf5f96b8cb257118317999afe3f74ad261,0x0000000000000000000000000000000000000000,0x1bec415123333c796008c78eb0b8cc6bdc447d6b,457,r3tards,R3TARDS
67226964,1775835894,0x03bc0b7475a4208e9f08eaa18111d61e696bc286b841c7fd707fe51fbc0cef9e,0x0000000000000000000000000000000000000000,0xb8f1ba7e145e33c0e7fda17e7d078c096a9d1584,458,r3tards,R3TARDS
67226978,1775835900,0x645c97538b46b3058e7f6e44ff2cf58736750b4624af9f3556e3a2b3e6daf8da,0x0000000000000000000000000000000000000000,0x25175de9eb8c5d9aa82bd65ceedf1dfe435dec9f,459,r3tards,R3TARDS
67227075,1775835939,0x7bc941af1d3b5bf3df6aeb8263318653e0e10584217467e531a15b8744c3fed0,0x0000000000000000000000000000000000000000,0xc2e3d2a039b437dabd01626113b809678c5effc6,460,r3tards,R3TARDS
67227119,1775835957,0xe29fd9df4cf00fabaa1f889c0d90425e7ba9389e8aaad1db6a25e5ffb7fc0b0d,0x0000000000000000000000000000000000000000,0x03a30a6597b97e6a3de86ad3a33298520e3e3257,461,r3tards,R3TARDS
67227121,1775835957,0xfae06f749a3cd8a3a7ca00f28fc2388c662eaa70f59beebb2855cc426617cfec,0x0000000000000000000000000000000000000000,0xdcba3f2d2447e0b3e4c26bcecf938f2f07d6b6a7,462,r3tards,R3TARDS
67227198,1775835988,0xe7b639ab8983dc8ff6492612312db51221041bc2856d052a7167569324559221,0x0000000000000000000000000000000000000000,0xec4591106db1bbeb3da6bed6a19bf6d5df9e660c,463,r3tards,R3TARDS
67227208,1775835992,0x1caa51c73534215aafac2cf9d990ff5396dd0a252fb826f6bdb4af9153f974e8,0x0000000000000000000000000000000000000000,0x21b056c93e9754be6449dd7b8baa1a75f67aeaaa,464,r3tards,R3TARDS
67227228,1775836000,0xef2ab65aa05a1e5b5fa9e7214916dafe3b24a82a716e65385043ae06a0d16f82,0x0000000000000000000000000000000000000000,0xf7e5f33025ab4be12fb1d4da61f846037fe0d00a,465,r3tards,R3TARDS
67227228,1775836000,0xef2ab65aa05a1e5b5fa9e7214916dafe3b24a82a716e65385043ae06a0d16f82,0x0000000000000000000000000000000000000000,0xf7e5f33025ab4be12fb1d4da61f846037fe0d00a,466,r3tards,R3TARDS
67227228,1775836000,0xef2ab65aa05a1e5b5fa9e7214916dafe3b24a82a716e65385043ae06a0d16f82,0x0000000000000000000000000000000000000000,0xf7e5f33025ab4be12fb1d4da61f846037fe0d00a,467,r3tards,R3TARDS
67227257,1775836012,0x00520ddae306a25e6229a93302ea0b525c24018236d9d5a97974872d601a0585,0x0000000000000000000000000000000000000000,0x18ebabfce2f021728396a64b3e9e54a2c919db77,468,r3tards,R3TARDS
67227258,1775836012,0xbdefe3593617cef3209144e3afeac6f05f9cab51a89c913487a8ae9db4095d43,0x0000000000000000000000000000000000000000,0xb75d61a55fd7e3bfc161f904763479856d267540,469,r3tards,R3TARDS
67227278,1775836020,0x60d2345e221f3419f3c039500cc32bc7c4e65d84658f469221f20dac900df217,0x0000000000000000000000000000000000000000,0xe2542f84b3228d69347e6e4c959fe0efb6ca1950,470,r3tards,R3TARDS
67227319,1775836037,0xb1622506bb5ae9c85f644eaa038b754da35e4762ca9cf1887a13315fb0e5209c,0x0000000000000000000000000000000000000000,0xc960517dee7a3fc8b1f28481fd82756023d3470d,471,r3tards,R3TARDS
67227319,1775836037,0xb1622506bb5ae9c85f644eaa038b754da35e4762ca9cf1887a13315fb0e5209c,0x0000000000000000000000000000000000000000,0xc960517dee7a3fc8b1f28481fd82756023d3470d,472,r3tards,R3TARDS
67227428,1775836081,0x5375a04dd5687cf247acfbcdd9a4f9a12a08283004919d820928916db6fbd05e,0x0000000000000000000000000000000000000000,0x963572ba464dde8f437e19b6110bc38d5dc00c21,473,r3tards,R3TARDS
67227444,1775836087,0xc00fc3c650679ce5171d665db4f65aaebfab5307ffd27d78c3ae33815c47f5f7,0x0000000000000000000000000000000000000000,0xabd29e9f206b20148e03f95c31c5f3139c0e9999,474,r3tards,R3TARDS
67227460,1775836093,0x28efb96c86a4c2264d220e7214172b2347fbf5757a72ba25a87c03eddb36262e,0x0000000000000000000000000000000000000000,0xa9efd848b3375560b34c9f4783ca7bdfcc23badd,475,r3tards,R3TARDS
67227465,1775836095,0x7989b2e36ae4daa4fa3c47330a657a701279dac79592e5c623c02f18dfd4839a,0x0000000000000000000000000000000000000000,0x2c0b7e9f1e5a76a205e6de9028d1d64cfd31fefa,476,r3tards,R3TARDS
67227793,1775836227,0xcc8626b55fef5da38a1bfee632c76578984c409e803228c2b875f343051bbd45,0x0000000000000000000000000000000000000000,0xde15769bcd6c60d56e993841f77deddb7f5c29e5,477,r3tards,R3TARDS
67227848,1775836248,0xd6764832e95baee52852ca45247cd3fe7870c6fd4a615748d24d970abf3db35f,0x0000000000000000000000000000000000000000,0x6e1e4d3bcb1bb7c8f97b985a5f93c11c3808f4b4,478,r3tards,R3TARDS
67227949,1775836288,0xfdcc68361b889ea340451baf72c7849ea9684c2047f78015561c3bad4e2b05a7,0x0000000000000000000000000000000000000000,0x7947d3a0a678f93a9ddb47a4153fcaa6c510a9f1,479,r3tards,R3TARDS
67227949,1775836288,0xfdcc68361b889ea340451baf72c7849ea9684c2047f78015561c3bad4e2b05a7,0x0000000000000000000000000000000000000000,0x7947d3a0a678f93a9ddb47a4153fcaa6c510a9f1,480,r3tards,R3TARDS
67227949,1775836288,0xfdcc68361b889ea340451baf72c7849ea9684c2047f78015561c3bad4e2b05a7,0x0000000000000000000000000000000000000000,0x7947d3a0a678f93a9ddb47a4153fcaa6c510a9f1,481,r3tards,R3TARDS
67228002,1775836310,0x4c8b4a14e9265c5c2b32baa2e35e2cc9e2d68f197de0f7e4edf966d74d7e807b,0x0000000000000000000000000000000000000000,0x3182cec649349ca50dbc344fbc2fc15ae3cdcc94,482,r3tards,R3TARDS
67228088,1775836343,0xe57306eda019f5fd1ebf3b920d660b908d7b1709e8d38a3e240c54abadbbba48,0x0000000000000000000000000000000000000000,0x5c1400db3994a25be52787415074a50379f60f6f,483,r3tards,R3TARDS
67228088,1775836343,0xe57306eda019f5fd1ebf3b920d660b908d7b1709e8d38a3e240c54abadbbba48,0x0000000000000000000000000000000000000000,0x5c1400db3994a25be52787415074a50379f60f6f,484,r3tards,R3TARDS
67228104,1775836350,0x40fb9dcb44a5ab2353505722b278af5c892e8fee5a8ca312018d77769eb1af9c,0x0000000000000000000000000000000000000000,0xb5d57bb186b0e670d8e083ac11d29ebc3a851bea,485,r3tards,R3TARDS
67228135,1775836362,0x247c60801db3b7976272da4a572bfe8562245b0cd9bfc0bd099211a4ca056aac,0x0000000000000000000000000000000000000000,0xe2542f84b3228d69347e6e4c959fe0efb6ca1950,486,r3tards,R3TARDS
67228152,1775836369,0xece4ccc1fa2e195ce4bb9bea26ccd356474ab09149464f8489fb4e1b675bc742,0x0000000000000000000000000000000000000000,0xbbf33aeeaa5a68cece77c01d2b4eacd4d685136a,487,r3tards,R3TARDS
67228152,1775836369,0xece4ccc1fa2e195ce4bb9bea26ccd356474ab09149464f8489fb4e1b675bc742,0x0000000000000000000000000000000000000000,0xbbf33aeeaa5a68cece77c01d2b4eacd4d685136a,488,r3tards,R3TARDS
67228207,1775836391,0x6d5e9aeee0df2da76dc3931b6fdf82f4e76545372392f875b3611738f1771743,0x0000000000000000000000000000000000000000,0x1a9df3d0ea5c834cf330524f653af3e5dbb56c27,489,r3tards,R3TARDS
67228354,1775836449,0x05c998efbb3d8c374d5630e6c2c0cfff3f8a9fc24495af0a5c9f788c9f213f13,0x0000000000000000000000000000000000000000,0xc526e2387ed20edab146728e28618caababe0e21,490,r3tards,R3TARDS
67228354,1775836449,0x05c998efbb3d8c374d5630e6c2c0cfff3f8a9fc24495af0a5c9f788c9f213f13,0x0000000000000000000000000000000000000000,0xc526e2387ed20edab146728e28618caababe0e21,491,r3tards,R3TARDS
67228355,1775836450,0xc6c0b0da570f2c4b4f78186056a0e030a4079436c499e5cc6a0d56ca7b4a112b,0x0000000000000000000000000000000000000000,0x6b0ea98a38fbd26eb10f76fa9ac4101578fc33f0,492,r3tards,R3TARDS
67228426,1775836479,0xf31f419b2f53de87dc80abd3f00499bed39f4818a28f9faf4d4fab76b8e7130e,0x0000000000000000000000000000000000000000,0x6b0ea98a38fbd26eb10f76fa9ac4101578fc33f0,493,r3tards,R3TARDS
67228506,1775836511,0xe63fb3d6e2b55862e2b779f8df60eae828d8a8274ae7e25b42072358903ce4b3,0x0000000000000000000000000000000000000000,0x9e54d103b00aecb003459bea82475dbfc370fddf,494,r3tards,R3TARDS
67228506,1775836511,0xe63fb3d6e2b55862e2b779f8df60eae828d8a8274ae7e25b42072358903ce4b3,0x0000000000000000000000000000000000000000,0x9e54d103b00aecb003459bea82475dbfc370fddf,495,r3tards,R3TARDS
67228626,1775836559,0x05049b41653443748dee65058c3adc30d94acac64c156db8e49370fbe0720cab,0x0000000000000000000000000000000000000000,0x3ad229857e446b9c4e101c9e81d23813174ae00f,496,r3tards,R3TARDS
67228626,1775836559,0x05049b41653443748dee65058c3adc30d94acac64c156db8e49370fbe0720cab,0x0000000000000000000000000000000000000000,0x3ad229857e446b9c4e101c9e81d23813174ae00f,497,r3tards,R3TARDS
67228639,1775836565,0x09c4dcd213335a18aadc0cf4995c8aeed7b6110c3f56a4459fb7eab75c801d58,0x0000000000000000000000000000000000000000,0xcb47222497c87a75b211d333a25c7e7cc8abfc90,498,r3tards,R3TARDS
67228639,1775836565,0x09c4dcd213335a18aadc0cf4995c8aeed7b6110c3f56a4459fb7eab75c801d58,0x0000000000000000000000000000000000000000,0xcb47222497c87a75b211d333a25c7e7cc8abfc90,499,r3tards,R3TARDS
67228665,1775836575,0x8bb3f0c8b8d52042b58b786f1132fbe41315b1c29ab8bc043f50ad8d656bc967,0x0000000000000000000000000000000000000000,0xc83e05f6e9a29fef85b9ea50c4db3deff1caa8a5,500,r3tards,R3TARDS
67228788,1775836625,0xed9b8cfc655ba631c68f3aae95fc63d2db7d303c88b00cf43f22631751424be4,0x0000000000000000000000000000000000000000,0x92e257a98cd2829298ed4f4b4119ded127bf4f6b,501,r3tards,R3TARDS
67228882,1775836662,0xccc19227b8c5387fd03e2f001119d2eb783f1937d720d39e33a01dc8e54e68b1,0x0000000000000000000000000000000000000000,0x1751f7250e0bc37605ec6225e6f206027dbf384d,502,r3tards,R3TARDS
67228882,1775836662,0xccc19227b8c5387fd03e2f001119d2eb783f1937d720d39e33a01dc8e54e68b1,0x0000000000000000000000000000000000000000,0x1751f7250e0bc37605ec6225e6f206027dbf384d,503,r3tards,R3TARDS
67228920,1775836678,0xcf143f4df25fe56d65954e21929946f2756d971ff9343742426aaf8ac80c84a4,0x0000000000000000000000000000000000000000,0x18a698b167e61388eb9953f42b88c5d92f26dd82,504,r3tards,R3TARDS
67228920,1775836678,0x0f9c3eee5729b71702d3943aae5afcb185f61a60da87af47b45094f77f7508b8,0x0000000000000000000000000000000000000000,0xad2cabb2a4cbd74b2d0167138474c1a6f475b0f5,505,r3tards,R3TARDS
67228920,1775836678,0x0f9c3eee5729b71702d3943aae5afcb185f61a60da87af47b45094f77f7508b8,0x0000000000000000000000000000000000000000,0xad2cabb2a4cbd74b2d0167138474c1a6f475b0f5,506,r3tards,R3TARDS
67228920,1775836678,0x0f9c3eee5729b71702d3943aae5afcb185f61a60da87af47b45094f77f7508b8,0x0000000000000000000000000000000000000000,0xad2cabb2a4cbd74b2d0167138474c1a6f475b0f5,507,r3tards,R3TARDS
67228971,1775836699,0x56c6eee82ee351c8acdeee64f828296f28cad097809065e89fce12dd7f795d37,0x0000000000000000000000000000000000000000,0x59ae0de4bae0ba8dcf1799adcc206f76c9aea8e0,508,r3tards,R3TARDS
67228997,1775836710,0x85bdba6433bd7bc1c7c3a403eed53d39bdb9927ac8b5ac6a7b96821bea1b7c75,0x0000000000000000000000000000000000000000,0xb0e06add73ddd276d731f5419ebaf81d6615b14e,509,r3tards,R3TARDS
67228997,1775836710,0x85bdba6433bd7bc1c7c3a403eed53d39bdb9927ac8b5ac6a7b96821bea1b7c75,0x0000000000000000000000000000000000000000,0xb0e06add73ddd276d731f5419ebaf81d6615b14e,510,r3tards,R3TARDS
67229114,1775836757,0x63322fe4e70f8aebf955c055f365d55c15bb32a3a5ce29c1a46955f9f96424cb,0x0000000000000000000000000000000000000000,0xdba9ccc0f94c96bfc51628978b71981aebaa694d,511,r3tards,R3TARDS
67229276,1775836822,0xc7dd8f011ddec8b441a622387ee7d5ca2d1ce7c0ec2fad2a177fa9f6d069c433,0x0000000000000000000000000000000000000000,0x6a45168375ee0c08e8ede3e8ce083240c7bf6516,512,r3tards,R3TARDS
67229276,1775836822,0xc7dd8f011ddec8b441a622387ee7d5ca2d1ce7c0ec2fad2a177fa9f6d069c433,0x0000000000000000000000000000000000000000,0x6a45168375ee0c08e8ede3e8ce083240c7bf6516,513,r3tards,R3TARDS
67229276,1775836822,0xc7dd8f011ddec8b441a622387ee7d5ca2d1ce7c0ec2fad2a177fa9f6d069c433,0x0000000000000000000000000000000000000000,0x6a45168375ee0c08e8ede3e8ce083240c7bf6516,514,r3tards,R3TARDS
67229346,1775836851,0x4b4f3f2d7ab4caf19e7f5cf01c8acdb831e719619f2fbac4fb1d60134ee93cb6,0x0000000000000000000000000000000000000000,0x4d70e16096697c150326baac71e35eec32b03134,515,r3tards,R3TARDS
67229354,1775836854,0xd3dd6e95d1479a4b7cb89331ce6653f273f203e52cfdf5be8ce0e0bce22f5562,0x0000000000000000000000000000000000000000,0x9986873e5bb99141fb49b30c55bc14f22c0d9e65,516,r3tards,R3TARDS
67229354,1775836854,0xd3dd6e95d1479a4b7cb89331ce6653f273f203e52cfdf5be8ce0e0bce22f5562,0x0000000000000000000000000000000000000000,0x9986873e5bb99141fb49b30c55bc14f22c0d9e65,517,r3tards,R3TARDS
67229368,1775836860,0x67b4cce35739519cdac9b0eb99d6c4b41546b8c900daf14554a9cb9e2d8c9621,0x0000000000000000000000000000000000000000,0x93a4d3d4454644a3df432d196999424283420cd0,518,r3tards,R3TARDS
67229478,1775836905,0xfb9399a9e16074803bdfb8da63d918ae443ac50a61953845e92a3693f7349849,0x0000000000000000000000000000000000000000,0x0b0705f41012dece7dccaa4a5fdd6c72c93c7ef0,519,r3tards,R3TARDS
67229601,1775836954,0xf524e5f7af7aebd440a0b5fb81b92766ca00efa17ff26069036fb02083cd3443,0x0000000000000000000000000000000000000000,0x7ab4db3c4e8484b51c6d467640ed490a0efc4497,520,r3tards,R3TARDS
67229608,1775836957,0xc90a19d97554f28fb58e88af10e8c6ff0d14785be85ac7c2c48c0b0358cd3d9c,0x0000000000000000000000000000000000000000,0xf2f5da9a4bc63f9aa77ac67f8ca2700e8218deb1,521,r3tards,R3TARDS
67229683,1775836987,0xdd04b2a79c7cf176a5ee1e295f2c91ff2888c1c8b99548896a4645232840fa33,0x0000000000000000000000000000000000000000,0x3afa42d87d546bf899159d858af7a650719ddbc9,522,r3tards,R3TARDS
67229683,1775836987,0xdd04b2a79c7cf176a5ee1e295f2c91ff2888c1c8b99548896a4645232840fa33,0x0000000000000000000000000000000000000000,0x3afa42d87d546bf899159d858af7a650719ddbc9,523,r3tards,R3TARDS
67230014,1775837120,0x7526ac57d60b3dd4600143571d9c6d4dc4317e435a137e9af5e6f47d76492edf,0x0000000000000000000000000000000000000000,0x8d7c6de4452d81af56113d42898032dc6b4828a4,524,r3tards,R3TARDS
67230088,1775837150,0xf2d6410b1719868b286a436ceb96bea81ffd3be29cbcd69700fd205331f6cc62,0x0000000000000000000000000000000000000000,0xb62d4d6609679c94b39b5c319b041d385ed70bd3,525,r3tards,R3TARDS
67230111,1775837159,0x383ff9d70005e2bccaed016f89adad3dbc7c56c9343a7dec742093a0f5007385,0x0000000000000000000000000000000000000000,0xb4f1f817809586d98c63886ec8d4d635185fa5d9,526,r3tards,R3TARDS
67230111,1775837159,0x383ff9d70005e2bccaed016f89adad3dbc7c56c9343a7dec742093a0f5007385,0x0000000000000000000000000000000000000000,0xb4f1f817809586d98c63886ec8d4d635185fa5d9,527,r3tards,R3TARDS
67230111,1775837159,0x383ff9d70005e2bccaed016f89adad3dbc7c56c9343a7dec742093a0f5007385,0x0000000000000000000000000000000000000000,0xb4f1f817809586d98c63886ec8d4d635185fa5d9,528,r3tards,R3TARDS
67230111,1775837159,0x383ff9d70005e2bccaed016f89adad3dbc7c56c9343a7dec742093a0f5007385,0x0000000000000000000000000000000000000000,0xb4f1f817809586d98c63886ec8d4d635185fa5d9,529,r3tards,R3TARDS
67230175,1775837185,0xd0ee67cda9c16ae7ba3d691740914cfb778b28701432769518986db7f379b5a7,0x0000000000000000000000000000000000000000,0x62a8616461669b038f6992893af0c9d56ad79415,530,r3tards,R3TARDS
67230230,1775837208,0xd7a716292c9e148d2a9ffb39c30ff6c70468fcd102f4d387b9ee6fb0f492d21e,0x0000000000000000000000000000000000000000,0xaebc10486574a0d5ae8e3c65d0b76325846234ff,531,r3tards,R3TARDS
67230378,1775837269,0x6aee9b53ffc1fd7994b797877cb2085a72295f492a26fc87a748a5a1ab0bb2c7,0x0000000000000000000000000000000000000000,0xd97326a35130d5e8c8480b6b1e509dddbd752e9d,532,r3tards,R3TARDS
67230438,1775837293,0xd4b6a184a85f1a27999146494a92bd5f2a22e34acdfbc47cb2eebb751d4332e7,0x0000000000000000000000000000000000000000,0x35e3a5f9a59a441f5b87416ed68eb99753e59171,533,r3tards,R3TARDS
67230438,1775837293,0xd4b6a184a85f1a27999146494a92bd5f2a22e34acdfbc47cb2eebb751d4332e7,0x0000000000000000000000000000000000000000,0x35e3a5f9a59a441f5b87416ed68eb99753e59171,534,r3tards,R3TARDS
67230480,1775837310,0x6c4bc8b1e582911b2a9fc865de01b4b8aa387e5cbb8c63dd3b793f4558da80fd,0x0000000000000000000000000000000000000000,0x1cc533c9bdc845ac3f6209ec8e7e51d3a86cbefe,535,r3tards,R3TARDS
67230480,1775837310,0x6c4bc8b1e582911b2a9fc865de01b4b8aa387e5cbb8c63dd3b793f4558da80fd,0x0000000000000000000000000000000000000000,0x1cc533c9bdc845ac3f6209ec8e7e51d3a86cbefe,536,r3tards,R3TARDS
67230480,1775837310,0x6c4bc8b1e582911b2a9fc865de01b4b8aa387e5cbb8c63dd3b793f4558da80fd,0x0000000000000000000000000000000000000000,0x1cc533c9bdc845ac3f6209ec8e7e51d3a86cbefe,537,r3tards,R3TARDS
67230486,1775837313,0xade752afee05e7c5fe6de22706fcbf038c7d7a568471d1b2c75c34b229fa6366,0x0000000000000000000000000000000000000000,0x108541e5122a04e97a279d5a3df18e0d71f27e16,538,r3tards,R3TARDS
67230709,1775837404,0x1a9562d6b72d0fc7135cb05256a9a5dc7565da4ae965d07128397aadb457a8b0,0x0000000000000000000000000000000000000000,0xaebc10486574a0d5ae8e3c65d0b76325846234ff,539,r3tards,R3TARDS
67231122,1775837573,0xf4ecf4c28d566708012f8e01a47186ae1455714a80ba403f135ea3e95f1dcdad,0x0000000000000000000000000000000000000000,0x81264cec072b413fecd31b34e141ee0d86ca43d1,540,r3tards,R3TARDS
67231200,1775837604,0xe0fe61cb43708370717a3150936d194b724f04d5588092d2d29b558339b0393c,0x0000000000000000000000000000000000000000,0x7bb3bc8164885d8d8f287e9336b0450b8683db4c,541,r3tards,R3TARDS
67231234,1775837618,0x3102007f2731e7545048835dfa9a1523e0cb78f84c3557a4ec17291a64500547,0x0000000000000000000000000000000000000000,0x3a61654b224868f44743bf40a1f1ef1f7f4840d9,542,r3tards,R3TARDS
67231335,1775837659,0x95759c3e2814d15409cb6cfb3fb8cb8b5c8c3c6c76e716458adcf342e6ba31b2,0x0000000000000000000000000000000000000000,0x0e25dff76ab5e0cadb69eef99b600bac12d725cf,543,r3tards,R3TARDS
67231344,1775837662,0xb30e9bc0e194233ee48f8ac8eb017a05525179eaaff4a72b18238b6c4b9ccefc,0x0000000000000000000000000000000000000000,0xf0b71a9e7f7d2f521c29dfe3f9a9c48264eb9892,544,r3tards,R3TARDS
67231344,1775837662,0xb30e9bc0e194233ee48f8ac8eb017a05525179eaaff4a72b18238b6c4b9ccefc,0x0000000000000000000000000000000000000000,0xf0b71a9e7f7d2f521c29dfe3f9a9c48264eb9892,545,r3tards,R3TARDS
67231344,1775837662,0xb30e9bc0e194233ee48f8ac8eb017a05525179eaaff4a72b18238b6c4b9ccefc,0x0000000000000000000000000000000000000000,0xf0b71a9e7f7d2f521c29dfe3f9a9c48264eb9892,546,r3tards,R3TARDS
67231449,1775837704,0x0e117276315a4e59c016d4f87434799c1a909ef4eb172880824c4927d89faada,0x0000000000000000000000000000000000000000,0xea60193bdb97df613fbd0ddd439168631ac228c4,547,r3tards,R3TARDS
67231449,1775837704,0x0e117276315a4e59c016d4f87434799c1a909ef4eb172880824c4927d89faada,0x0000000000000000000000000000000000000000,0xea60193bdb97df613fbd0ddd439168631ac228c4,548,r3tards,R3TARDS
67231451,1775837705,0xfa54fdf099e15aa8727618c587b58de978adf8e9d7021a184189304edc37bb32,0x0000000000000000000000000000000000000000,0x41ccd7cfe46ede6ecf0a841c9a7afcd7599c254a,549,r3tards,R3TARDS
67231451,1775837705,0xfa54fdf099e15aa8727618c587b58de978adf8e9d7021a184189304edc37bb32,0x0000000000000000000000000000000000000000,0x41ccd7cfe46ede6ecf0a841c9a7afcd7599c254a,550,r3tards,R3TARDS
67232009,1775837927,0x06dc20c2c9da51d094b3b2a971c65d180cc925e2537c8a48cd4ef3aa773c9ce9,0x0000000000000000000000000000000000000000,0x8e7fa4c136e291fea64aa701a46bec6b461f24ec,551,r3tards,R3TARDS
67232074,1775837953,0x2ac79d1f916112e58bc7156313aa42b0778f26226282f059283535af4e97edf4,0x0000000000000000000000000000000000000000,0x3449b3348fd092042d8fd88717217f10cf1c4429,552,r3tards,R3TARDS
67232074,1775837953,0x2ac79d1f916112e58bc7156313aa42b0778f26226282f059283535af4e97edf4,0x0000000000000000000000000000000000000000,0x3449b3348fd092042d8fd88717217f10cf1c4429,553,r3tards,R3TARDS
67232251,1775838023,0x9d3c43241dc285e73229bd862416621c63b96305be5cc77ae96ec1c4eab09ddd,0x0000000000000000000000000000000000000000,0xba97282d71d3c5b73fd23ec3fb8514aa092004d4,554,r3tards,R3TARDS
67232263,1775838028,0x108e5160789809e99f9c4f8b98b55a0271cf4b7acbe3bd5becef49462365c15f,0x0000000000000000000000000000000000000000,0xcaaefc94b2b0ef00e0502d02bb6343d20733c3f5,555,r3tards,R3TARDS
67232280,1775838035,0x837cb8c381f5f368883d5df0d0c9f0b3ca8eccce136a0de4426b576b3c3ad08e,0x0000000000000000000000000000000000000000,0xb8afd6a452a3459f70c0de50a81615e163402b02,556,r3tards,R3TARDS
67232280,1775838035,0x837cb8c381f5f368883d5df0d0c9f0b3ca8eccce136a0de4426b576b3c3ad08e,0x0000000000000000000000000000000000000000,0xb8afd6a452a3459f70c0de50a81615e163402b02,557,r3tards,R3TARDS
67232386,1775838078,0xcb752b3d35ea286ba1b3f99d33584d428ddbbd45028359c3a04444622d80fc60,0x0000000000000000000000000000000000000000,0xc1b43bbdcd6884b581f83ab92e9b718bad19dfb3,558,r3tards,R3TARDS
67232386,1775838078,0xcb752b3d35ea286ba1b3f99d33584d428ddbbd45028359c3a04444622d80fc60,0x0000000000000000000000000000000000000000,0xc1b43bbdcd6884b581f83ab92e9b718bad19dfb3,559,r3tards,R3TARDS
67232474,1775838112,0xbfbe2726b4f1a45c36899bcade126ee622c6655844e3b84a11f049989b817ab7,0x0000000000000000000000000000000000000000,0x9de86893337fb6750f847bb36cb7f095ade76dab,560,r3tards,R3TARDS
67232477,1775838113,0x0fe3ae9cbed838a01ae926f18ce67f2f6a9d051c9ba73acaede85e420a593d0b,0x0000000000000000000000000000000000000000,0x7baae4eab0e08ebb47f0b39acd77e390d4f321cf,561,r3tards,R3TARDS
67232477,1775838113,0x0fe3ae9cbed838a01ae926f18ce67f2f6a9d051c9ba73acaede85e420a593d0b,0x0000000000000000000000000000000000000000,0x7baae4eab0e08ebb47f0b39acd77e390d4f321cf,562,r3tards,R3TARDS
67232567,1775838149,0x4a100ae07a484401611dca4e9505f6096fb45b08f42b8cdb72dbd6ad7cd2ed9d,0x0000000000000000000000000000000000000000,0x78c0d40831c5ba5666696cc30090f2697ab5b57e,563,r3tards,R3TARDS
67232912,1775838289,0x54113232b9e7b166002751c993bba55706ef92ffc82e3fd33b2393e6f84c8afa,0x0000000000000000000000000000000000000000,0x93a4d3d4454644a3df432d196999424283420cd0,564,r3tards,R3TARDS
67233111,1775838369,0x103c604d0484efa8ca73c17d668597f76761daa957d048aaa37060583741da14,0x0000000000000000000000000000000000000000,0x28f07a28afb69aa5b81540f49dd3676c11c4ab36,565,r3tards,R3TARDS
67233111,1775838369,0x103c604d0484efa8ca73c17d668597f76761daa957d048aaa37060583741da14,0x0000000000000000000000000000000000000000,0x28f07a28afb69aa5b81540f49dd3676c11c4ab36,566,r3tards,R3TARDS
67233140,1775838380,0x3c2857ef4722385fba0065c2baa0f7e720e278ffff7d1a2fa5632e0b0b3f1327,0x0000000000000000000000000000000000000000,0x13fad43cec2c57053c12ca4da10410638f9593df,567,r3tards,R3TARDS
67233372,1775838474,0x03ad3c11620ad4cfc7376a9dff2936bfe0007ca1d8c5551b0ee3ae3049fd108d,0x0000000000000000000000000000000000000000,0x6c606c9f87218884ce0096105be97e271dc4ba0b,568,r3tards,R3TARDS
67233454,1775838507,0x01d3bb33bb57b732cbfdb73d0b357195ec0c1d4edd6204e53918afc9fb2f9e99,0x0000000000000000000000000000000000000000,0xa3d506ea0aea630730332b61b4dd057ca7c6b159,569,r3tards,R3TARDS
67233454,1775838507,0x01d3bb33bb57b732cbfdb73d0b357195ec0c1d4edd6204e53918afc9fb2f9e99,0x0000000000000000000000000000000000000000,0xa3d506ea0aea630730332b61b4dd057ca7c6b159,570,r3tards,R3TARDS
67233529,1775838537,0xa99bc449b41ff5f34dd285ca777ffef1b12047936617930a63665a2b990bd27d,0x0000000000000000000000000000000000000000,0xb41286c992e387d8ca79debc2d814bdf7e978e8e,571,r3tards,R3TARDS
67233568,1775838553,0xc10548ad3097bcc6ebead4fcc3900af7f0ddd7441313327ab906d06cfe63791d,0x0000000000000000000000000000000000000000,0x666b87e683e5c302daf93e6ee66429ccccdb8fe7,572,r3tards,R3TARDS
67233598,1775838565,0x74afbc502a93d9d9ff5040bcd93b20f4386edcfb2dfd409f97ba86acab9bcd6e,0x0000000000000000000000000000000000000000,0x4227a497668c9780c3bb122b0f56ed23c5baa8eb,573,r3tards,R3TARDS
67233994,1775838724,0x7038c4c70026d7103b8c8c6ebd930e0bb428d9d48e91eb6396b162171eafc49e,0x0000000000000000000000000000000000000000,0x57280ff3762897b4699c2213faeaed5a47300b82,574,r3tards,R3TARDS
67234085,1775838762,0xa738e9904cd9e1273e1c17ac44df2b70f22712154faced7ca75a86375202af07,0x0000000000000000000000000000000000000000,0x1cdf73414e7e7463e1cbd9886177ddcbc064ea9e,575,r3tards,R3TARDS
67234085,1775838762,0xa738e9904cd9e1273e1c17ac44df2b70f22712154faced7ca75a86375202af07,0x0000000000000000000000000000000000000000,0x1cdf73414e7e7463e1cbd9886177ddcbc064ea9e,576,r3tards,R3TARDS
67234395,1775838887,0x50d117c113eec7a0cbb495235512a6355f8abf374efee13414abab1ad91201e6,0x0000000000000000000000000000000000000000,0xcf10ce2d365b4a29c3052ecf3486d39b5b99a249,577,r3tards,R3TARDS
67234448,1775838908,0xd023b931a152061a9fb380394b7edabbaba599f625b3897a2ef21d652ba520b6,0x0000000000000000000000000000000000000000,0x74e66a000b14212a2baeec9edabf1ef4164f9e80,578,r3tards,R3TARDS
67234499,1775838929,0xd66e851152ce0010a33c9cd22cfaeedb0d550de359ad209b4692d0c484f0902e,0x0000000000000000000000000000000000000000,0x6c7c8abc426510451ce7a3a66dd6f144c3463b6f,579,r3tards,R3TARDS
67234536,1775838944,0x454c28492b82dac15572952d1b82df6a32eea74e1fde664661a6ca7aa3ccb53c,0x0000000000000000000000000000000000000000,0x917745978cbfb631da987fcc74cf291de1eb472f,580,r3tards,R3TARDS
67234536,1775838944,0x454c28492b82dac15572952d1b82df6a32eea74e1fde664661a6ca7aa3ccb53c,0x0000000000000000000000000000000000000000,0x917745978cbfb631da987fcc74cf291de1eb472f,581,r3tards,R3TARDS
67234616,1775838976,0x1a9b1fd97fae81755d21be7d3c5f9167f8f73de0312486869b422975e2bd8ce2,0x0000000000000000000000000000000000000000,0x7039b8e9055bca6b4a41950d21330b44964346a5,582,r3tards,R3TARDS
67234823,1775839059,0x36a52dae119fe981342a3b897c01d7fcb2cd68a9a723a5bbcca3e54eaaf19b10,0x0000000000000000000000000000000000000000,0xba502f2993559fb55e0e8db511c6e5d72d5d6156,583,r3tards,R3TARDS
67234823,1775839059,0x36a52dae119fe981342a3b897c01d7fcb2cd68a9a723a5bbcca3e54eaaf19b10,0x0000000000000000000000000000000000000000,0xba502f2993559fb55e0e8db511c6e5d72d5d6156,584,r3tards,R3TARDS
67234823,1775839059,0x36a52dae119fe981342a3b897c01d7fcb2cd68a9a723a5bbcca3e54eaaf19b10,0x0000000000000000000000000000000000000000,0xba502f2993559fb55e0e8db511c6e5d72d5d6156,585,r3tards,R3TARDS
67235228,1775839223,0xaa31d7c0c4780483ab52c561a5e4926c22854111569522f904526891389fd878,0x0000000000000000000000000000000000000000,0xbf3c54bfddb191132b4e42d9b937b8ba13eb5a8f,586,r3tards,R3TARDS
67235249,1775839232,0xfd6db5cf18fe99f979030c00e5ad47f16c87df657c1606b4a2b03211581dd1bb,0x0000000000000000000000000000000000000000,0x7fc0df2a76fc423c3d150d603292fabd06d5f782,587,r3tards,R3TARDS
67235438,1775839308,0xf9987c947481fe429d793bef5851d1659055a5814263dc87355c6436a0532e76,0x0000000000000000000000000000000000000000,0x0a38b174655bc36d1d855bb1adade24f1c89692d,588,r3tards,R3TARDS
67235557,1775839355,0xfae69158d827c416e3c6c9b56c234e39499d7a438be421668c3c4ceeb2a067aa,0x0000000000000000000000000000000000000000,0x9ff3b4cb2ad57f234a06e0077834d50ed1337e24,589,r3tards,R3TARDS
67235676,1775839404,0xdd40e4406e19dea67e3482219c69cbc273fc89c3bc4d0dca7eb01e6960a48b2b,0x0000000000000000000000000000000000000000,0x5942f2042c92ec77c200035d2a784ba6993024f2,590,r3tards,R3TARDS
67235903,1775839495,0xa91f80ef009b118c214c28ca45c47f2d9961e4df00474b63f5fe567ae408595a,0x0000000000000000000000000000000000000000,0xffe9309a3c8eb35c587130b9d5d1baf60eafb61b,591,r3tards,R3TARDS
67236098,1775839573,0xbf3ec56cd2c4aed5ae4be5b7789b2c41803a6d80cee573a29a22b2db3950d0a3,0x0000000000000000000000000000000000000000,0x09e48c3c1fdf2935933d66a716d01b48d19c5bc3,592,r3tards,R3TARDS
67236171,1775839603,0xb9f6ddb6de3924e5a9c27e69986c66df77b2c0337c9aa9a59b5d832869cb0c28,0x0000000000000000000000000000000000000000,0x56466a6ea6d50781590d361457364edb1a303a5a,593,r3tards,R3TARDS
67236171,1775839603,0xb9f6ddb6de3924e5a9c27e69986c66df77b2c0337c9aa9a59b5d832869cb0c28,0x0000000000000000000000000000000000000000,0x56466a6ea6d50781590d361457364edb1a303a5a,594,r3tards,R3TARDS
67236278,1775839645,0x24c8e8a153c9d0e98bd3ce1c0fed1fc45cb3638dfb975fee6ab547b9f1edcb08,0x0000000000000000000000000000000000000000,0x365132e4eb79a6a6a29f062deb8f05bff92d5ffb,595,r3tards,R3TARDS
67236344,1775839672,0xc438ec3c81e590c71f7ecd3033e70a82df7aabf9471dd5f4d82f13164993c290,0x0000000000000000000000000000000000000000,0x6ae5b022c5f0ffb90f7f881ee43311fbd1ea1b20,596,r3tards,R3TARDS
67236433,1775839708,0xa56253ec47f74eee872b511e7887cf01f20eac27550fc0f25ef0509d6f4b0a35,0x0000000000000000000000000000000000000000,0x67e2c2d9b795c51e49f0fba175853e6de0255a5e,597,r3tards,R3TARDS
67236490,1775839731,0x0f5732ce164ac77d1ecda82547e5228581a009a1e45a4d342a86c639f9bfbadb,0x0000000000000000000000000000000000000000,0x010475e36100b427bb4dbddb2c023124bebd5a38,598,r3tards,R3TARDS
67236924,1775839907,0x0e5af2d94165f5642989807fd177ad38f4cb6266cb31e90dc9b66382c2cd8aab,0x0000000000000000000000000000000000000000,0xeaaf049c385b33f20a472ad24046f4212868d055,599,r3tards,R3TARDS
67236998,1775839937,0x6a522d13c6c37e84584b11eb207243542008ecaa147f74a4bcc198d0c55107e7,0x0000000000000000000000000000000000000000,0x0412b04a6d8d2d235020a9c21564087839091912,600,r3tards,R3TARDS
67237354,1775840080,0x5b394c3949d73b67d64dd4d9a1701d5f44b4565b0e7c8064299ef2694be6f1bb,0x0000000000000000000000000000000000000000,0x8b9aeb3aac88f59d7441216dd37bcb98bf8a6b79,601,r3tards,R3TARDS
67237547,1775840157,0xf54ccb12c0b2d46d8d16b0c6a463e104b07c7dea8b2becd041fb93c296062eb4,0x0000000000000000000000000000000000000000,0x6dfcdff170e4fd5ae873a1c22e6d2edc259f4dd4,602,r3tards,R3TARDS
67237550,1775840158,0x8f1103f0976afa83f8ea0e06be329ec26bbae5b6dc9f9f898d1ffb238c3c40de,0x0000000000000000000000000000000000000000,0xa5ed9ba79bb481fad4a6361a3bf98dcdf5daa9f5,603,r3tards,R3TARDS
67237550,1775840158,0x8f1103f0976afa83f8ea0e06be329ec26bbae5b6dc9f9f898d1ffb238c3c40de,0x0000000000000000000000000000000000000000,0xa5ed9ba79bb481fad4a6361a3bf98dcdf5daa9f5,604,r3tards,R3TARDS
67237568,1775840165,0x4da08cfa17a17ec6afb84ee6873505691fd7a0c56310d2fcbb29154f36ba3119,0x0000000000000000000000000000000000000000,0x29abbdea47c7919d5ecf5c8310abe3f7a860ec22,605,r3tards,R3TARDS
67237600,1775840178,0xf0eb47be78c9c8f193dffaf0e5288ad10581f3a11bb73f86ec0010ed5ec4a6b3,0x0000000000000000000000000000000000000000,0x13fad43cec2c57053c12ca4da10410638f9593df,606,r3tards,R3TARDS
67237600,1775840178,0xf0eb47be78c9c8f193dffaf0e5288ad10581f3a11bb73f86ec0010ed5ec4a6b3,0x0000000000000000000000000000000000000000,0x13fad43cec2c57053c12ca4da10410638f9593df,607,r3tards,R3TARDS
67237852,1775840280,0x2b15f16be9d66288c40e0d02e6b22e071cbe7b67c9dcbaa8b249c49ecc9411de,0x0000000000000000000000000000000000000000,0x80ef2e24d7f903868079f672059e761799f6bb13,608,r3tards,R3TARDS
67237852,1775840280,0x2b15f16be9d66288c40e0d02e6b22e071cbe7b67c9dcbaa8b249c49ecc9411de,0x0000000000000000000000000000000000000000,0x80ef2e24d7f903868079f672059e761799f6bb13,609,r3tards,R3TARDS
67237852,1775840280,0x2b15f16be9d66288c40e0d02e6b22e071cbe7b67c9dcbaa8b249c49ecc9411de,0x0000000000000000000000000000000000000000,0x80ef2e24d7f903868079f672059e761799f6bb13,610,r3tards,R3TARDS
67238178,1775840410,0x6514247459b4e6582b686a5156761ee9a3092312d2b01e70c01053e49e0f9189,0x0000000000000000000000000000000000000000,0xa3014d7a4cfff47acb12e7d845e7c447ea93ceb2,611,r3tards,R3TARDS
67238178,1775840410,0x6514247459b4e6582b686a5156761ee9a3092312d2b01e70c01053e49e0f9189,0x0000000000000000000000000000000000000000,0xa3014d7a4cfff47acb12e7d845e7c447ea93ceb2,612,r3tards,R3TARDS
67238660,1775840604,0x0b160b36b78a0f68b568d9db93885b98449448e9fdefbc5f72b7e78a1d351675,0x0000000000000000000000000000000000000000,0x1b6bb660a4e5b8225cdcb4f58ebcfda21e9b723a,613,r3tards,R3TARDS
67238660,1775840604,0x0b160b36b78a0f68b568d9db93885b98449448e9fdefbc5f72b7e78a1d351675,0x0000000000000000000000000000000000000000,0x1b6bb660a4e5b8225cdcb4f58ebcfda21e9b723a,614,r3tards,R3TARDS
67238714,1775840625,0xc485c1995a87dafbfa93abeec699390b34135519ae7ab1d37983b4ed329a61eb,0x0000000000000000000000000000000000000000,0x1b6bb660a4e5b8225cdcb4f58ebcfda21e9b723a,615,r3tards,R3TARDS
67239374,1775840892,0x9a7ebbd9b476315a6f29598a76701af84c6c91aa606b91cac160d7b493647eaf,0x0000000000000000000000000000000000000000,0x7f05671e683ec11860e3f0ade545b93f63c0e9ab,616,r3tards,R3TARDS
67239378,1775840893,0xef4bd548d9e4c40729ecf88604588f111e5fa279e319c26f4b215c05a42b6fab,0x0000000000000000000000000000000000000000,0x2b038c93d14e889184e9a59ee8b997011c2673b0,617,r3tards,R3TARDS
67239571,1775840971,0x3aa1904efada646b25fb05ed414e0d825ac5bf98766dc3f90b979cba3de2c7d0,0x0000000000000000000000000000000000000000,0xe83b8d151209a57bf607238df479ff4e1ded8185,618,r3tards,R3TARDS
67239717,1775841030,0xd168b0e4782195bb82d4243f61b4b10a73d3d6d2cdedc2ad5aa244bf8c9916d4,0x0000000000000000000000000000000000000000,0xd96d9632e578cbd985674a93224da24275c174a7,619,r3tards,R3TARDS
67240021,1775841153,0xcda0d5f6da316b60ec2c91bd21bd53dfbd4ccff3ce9ba9177020a9e9d28caba3,0x0000000000000000000000000000000000000000,0xc8ed52097b4bdff2073752c2d729a07c775999a9,620,r3tards,R3TARDS
67240021,1775841153,0xcda0d5f6da316b60ec2c91bd21bd53dfbd4ccff3ce9ba9177020a9e9d28caba3,0x0000000000000000000000000000000000000000,0xc8ed52097b4bdff2073752c2d729a07c775999a9,621,r3tards,R3TARDS
67240166,1775841212,0x343d9665760bf315ab405f5877c884e076152101c4ce961d5aefdc85da6b1ef3,0x0000000000000000000000000000000000000000,0xc58db08586de823dc2464d734f6b3d2c7344ee88,622,r3tards,R3TARDS
67240250,1775841246,0x976323e7266daddefd845a557b042c7c50d74f931b93006aca06927ebd83acb4,0x0000000000000000000000000000000000000000,0xef1c34344abfa02c246798c223a117da99c09fc6,623,r3tards,R3TARDS
67240250,1775841246,0x976323e7266daddefd845a557b042c7c50d74f931b93006aca06927ebd83acb4,0x0000000000000000000000000000000000000000,0xef1c34344abfa02c246798c223a117da99c09fc6,624,r3tards,R3TARDS
67240399,1775841307,0x8b51f8b7df4bae6d32c1680581247cf514299368910be773446056f8821fa419,0x0000000000000000000000000000000000000000,0x070307e236f4ecdabe258e3f8f0173c29ed5862a,625,r3tards,R3TARDS
67240399,1775841307,0x8b51f8b7df4bae6d32c1680581247cf514299368910be773446056f8821fa419,0x0000000000000000000000000000000000000000,0x070307e236f4ecdabe258e3f8f0173c29ed5862a,626,r3tards,R3TARDS
67240399,1775841307,0x8b51f8b7df4bae6d32c1680581247cf514299368910be773446056f8821fa419,0x0000000000000000000000000000000000000000,0x070307e236f4ecdabe258e3f8f0173c29ed5862a,627,r3tards,R3TARDS
67240455,1775841330,0xbb364364abe70c2f714cdd63da0ee338ee9a85c5f7800d01c12f8b8620c1c657,0x0000000000000000000000000000000000000000,0xb976dfede0be9ae7af7cbd99254dd093f0a3e50f,628,r3tards,R3TARDS
67240681,1775841421,0x95f7231a59b887f677c4d8a69888e6a2590ea18aae422b04386539affcc96009,0x0000000000000000000000000000000000000000,0x4adac7642766f4a4dcc534ec40d050f1d26d18fb,629,r3tards,R3TARDS
67241041,1775841566,0xb377d808e14c07935837234eb9c8e94ca71b28f6107fc1d4ae250d3df7dcacdc,0x0000000000000000000000000000000000000000,0x18e7f1f323d2ae611cc7389f332eb3c1dfd610ba,630,r3tards,R3TARDS
67241096,1775841588,0xe568f81774a93047bf554ccec54c38e00be480f55404ffa996a96442e2403467,0x0000000000000000000000000000000000000000,0xc173cbf586bfcfdb4b01073c45908029ec6d064a,631,r3tards,R3TARDS
67241106,1775841592,0x5fb3117ebfdcb4f608b0045228588b7f397d2c65baa82803978d635ce6a012a4,0x0000000000000000000000000000000000000000,0xe9061b69e72efd36efac794f0d4db3e17327aae8,632,r3tards,R3TARDS
67241905,1775841916,0x1268aa3b544f969f492a844302cd7f97af48f93525148c3cd8a30178763bb606,0x0000000000000000000000000000000000000000,0x7c4d298ff07153bc7a47dee05b9dfd61e35ef342,633,r3tards,R3TARDS
67241905,1775841916,0x1268aa3b544f969f492a844302cd7f97af48f93525148c3cd8a30178763bb606,0x0000000000000000000000000000000000000000,0x7c4d298ff07153bc7a47dee05b9dfd61e35ef342,634,r3tards,R3TARDS
67241980,1775841946,0x4d0b0df02aebdfe6d0a8548d895a22638a0ba5d3a2a72093f5270606ad91db22,0x0000000000000000000000000000000000000000,0x51af05196fd5dde902262cd84075eb94ae559376,635,r3tards,R3TARDS
67241980,1775841946,0x4d0b0df02aebdfe6d0a8548d895a22638a0ba5d3a2a72093f5270606ad91db22,0x0000000000000000000000000000000000000000,0x51af05196fd5dde902262cd84075eb94ae559376,636,r3tards,R3TARDS
67242016,1775841960,0xcae405e5859da2b3e5f76153ab3a93087f357c4292f3bbf3b361e51e6d4d5575,0x0000000000000000000000000000000000000000,0xaebab3d721d8e6427952961fbdc1d0b8b740cd91,637,r3tards,R3TARDS
67242016,1775841960,0xcae405e5859da2b3e5f76153ab3a93087f357c4292f3bbf3b361e51e6d4d5575,0x0000000000000000000000000000000000000000,0xaebab3d721d8e6427952961fbdc1d0b8b740cd91,638,r3tards,R3TARDS
67242055,1775841976,0xed4643e80bce31542a547f43ec8fed4db8802244d2c79010ddc3bfb64f6685e1,0x0000000000000000000000000000000000000000,0xf9102e3b05eb6f26c300df9e21bdd3f3b40d329b,639,r3tards,R3TARDS
67242318,1775842082,0xf14677ad36a55fbaa284efa43e2e42b29d6a47c618cb8e214239df1feba13db4,0x0000000000000000000000000000000000000000,0xbd7477006daa466d15d0b13f614e84c1e5def06a,640,r3tards,R3TARDS
67242318,1775842082,0xf14677ad36a55fbaa284efa43e2e42b29d6a47c618cb8e214239df1feba13db4,0x0000000000000000000000000000000000000000,0xbd7477006daa466d15d0b13f614e84c1e5def06a,641,r3tards,R3TARDS
67242338,1775842090,0xc99b92c791ea1025cd51cc2ed4e7caf42a50eb72835437d6608634f37d9acaa9,0x0000000000000000000000000000000000000000,0x0245daf2e303bd4e47acb88c87913a047c9ad6c5,642,r3tards,R3TARDS
67242338,1775842090,0xc99b92c791ea1025cd51cc2ed4e7caf42a50eb72835437d6608634f37d9acaa9,0x0000000000000000000000000000000000000000,0x0245daf2e303bd4e47acb88c87913a047c9ad6c5,643,r3tards,R3TARDS
67242338,1775842090,0xc99b92c791ea1025cd51cc2ed4e7caf42a50eb72835437d6608634f37d9acaa9,0x0000000000000000000000000000000000000000,0x0245daf2e303bd4e47acb88c87913a047c9ad6c5,644,r3tards,R3TARDS
67242499,1775842157,0x6a6455a85296a3752612f5f062e0219a3fa9bf7ac3c13b7a9e7897e4747760f9,0x0000000000000000000000000000000000000000,0x5b76dd6d1506658eb25652a61854ded918463c28,645,r3tards,R3TARDS
67242535,1775842171,0xa6c91e59fcc433fc054de44861c9ba5fa32310ba91df5baab156ffcdc8f0152f,0x0000000000000000000000000000000000000000,0x5b76dd6d1506658eb25652a61854ded918463c28,646,r3tards,R3TARDS
67242556,1775842180,0x616655cdabfe41f16401884bf74e43f4eaa533a3433bc525970fb86e63daa099,0x0000000000000000000000000000000000000000,0xbee625c7c2411f4c61b39583f02725dbe3939cf9,647,r3tards,R3TARDS
67242556,1775842180,0x616655cdabfe41f16401884bf74e43f4eaa533a3433bc525970fb86e63daa099,0x0000000000000000000000000000000000000000,0xbee625c7c2411f4c61b39583f02725dbe3939cf9,648,r3tards,R3TARDS
67242556,1775842180,0x616655cdabfe41f16401884bf74e43f4eaa533a3433bc525970fb86e63daa099,0x0000000000000000000000000000000000000000,0xbee625c7c2411f4c61b39583f02725dbe3939cf9,649,r3tards,R3TARDS
67242629,1775842210,0xf379b6f212a6ed318be7a775b005a51bc6fe6a1a5ce6a00452ac14816ad48766,0x0000000000000000000000000000000000000000,0x9ccae0a840577e304788ab54c5050b80a1e35398,650,r3tards,R3TARDS
67242629,1775842210,0xf379b6f212a6ed318be7a775b005a51bc6fe6a1a5ce6a00452ac14816ad48766,0x0000000000000000000000000000000000000000,0x9ccae0a840577e304788ab54c5050b80a1e35398,651,r3tards,R3TARDS
67242629,1775842210,0xf379b6f212a6ed318be7a775b005a51bc6fe6a1a5ce6a00452ac14816ad48766,0x0000000000000000000000000000000000000000,0x9ccae0a840577e304788ab54c5050b80a1e35398,652,r3tards,R3TARDS
67242792,1775842276,0xc748dc9ce4fd686363bd738412e239dea517d397e417a8ebe6e0f26c6d6e1ee1,0x0000000000000000000000000000000000000000,0x376263942eaed29ba55af8793f0091e1090aeaac,653,r3tards,R3TARDS
67242952,1775842342,0x25ea994dceb7a9954825d01d96de75d5435156ee1811db356843bf7963b04a9f,0x0000000000000000000000000000000000000000,0xd43f01b46dfd1e6df65f053045df351b88ef989a,654,r3tards,R3TARDS
67243123,1775842411,0x8deab5019c3f14db49bbca7719d03689fa662910088927cfa6c3fd954e63dc21,0x0000000000000000000000000000000000000000,0xaef683a94e57b290cb6c7af235b0fe017e80c238,655,r3tards,R3TARDS
67243497,1775842563,0x498b0ccff8e274519525b16cd3f478cbd5aa62113b5da8a0c0c550be0cb092d8,0x0000000000000000000000000000000000000000,0xe77a035621f29a1501735aa05fb308671e7a243e,656,r3tards,R3TARDS
67243792,1775842682,0x8bedefbecc709aadc84b413f51484f535392f5c3407b20129150228aee0ac0e2,0x0000000000000000000000000000000000000000,0x7c384b1d45a6139509988b0cd98a42513c1cf973,657,r3tards,R3TARDS
67244488,1775842961,0x11f9447ac2e301adc547eb5215da710223c74a93e3f309b7106a8cce6e75f4da,0x0000000000000000000000000000000000000000,0xca1ce75774b8f7c9caa8b29ab76ece0cd39747c5,658,r3tards,R3TARDS
67244488,1775842961,0x11f9447ac2e301adc547eb5215da710223c74a93e3f309b7106a8cce6e75f4da,0x0000000000000000000000000000000000000000,0xca1ce75774b8f7c9caa8b29ab76ece0cd39747c5,659,r3tards,R3TARDS
67244640,1775843022,0x65d4456dff824ff89cde9e7c631444529b45d3af05772fad42ee6479f02ccd16,0x0000000000000000000000000000000000000000,0x27c337b88c7d92a4db9c464d06325efecfdb7c8e,660,r3tards,R3TARDS
67244640,1775843022,0x65d4456dff824ff89cde9e7c631444529b45d3af05772fad42ee6479f02ccd16,0x0000000000000000000000000000000000000000,0x27c337b88c7d92a4db9c464d06325efecfdb7c8e,661,r3tards,R3TARDS
67244969,1775843157,0xe9ba17e8a101e667d624d62aa60b32b9589d32649b40d2ae8ad72bc0ff841437,0x0000000000000000000000000000000000000000,0x9201494bd4bd4f3d064529783a8349f3f2d29372,662,r3tards,R3TARDS
67244969,1775843157,0xe9ba17e8a101e667d624d62aa60b32b9589d32649b40d2ae8ad72bc0ff841437,0x0000000000000000000000000000000000000000,0x9201494bd4bd4f3d064529783a8349f3f2d29372,663,r3tards,R3TARDS
67245571,1775843402,0xedf703ef34bc819e5c3a3f9a7944d2f58dfe6ec44c5a1d2f2b21aa6c3bba1f71,0x0000000000000000000000000000000000000000,0x1402c103f8640d6212f1d1b0fe6097dda4e57894,664,r3tards,R3TARDS
67245602,1775843415,0x1470f56f48dbc0af8533851c456c724346610f3573977cf4de5fc6d9d782056b,0x0000000000000000000000000000000000000000,0x39d6fd94250d48289234c365e05fb1f65ccf6c57,665,r3tards,R3TARDS
67245616,1775843420,0xe33ff00f5ac3f4dca311282292723ae9d266dd80567ddf88fc352fb671071a71,0x0000000000000000000000000000000000000000,0x0412b04a6d8d2d235020a9c21564087839091912,666,r3tards,R3TARDS
67245730,1775843467,0xe873164e0a43bfdfd34f2087c764ee3c0598a3c52e6c9fd353a222fdb0280b7d,0x0000000000000000000000000000000000000000,0xfeba21dfac0cc0738a1c8e4492b294a4e6cfb688,667,r3tards,R3TARDS
67246335,1775843709,0x3c91113a78dcabacad87f06b5cc9f6c0dbbb457ffe2d6edc56abd0de400d97db,0x0000000000000000000000000000000000000000,0x16e9b54b4981848adcf184af2b8e0a1f9a7ecb4a,668,r3tards,R3TARDS
67246796,1775843895,0x783a8c568529e735842af6d1e1735bf233139571587c6f4eea8345164be5b8a9,0x0000000000000000000000000000000000000000,0x8045b725a0e78400e0587699a7d6e698701bec0a,669,r3tards,R3TARDS
67247120,1775844025,0x36f7d298655041f18131b5605910e8149abd9ff2b85198ddbc668aed7e852d4e,0x0000000000000000000000000000000000000000,0x3f659e221466f4220b2af39e29533819ea4b4343,670,r3tards,R3TARDS
67247275,1775844087,0x12c0409cbd4ed6c4c264bbd31c626ec9578da21628c1515a5b946d9629c67559,0x0000000000000000000000000000000000000000,0xce603e5eeee3195fd6773fb02bf97bc4e43649aa,671,r3tards,R3TARDS
67247287,1775844092,0x8e2ea6b4dba8ae84bd03fcd9bdc2bc13710a3b138dd35e36b6b565b6ac93fdc9,0x0000000000000000000000000000000000000000,0x752a21970c7a40ae54031cfae630371396463d86,672,r3tards,R3TARDS
67247610,1775844221,0xa097f27ce1731c6055899531f22ebaeab949497806bc08be0ca9d0cd9227bb4f,0x0000000000000000000000000000000000000000,0x0275ddd99e992f6e2c029c7bd516964387aa2ff9,673,r3tards,R3TARDS
67247610,1775844221,0xa097f27ce1731c6055899531f22ebaeab949497806bc08be0ca9d0cd9227bb4f,0x0000000000000000000000000000000000000000,0x0275ddd99e992f6e2c029c7bd516964387aa2ff9,674,r3tards,R3TARDS
67247610,1775844221,0xa097f27ce1731c6055899531f22ebaeab949497806bc08be0ca9d0cd9227bb4f,0x0000000000000000000000000000000000000000,0x0275ddd99e992f6e2c029c7bd516964387aa2ff9,675,r3tards,R3TARDS
67248429,1775844551,0x2884a65c1b23a51340d441427d02a22c2065c92f40ce91a8ec6ae3deb0265603,0x0000000000000000000000000000000000000000,0xb62d4d6609679c94b39b5c319b041d385ed70bd3,676,r3tards,R3TARDS
67248666,1775844647,0xbc3882a74babd74a32c7a04d9c3dab4d6f3a9fd31cdb9ff39360204c71531127,0x0000000000000000000000000000000000000000,0x05dcf2d321c894e1c53891b1a4a980f96dba5f91,677,r3tards,R3TARDS
67248753,1775844682,0xecfb1e5892d9f64e8ac07550432098852098db291c7dc3e6b4d63c7c6665361a,0x0000000000000000000000000000000000000000,0xdcfc2157f9d35dc8a5fc3f521b8f14b8eb435c90,678,r3tards,R3TARDS
67248753,1775844682,0x15bc902352386efb44b09cbe33221d32e88e4cffc80ff627e3661142d368abe7,0x0000000000000000000000000000000000000000,0xfb0522ac77cf4080aa021beab120092dd5d1cef2,679,r3tards,R3TARDS
67248852,1775844722,0xc6d5518c84e24e988dbbd2b25ee0f3f6cfa8e6e1eee82e81561decd32e227492,0x0000000000000000000000000000000000000000,0x634bc36b7c5f8c71dc6a946d50f92e0c67f6306b,680,r3tards,R3TARDS
67248852,1775844722,0xc6d5518c84e24e988dbbd2b25ee0f3f6cfa8e6e1eee82e81561decd32e227492,0x0000000000000000000000000000000000000000,0x634bc36b7c5f8c71dc6a946d50f92e0c67f6306b,681,r3tards,R3TARDS
67248960,1775844765,0x17bd58dd47cc3ac34b2631c00ff4131dc82292f8e9225052d0891fe80b58a7f5,0x0000000000000000000000000000000000000000,0x42e5a4ab3731fb1d5106e3d5c532c94617eeeadd,682,r3tards,R3TARDS
67248960,1775844765,0x17bd58dd47cc3ac34b2631c00ff4131dc82292f8e9225052d0891fe80b58a7f5,0x0000000000000000000000000000000000000000,0x42e5a4ab3731fb1d5106e3d5c532c94617eeeadd,683,r3tards,R3TARDS
67249772,1775845092,0x0465a76966911de0bf4b325ea5165531d1c24c5b07de852e587d7b6bc9a3cab7,0x0000000000000000000000000000000000000000,0x868d2ad6807557594a9a3bc1a6df3249747162e5,684,r3tards,R3TARDS
67250379,1775845336,0x45cedeccd029e4d6c6acb24223f2bbe95b426a5effbf95a168df21cddfd8e486,0x0000000000000000000000000000000000000000,0xa799cc23203fe80b8d371337670840cd57675fca,685,r3tards,R3TARDS
67250379,1775845336,0x45cedeccd029e4d6c6acb24223f2bbe95b426a5effbf95a168df21cddfd8e486,0x0000000000000000000000000000000000000000,0xa799cc23203fe80b8d371337670840cd57675fca,686,r3tards,R3TARDS
67250667,1775845453,0xf632bc45ce1add5968b42999302d4e7a621b654f91f85493ccf3ca464cf77510,0x0000000000000000000000000000000000000000,0x7446b433ef38688c6cf29d47594ca9f5d0e75ec4,687,r3tards,R3TARDS
67250817,1775845513,0xbb10930493c45a9339fcd68501693304c2f152a3de1da7ef232ae5db6aa5fa86,0x0000000000000000000000000000000000000000,0x0e9beee0eebd1e1b1e49e2d6011cfd0b59bb79c3,688,r3tards,R3TARDS
67250817,1775845513,0xbb10930493c45a9339fcd68501693304c2f152a3de1da7ef232ae5db6aa5fa86,0x0000000000000000000000000000000000000000,0x0e9beee0eebd1e1b1e49e2d6011cfd0b59bb79c3,689,r3tards,R3TARDS
67251189,1775845663,0x7b8673654a642b3db623b8ac9b9fae08000a32283e0ad95d0e7f1b2c02ad3811,0x0000000000000000000000000000000000000000,0x356de95cfaec8dea9c54e2cdf5302c953a25f88f,690,r3tards,R3TARDS
67251712,1775845875,0x903163916318b9a001328abda8016b5b582c056cffa2fe272ad684fe252011e4,0x0000000000000000000000000000000000000000,0x88ba6e35d3c00d0385ee9498e63e04565413eb9c,691,r3tards,R3TARDS
67251712,1775845875,0x903163916318b9a001328abda8016b5b582c056cffa2fe272ad684fe252011e4,0x0000000000000000000000000000000000000000,0x88ba6e35d3c00d0385ee9498e63e04565413eb9c,692,r3tards,R3TARDS
67252371,1775846142,0xd9d57826f591e12d0dbbe3fd13505a59ac290a992e0fa7739e9cbdc03f765a8c,0x0000000000000000000000000000000000000000,0xb848e5faec996d3e8c74dc267b7f3f6f35e8233b,693,r3tards,R3TARDS
67252457,1775846177,0xe68b5099d55b1288e43f4f46d00b043751aad012733e9b6d5813a69e636ad678,0x0000000000000000000000000000000000000000,0xef9e5ef43e1f5a3f38e84c00437f3718dc246094,694,r3tards,R3TARDS
67253006,1775846395,0xdc78c0eaf72fd69b20188814161acc5e35e2da888baef65f6623e4426f804f10,0x0000000000000000000000000000000000000000,0x38bfd8fc6b75f85891d275c7823465962f5844fe,695,r3tards,R3TARDS
67253559,1775846619,0xd6d4da20076aae9cbf3c5837cbe79f8fe9fea9e4d457d9e4a8e7fed6fbe8e159,0x0000000000000000000000000000000000000000,0x868d2ad6807557594a9a3bc1a6df3249747162e5,696,r3tards,R3TARDS
67253722,1775846685,0x2afbbe51755a05506a825765df1af8f2f5da9cd7da543a7846f0d1ddba614dda,0x0000000000000000000000000000000000000000,0x3a6de8266241991a94c1648e3bec79cc06f0f38f,697,r3tards,R3TARDS
67256324,1775847737,0xad3e142b6590abf189b8205820d4eb75e34cdc88256205c33b0ea26e71c034a4,0x0000000000000000000000000000000000000000,0x6a1d74e6ac28871cf1f42fec88d8bbff13dddbff,698,r3tards,R3TARDS
67256546,1775847825,0x199c35c42e8f16e5f08003bcddb2f6537be983e1f3206893f63c19446ce9d4ed,0x0000000000000000000000000000000000000000,0x57da94c12dba987e669b03edd1c1c6c81fcb1119,699,r3tards,R3TARDS
67256594,1775847845,0x11a02f09501ef3a43b2879ae79f71407424930c6d1ab90c2557819546ccc2bf1,0x0000000000000000000000000000000000000000,0xd91679a0e0345df7f730daffcdc04b4272488c12,700,r3tards,R3TARDS
67256727,1775847899,0x37649a032ebb887b545c4e465a289de0f7233753960d99621a2b82d9a9900565,0x0000000000000000000000000000000000000000,0x8045b725a0e78400e0587699a7d6e698701bec0a,701,r3tards,R3TARDS
67257304,1775848133,0x7f8e5a99d6d20e9be8c95238cb5e7cc811df87446498225f5de557f0a9c07f19,0x0000000000000000000000000000000000000000,0x7c945b48b0bbb207577f1d4e183b8fda377483da,702,r3tards,R3TARDS
67257304,1775848133,0x7f8e5a99d6d20e9be8c95238cb5e7cc811df87446498225f5de557f0a9c07f19,0x0000000000000000000000000000000000000000,0x7c945b48b0bbb207577f1d4e183b8fda377483da,703,r3tards,R3TARDS
67257487,1775848207,0x59d82c1ade025d1784ef903142ef3e8008f54ce51f18e70584e3ebb04db16168,0x0000000000000000000000000000000000000000,0xe3b84986472f7fea21e7f7b447456160b304d2ed,704,r3tards,R3TARDS
67257509,1775848216,0x37a8b60132844d6aa2c619f6214b5b648f3fa034763184b9f800d35e0d61b7be,0x0000000000000000000000000000000000000000,0x61c7e844fc5c310f8451902597c0452ec12cc31b,705,r3tards,R3TARDS
67257629,1775848264,0xfa43d532a3974225bd4112e58528bf7c611ea7051c018654d75ca8afd4a43094,0x0000000000000000000000000000000000000000,0x0253ba3af2fa2e5553bbb4575716379fff068557,706,r3tards,R3TARDS
67257629,1775848264,0xfa43d532a3974225bd4112e58528bf7c611ea7051c018654d75ca8afd4a43094,0x0000000000000000000000000000000000000000,0x0253ba3af2fa2e5553bbb4575716379fff068557,707,r3tards,R3TARDS
67257844,1775848351,0x5990d2cf31e347b16feac93c59f966af90f68ce2e5d223116e77e8aaa9b7e0da,0x0000000000000000000000000000000000000000,0x72de516706387fa100ba372e7864cefc3475572b,708,r3tards,R3TARDS
67258764,1775848727,0x73fe476f7b9593df8a95f3ffc0823adac6edeff29d56a8c3e3ee2496f936ee27,0x0000000000000000000000000000000000000000,0xe11aa5eb7945651e43d3f2d97bbcaf9ab1d3a571,709,r3tards,R3TARDS
67259228,1775848913,0xeb71406fea8e973d2b3dbccbeb501c937a292d494d095b1d33594480000b1e25,0x0000000000000000000000000000000000000000,0xbf3bbfb0cf0151b292f04531e26ea2d3ffb1e150,710,r3tards,R3TARDS
67259580,1775849053,0xee6b0f85012d03e15d6712ec487ddcaeae6357072954d65353532bd8d0956388,0x0000000000000000000000000000000000000000,0x018feff7657c9b2b0478467977379c08e214a0aa,711,r3tards,R3TARDS
67259789,1775849137,0xbd0eb6405e41a6e398e2e326d63e02a7e2020e2d0ef5438de6af25f2dc587ef8,0x0000000000000000000000000000000000000000,0xa5e90ad13f04ead72f78573da3c14d76d3fb3bb2,712,r3tards,R3TARDS
67261493,1775849825,0xbbde90c6b6149711be87bd41ef6b20fa324a62a3f7684537f83ec20ad876ee5e,0x0000000000000000000000000000000000000000,0xbdd4c6b3c82c5b0e153739d514b23f10b6d68a37,713,r3tards,R3TARDS
67261493,1775849825,0xbbde90c6b6149711be87bd41ef6b20fa324a62a3f7684537f83ec20ad876ee5e,0x0000000000000000000000000000000000000000,0xbdd4c6b3c82c5b0e153739d514b23f10b6d68a37,714,r3tards,R3TARDS
67262436,1775850205,0x2b8639009fad1dc8be6dae2f9a5e4eac9be70bd559cac7869a963364d62c8351,0x0000000000000000000000000000000000000000,0x052f67d7037ddbd53ae107596484f1cb86a26b4c,715,r3tards,R3TARDS
67262609,1775850275,0x0db2825334172b8f70a9b29e42d4881bf5e4d71fe0ff093590e6513e2780e5ac,0x0000000000000000000000000000000000000000,0x4ff83c705cd9eba77f509138412810c60f06363a,716,r3tards,R3TARDS
67262609,1775850275,0x0db2825334172b8f70a9b29e42d4881bf5e4d71fe0ff093590e6513e2780e5ac,0x0000000000000000000000000000000000000000,0x4ff83c705cd9eba77f509138412810c60f06363a,717,r3tards,R3TARDS
67263002,1775850435,0xa892a78bfb95eb45058c72f17eaddcec4b9662dbd22a80ef509f99b60248d4b5,0x0000000000000000000000000000000000000000,0xbbc7d92cb3d38adebfa1988a75531fde26a76f83,718,r3tards,R3TARDS
67263921,1775850807,0xdfae194826761426b6daf146e1994fef0e690ea6a151456c33ca334027a03ab5,0x0000000000000000000000000000000000000000,0xbbc7d92cb3d38adebfa1988a75531fde26a76f83,719,r3tards,R3TARDS
67263921,1775850807,0xdfae194826761426b6daf146e1994fef0e690ea6a151456c33ca334027a03ab5,0x0000000000000000000000000000000000000000,0xbbc7d92cb3d38adebfa1988a75531fde26a76f83,720,r3tards,R3TARDS
67265134,1775851295,0x8429e9da072380be7b5f87a7587ed5f1351201161b46333aec520f454759e033,0x0000000000000000000000000000000000000000,0x8ed4f5823104c7c0566446c962475d55be7f8ba5,721,r3tards,R3TARDS
67265134,1775851295,0x8429e9da072380be7b5f87a7587ed5f1351201161b46333aec520f454759e033,0x0000000000000000000000000000000000000000,0x8ed4f5823104c7c0566446c962475d55be7f8ba5,722,r3tards,R3TARDS
67268845,1775852791,0x20e96c7c91c36078296df9d5d26de51f0b7e5ad73e56b77a030480f8a23ae6ba,0x0000000000000000000000000000000000000000,0xa66db1785e461e759ba3040e5332547413c21d3e,723,r3tards,R3TARDS
67269029,1775852866,0xd115776cff9da41446af49fcb7e0b0be5032fd1bc2986cd10586648f65602a4f,0x0000000000000000000000000000000000000000,0xa66db1785e461e759ba3040e5332547413c21d3e,724,r3tards,R3TARDS
67269607,1775853100,0x1bc46b2b96b65f1073a5f68821483057055182adc7d9c3227a7772509c6f74f3,0x0000000000000000000000000000000000000000,0xd98ad4cbb743f9aa42e9a20b3406b80f29b2dd61,725,r3tards,R3TARDS
67270639,1775853516,0x223061dec5bd1a6b7e1b348ea370de228d74fc3aa56a44ddcd6a3ec8dead60ee,0x0000000000000000000000000000000000000000,0x8a5e0a140fd2bd671efeeabca0229a8527ec8bb7,726,r3tards,R3TARDS
67271231,1775853755,0x7da56cc224a4fc94298cfd9131d90df0eba676c5608f7a5b63aabdc5b559218f,0x0000000000000000000000000000000000000000,0xc2a97337c656a0d9f09de7b44db772582098efd6,727,r3tards,R3TARDS
67273096,1775854507,0x3871a7a44f692d77410e2d3b07a35598617a9020fc0a83ec177398de9a76a3fa,0x0000000000000000000000000000000000000000,0x047cb070ba6bd4445c635f9294566c1b2b08a252,728,r3tards,R3TARDS
67276036,1775855697,0x29ef5061d127d3e6f6094f2de7381d28d1bdfec78e2f1d9420e6faa756bde351,0x0000000000000000000000000000000000000000,0x9b8971965f10c2679e29ae90f0637e23ab366000,729,r3tards,R3TARDS
67277731,1775856379,0x0c344f3d47f6ab8aec1e13fc94910181803cdbd8d4ffd424cc6458dd8873cc11,0x0000000000000000000000000000000000000000,0x0ec1f47a4874a717d12d02b4966e6a4b2d94683c,730,r3tards,R3TARDS
67279237,1775856990,0x06b184d032ef1a336352d92042556fd025692b6753de80188247b4a85eb39a06,0x0000000000000000000000000000000000000000,0x1593dcd54e5b5ae3974424325d4e802ee9533262,731,r3tards,R3TARDS
67287494,1775860320,0x78fcfbc522b90bcd7c391e89cb08ccd1136c80e6cf54a39272d0079f25e1570b,0x0000000000000000000000000000000000000000,0xed0ed9b7c2e9ab4087f89503c0da16a66789c85e,732,r3tards,R3TARDS
67287514,1775860328,0xa054587ccda2f7a612c84c82fe5b7e2886a6468567ad8f3eb9a58af7fc39a521,0x0000000000000000000000000000000000000000,0x57568540beaac9a78b353b1b12ad0d3b0719ed14,733,r3tards,R3TARDS
67287514,1775860328,0xa054587ccda2f7a612c84c82fe5b7e2886a6468567ad8f3eb9a58af7fc39a521,0x0000000000000000000000000000000000000000,0x57568540beaac9a78b353b1b12ad0d3b0719ed14,734,r3tards,R3TARDS
67291903,1775862091,0xb94f5ab23677a639d46c89b78dc8dca62b7bd6d4787e3887f03cd14b55fc077f,0x0000000000000000000000000000000000000000,0xbb9a9644dbb8952a0ad03f7ce7671c07f5643bb3,735,r3tards,R3TARDS
67291903,1775862091,0xb94f5ab23677a639d46c89b78dc8dca62b7bd6d4787e3887f03cd14b55fc077f,0x0000000000000000000000000000000000000000,0xbb9a9644dbb8952a0ad03f7ce7671c07f5643bb3,736,r3tards,R3TARDS
67292596,1775862368,0x403e8b2f836ae6a08df10fcf9faa30d46500ad261c9f437b6e4d5fedc7e71cfa,0x0000000000000000000000000000000000000000,0x9541738f4adbc711a3a7d8689cff272e4e093929,737,r3tards,R3TARDS
67292596,1775862368,0x403e8b2f836ae6a08df10fcf9faa30d46500ad261c9f437b6e4d5fedc7e71cfa,0x0000000000000000000000000000000000000000,0x9541738f4adbc711a3a7d8689cff272e4e093929,738,r3tards,R3TARDS
67295799,1775863645,0x7ed8e7bf93f9f8886c760bb8c6f248dda0578c2815767f5ebfa8c41a584f0fab,0x0000000000000000000000000000000000000000,0xe786b4e761a032f4cea9b0a11ed36e5ae6b48c79,739,r3tards,R3TARDS
67295799,1775863645,0x7ed8e7bf93f9f8886c760bb8c6f248dda0578c2815767f5ebfa8c41a584f0fab,0x0000000000000000000000000000000000000000,0xe786b4e761a032f4cea9b0a11ed36e5ae6b48c79,740,r3tards,R3TARDS
67297119,1775864172,0x753262d06ff0355e5d526f4dec5306dc78c4049447e6aacd6155c12235a9d95f,0x0000000000000000000000000000000000000000,0x2ac2d10e851a0ba42b9ead1c3a8f424398254e34,741,r3tards,R3TARDS
67299010,1775864927,0x8267f0db9aa51372a4107242730ea8720e63620e7a69f8bda519ae136713a9f2,0x0000000000000000000000000000000000000000,0x06046a4b4474ceb2dd43fcbd3f46688c33c46c64,742,r3tards,R3TARDS
67300655,1775865585,0xa9c3925949eef04e81993dbb3ee3a526c622db3f281810368ccad2eeff915578,0x0000000000000000000000000000000000000000,0xb090ddb1603e4e1c33c832f8f055c6fc016abf32,743,r3tards,R3TARDS
67300655,1775865585,0xa9c3925949eef04e81993dbb3ee3a526c622db3f281810368ccad2eeff915578,0x0000000000000000000000000000000000000000,0xb090ddb1603e4e1c33c832f8f055c6fc016abf32,744,r3tards,R3TARDS
67300655,1775865585,0xa9c3925949eef04e81993dbb3ee3a526c622db3f281810368ccad2eeff915578,0x0000000000000000000000000000000000000000,0xb090ddb1603e4e1c33c832f8f055c6fc016abf32,745,r3tards,R3TARDS
67300989,1775865719,0xf76d62ed65a69149e8981a2c329eec514d88198b4a6466a57bfcd0e8aa1f9e79,0x0000000000000000000000000000000000000000,0x9fa83ddc747c7c359efc2c4a653f25430ed09ea6,746,r3tards,R3TARDS
67300989,1775865719,0xf76d62ed65a69149e8981a2c329eec514d88198b4a6466a57bfcd0e8aa1f9e79,0x0000000000000000000000000000000000000000,0x9fa83ddc747c7c359efc2c4a653f25430ed09ea6,747,r3tards,R3TARDS
67301460,1775865907,0xd39a9c6b523e676f2a1149d4d9d7b390bd8b6cd6477cdbf2631744a565af356c,0x0000000000000000000000000000000000000000,0xbd7a45cdb7d44a9c44c3a299ff68a5ed5fd511bf,748,r3tards,R3TARDS
67301733,1775866016,0x6f50bf98b78ac28cc29b8756683cfa55a66de6c52ee41746798f832351e2e397,0x0000000000000000000000000000000000000000,0x06046a4b4474ceb2dd43fcbd3f46688c33c46c64,749,r3tards,R3TARDS
67310540,1775869535,0x68348df7ee752f2fe2252f1c49d08054aadfc65d4f77a6715c55ca61fe33bab1,0x0000000000000000000000000000000000000000,0x9d2aa2571da4fb680ecced0f18192a90d9757952,750,r3tards,R3TARDS
67310540,1775869535,0x68348df7ee752f2fe2252f1c49d08054aadfc65d4f77a6715c55ca61fe33bab1,0x0000000000000000000000000000000000000000,0x9d2aa2571da4fb680ecced0f18192a90d9757952,751,r3tards,R3TARDS
67312691,1775870394,0x425edd21848e00c9676c3af9c687e4f1d440eca42566060172be8bee6471b33e,0x0000000000000000000000000000000000000000,0xfc06e982f014e816adfecbb19dcce03b2a51928b,752,r3tards,R3TARDS
67314905,1775871277,0x8133e75f67c2866dbc42f9fd2982abd2437c2e9bc6c0f0188ab1d8c77fc167cb,0x0000000000000000000000000000000000000000,0x9f118cac8821b0c53aa8d34e10cc45584cd0b47c,753,r3tards,R3TARDS
67316653,1775871978,0x564d3a9a0676b5341ce4c11c0e7ae13adc25f7cb0a7cd1dd23487568ab1d6489,0x0000000000000000000000000000000000000000,0x3e3a901dfc227c2964bd9c4f6892cbaf96c49cb4,754,r3tards,R3TARDS
67319835,1775873254,0x84ae681027477a6934ce7b916b795eaaddc3f36a6774eaac2551d19bfbb0faf4,0x0000000000000000000000000000000000000000,0x7e748f02de671a7575536d30970a337f775b2b7a,755,r3tards,R3TARDS
67320189,1775873396,0x58acbdaa730f8dc56189a1465975cc1c9fa4d3a7c0e23ecc0408cfbd801b5619,0x0000000000000000000000000000000000000000,0x2d4700d79fe17388d6832821142ad0b2d240f447,756,r3tards,R3TARDS
67320856,1775873663,0xc36986212313793fdb9654a88b8e3e998befd8360964fd297a82e775c375b4c2,0x0000000000000000000000000000000000000000,0x79e494897199664726a8e9b6a7be3b49a42e0fca,757,r3tards,R3TARDS
67330841,1775877671,0x2f2be5200dbd0c28378700a5ca03f32b64fec917f647a8cd60fa74cacdb54679,0x0000000000000000000000000000000000000000,0x8c22b4d0bf899516b90a888fa1b56b243b167d9a,758,r3tards,R3TARDS
67334286,1775879047,0xaca89fdacf8467df14f1b1d738788a22cc8bc536318aef0d1be5303ad47c19af,0x0000000000000000000000000000000000000000,0xdd680df538c14629ae8d0d2db505cbff985ea5fe,759,r3tards,R3TARDS
67342796,1775882445,0xc5db668b60ed8419369a8134c372e040eafcd5e84ddeab6a89c50627b9dd9b66,0x0000000000000000000000000000000000000000,0x896b2797442e7066f2e46959a0b32398999fcc0d,760,r3tards,R3TARDS
67342796,1775882445,0xc5db668b60ed8419369a8134c372e040eafcd5e84ddeab6a89c50627b9dd9b66,0x0000000000000000000000000000000000000000,0x896b2797442e7066f2e46959a0b32398999fcc0d,761,r3tards,R3TARDS
67345294,1775883444,0xd509cbbb6f2aa9ce91c3630ea256451835a6199c16a460497f58f5ff8371b262,0x0000000000000000000000000000000000000000,0xc25462b9375ab11cd0399eb9eb6f833a4363e14a,762,r3tards,R3TARDS
67346589,1775883962,0xf732c604fde975b6621b6e184ae5be5d0ebc8724953b371ed7a0b8ed7f062181,0x0000000000000000000000000000000000000000,0x9a016fc1731031127cd2993ea92a9bd1a5148326,763,r3tards,R3TARDS
67346640,1775883982,0xd671163fed6732a9cdfc387394c69d058253fff162e5215e9654d53165bb0eb8,0x0000000000000000000000000000000000000000,0x06046a4b4474ceb2dd43fcbd3f46688c33c46c64,764,r3tards,R3TARDS
67351166,1775885790,0x627527c023f1c2aa276937d07b419bfaada8b8b568c828dbfbe958a058c0dce1,0x0000000000000000000000000000000000000000,0xfe60d30b5012c90556b9a22e17cf4824aae49c97,765,r3tards,R3TARDS
67355530,1775887534,0x9dfa1d48312a55aa10ef9b60d95b112a9de8d4680d49246f5cf00b864a6527f2,0x0000000000000000000000000000000000000000,0x485672c27fa30928349861e2b1b126a4a6d00ff3,766,r3tards,R3TARDS
67361092,1775889757,0x6d4e77f601744ccc23b0f8bee1c35beb787795ed4de416dac9bfa7aa7bd4516e,0x0000000000000000000000000000000000000000,0x2bea747b449f3afd213796625b76803d56e6163c,767,r3tards,R3TARDS
67365396,1775891481,0x96d52e4e9c552c5954f19cd2a1331c8d7ab9d8f4c72bacfe08d8a0ff4976eae8,0x0000000000000000000000000000000000000000,0xf33b608f45aa8fcd8747ec018f9ab4691a13a5c6,768,r3tards,R3TARDS
67372377,1775894306,0x87850c598e7f0ac69e7217537f7b8819872356d8d9aece672c90fcaf88097bab,0x0000000000000000000000000000000000000000,0x9de91fc2ea41a6a51237aafcf85c840a4ebae812,769,r3tards,R3TARDS
67373544,1775894779,0x5be1c3f347efbb22e5c4a30c1b7405c4c454555adbe42a8f6c1bf1b325430765,0x0000000000000000000000000000000000000000,0x083d540deaf83ecb8548162354af0f576f2980f5,770,r3tards,R3TARDS
67374275,1775895075,0x0067bc2136eede740ddd652f44a061c17cce7b0316b6cb504ccadfdcd7263d34,0x0000000000000000000000000000000000000000,0x2ec92a43f1992d857175fafbc18ff93f041d2411,771,r3tards,R3TARDS
67374826,1775895298,0x10402273a49f99d24d7611b1ae1f2d3e6f56c35adc91566c3a4fc0911e2eb16d,0x0000000000000000000000000000000000000000,0x94d084f0cc56801b20e6fbe6bbabc8056139120f,772,r3tards,R3TARDS
67374838,1775895302,0x396a85c1cd308806092f0b0a0fcc11b9f8c869cd026b15b96f07d654b6ab0512,0x0000000000000000000000000000000000000000,0x1a8e62ffff39dd40722dc72f42318ff4811cb637,773,r3tards,R3TARDS
67378320,1775896712,0x223ef055c61389f7e8890e75c5f0098cae307798d9c7de4ce27dcde25f5926f4,0x0000000000000000000000000000000000000000,0xfe9e4aaa9557182abe439390f0f8bcb786202c7b,774,r3tards,R3TARDS
67380420,1775897556,0xf6ca7504539ef56699ff46afa4cdccfd75593b7a4e747ff24549236e07024a06,0x0000000000000000000000000000000000000000,0x5adec2c7e0ff1e400046a3e9ffa25a4ac66aa972,775,r3tards,R3TARDS
67381098,1775897831,0xaa3bd0cf1d48cdc2ae4865a47417498fb743e02c98a950b0cc4f42a5ffecc31f,0x0000000000000000000000000000000000000000,0x8cdca2b2bf09e0bad5b3ee772853fc05f64acb9c,776,r3tards,R3TARDS
67382802,1775898521,0x4cd7aae7ea9bd7bf5d2d6b4c3ea84dabca627c0d270b5c7f01c905e7d8cf9e5f,0x0000000000000000000000000000000000000000,0x817c3ef59571a308b8d69e461548bd3063e70178,777,r3tards,R3TARDS
67389053,1775901028,0xb3689b7f2736f06af2f4296d284d4598e23a4bdd4e4577fc61da393dd9f7a027,0x0000000000000000000000000000000000000000,0x73a09afd1e7eb81094b30a408e324281e1c5cbb6,778,r3tards,R3TARDS
67389653,1775901268,0x630c217e946d865957373a60407a38023a0c137ec1b648ff4b4e120dadd13ff3,0x0000000000000000000000000000000000000000,0x73a09afd1e7eb81094b30a408e324281e1c5cbb6,779,r3tards,R3TARDS
67389653,1775901268,0x630c217e946d865957373a60407a38023a0c137ec1b648ff4b4e120dadd13ff3,0x0000000000000000000000000000000000000000,0x73a09afd1e7eb81094b30a408e324281e1c5cbb6,780,r3tards,R3TARDS
67393730,1775902895,0x000ebb74b1bbddab9dbb314cb5affdbc8db136d7f4395ca347f42af75897def8,0x0000000000000000000000000000000000000000,0x7390368f7a6b0894c51964219171f226078d5e4b,781,r3tards,R3TARDS
67400466,1775905586,0x3a3fbcf666da1ece153d4a80f3d085e5f8a82e201fd03699238cc5f33bff3831,0x0000000000000000000000000000000000000000,0xf3058dabad3e60cb688f34977907b0a9d86cff67,782,r3tards,R3TARDS
67400466,1775905586,0x3a3fbcf666da1ece153d4a80f3d085e5f8a82e201fd03699238cc5f33bff3831,0x0000000000000000000000000000000000000000,0xf3058dabad3e60cb688f34977907b0a9d86cff67,783,r3tards,R3TARDS
67403451,1775906780,0x6c5f13a7c9edea77913c5bf890f7364cb3664bf0ca72d37b8fe5eb5936806454,0x0000000000000000000000000000000000000000,0xda739feec0f54ec6926ad19fde073e72f8560aa9,784,r3tards,R3TARDS
67403634,1775906854,0x886628e00cce3e75099016ec7df16a4389296a4fc10b21406a096d7f6e5f3215,0x0000000000000000000000000000000000000000,0x10beefd08d5093194d968af616008fecac847bcb,785,r3tards,R3TARDS
67403634,1775906854,0x886628e00cce3e75099016ec7df16a4389296a4fc10b21406a096d7f6e5f3215,0x0000000000000000000000000000000000000000,0x10beefd08d5093194d968af616008fecac847bcb,786,r3tards,R3TARDS
67408366,1775908746,0x8221cf245ad47e5999654cc8db90ef0397e8e64d0d6d5d29a2235b1f3ac34093,0x0000000000000000000000000000000000000000,0x4cf1c32dd04f4dc84df4decabb03ccca8f54e8fb,787,r3tards,R3TARDS
67409375,1775909147,0xa7ecbb985d87768c78ceb69d0c5ee5d0eebcb71a3e2d1760a2a97369df6c54a2,0x0000000000000000000000000000000000000000,0x4d621fbebf432b2681f03125010d1a463088604a,788,r3tards,R3TARDS
67409375,1775909147,0xa7ecbb985d87768c78ceb69d0c5ee5d0eebcb71a3e2d1760a2a97369df6c54a2,0x0000000000000000000000000000000000000000,0x4d621fbebf432b2681f03125010d1a463088604a,789,r3tards,R3TARDS
67421347,1775913920,0xd4ab3596009e1575bd6412a30094470a7fcab71ba0fa128f893bfafc4298f57f,0x0000000000000000000000000000000000000000,0x448befa6530d5206a96022adf8316313ffe0a41d,790,r3tards,R3TARDS
67431784,1775918086,0xaa5c7c7fc0e010023a11a5a5251fdad4dc3dc9120dee8268e5b7465dc2e416bd,0x0000000000000000000000000000000000000000,0xa738a6830587c431382ddc1000cb48cc92c62d98,791,r3tards,R3TARDS
67431784,1775918086,0xaa5c7c7fc0e010023a11a5a5251fdad4dc3dc9120dee8268e5b7465dc2e416bd,0x0000000000000000000000000000000000000000,0xa738a6830587c431382ddc1000cb48cc92c62d98,792,r3tards,R3TARDS
67435093,1775919404,0xcf59d143f8caab6d941da0cfaa483809c8424fdbd9b67c1151a31c8d085c9911,0x0000000000000000000000000000000000000000,0x6786e67c18630156fd154f25ba6d662823d1307a,793,r3tards,R3TARDS
67440406,1775921528,0x1db82b89fc95c5bc9530cb8318aa6890565dae7d8cfad16b3b518354f5d38aba,0x0000000000000000000000000000000000000000,0x4c3c7bba317d83317bcc861714b74dccefac0d15,794,r3tards,R3TARDS
67440535,1775921580,0x7c6198d48178fc346b2cf6e6f0f31ac632783b949dd0e84cda7a314810ba6507,0x0000000000000000000000000000000000000000,0xd685c9be64127e9ef902d349c126927881dbb06a,795,r3tards,R3TARDS
67440535,1775921580,0x1bd343d25832db419ce12df340127f8ec721c945615dff4d07dfae735f696701,0x0000000000000000000000000000000000000000,0xfd8dbe32c1402fc5a25c2bd83208b3613b014619,796,r3tards,R3TARDS
67440535,1775921580,0xf88c21acac92b449b0627cb487638ad28a9246f3bf9eef565e48994123110163,0x0000000000000000000000000000000000000000,0x3b13548ff541972627fd9081b0aed9b6440485fe,797,r3tards,R3TARDS
67440535,1775921580,0x607dad524bfc61fc8e1b7048b47d2dfb53764cd0d87e473ad049b2ff89af11be,0x0000000000000000000000000000000000000000,0x94f84324e9b76503a5512a0e40a743ce2fc82d99,798,r3tards,R3TARDS
67440535,1775921580,0xd6bf2c44d6b4b54d9cdc37200407822f56f00a01850b1fb6e5d908af922774d8,0x0000000000000000000000000000000000000000,0x92cf1aec23a1faf66b294f68194dd442cf05764a,799,r3tards,R3TARDS
67440535,1775921580,0x7d505139cb646438039420c84c963f3b95e9dfd70b906c4a633dbabdd659f5bb,0x0000000000000000000000000000000000000000,0x2c4109e0f6aa46986c66ddcd66c6c7c80cebb4d7,800,r3tards,R3TARDS
67440535,1775921580,0xa0990ac1e9701a747f1e284a4a7223005b66dfaffee7bbad01c2b3b96685f27f,0x0000000000000000000000000000000000000000,0x96ce599942240fd775f6614a479c05ff51d9c101,801,r3tards,R3TARDS
67440535,1775921580,0x62795120e275eadcc0dfaa66032890be6f3a2dea14fb37c6f15c0edd08f4ac36,0x0000000000000000000000000000000000000000,0x5d60886a6018088dbe8ff85e6b438ae409c7d193,802,r3tards,R3TARDS
67440535,1775921580,0x4c8f98387cd70e82df0e79d2320590d2f1b82f49b956cced96dfc7661d09ca7e,0x0000000000000000000000000000000000000000,0x755a57f166ff78311be7e2bfe30a86e43913e1f7,803,r3tards,R3TARDS
67440535,1775921580,0xc59344ca640435ff391f7d1583560c382d3f7f6c6cac01b56fc53ecc39584274,0x0000000000000000000000000000000000000000,0x2049f8a8baab20e2ee9bdcb21e4d7b057c843d18,804,r3tards,R3TARDS
67440535,1775921580,0x6b6116f5301f0648a19fe59e723642b5560d63c8de15484a4aab882c56b3daa2,0x0000000000000000000000000000000000000000,0xdcc71b85ba5db07dee1abe92d9a6c623f0aebd65,805,r3tards,R3TARDS
67440536,1775921580,0x8b1fe7098bf5b038af2bf5f6243813862545681f878cdd13e6dd4d07d888c995,0x0000000000000000000000000000000000000000,0xe5b99271df784e5347d06e9afe0b63ab21ee1757,806,r3tards,R3TARDS
67440536,1775921580,0xc3fe2585e7a31b7c2b6e1ea6a882222255ceeac23e5eca2d5bd541ec1431d450,0x0000000000000000000000000000000000000000,0xc73aaa70a2e4add0a9b92ace79be61d3eff7bc78,807,r3tards,R3TARDS
67440536,1775921580,0xc7d1bb19c7902df27caf032811dd5a7f0fb8e8963a193ef031d15d65723fdedd,0x0000000000000000000000000000000000000000,0x037b4e9fdbee4fed406396cffd5625e77f59a350,808,r3tards,R3TARDS
67440536,1775921580,0x1f1c4cab7a22a7a97c8bfd9bbae88d7b6adf38cc42e3feff54bc7f55850f17ee,0x0000000000000000000000000000000000000000,0x80704f1ecaf7f02075cb406d291dbdbb821e609e,809,r3tards,R3TARDS
67440536,1775921580,0x2ce91562ad16007803995a04e1bb3be13f68c6dfd046be9247bba0920d84bbaf,0x0000000000000000000000000000000000000000,0xfd375cb17c45d9fb234c3f3f8b5d47b55595a2a4,810,r3tards,R3TARDS
67440536,1775921580,0x79e3487d017ce5819ec7ff996d6a09aa58f44d03af7f130d8346fe6b25e023cf,0x0000000000000000000000000000000000000000,0xb87033a41756c611be6ff1bd8067e1fccf66534e,811,r3tards,R3TARDS
67440536,1775921580,0xfe50ee3662dae8a854daf3abec80348574bad0ae507189d962ce135d056fe5b1,0x0000000000000000000000000000000000000000,0x55095fc6ba14c8e473e62dbe87950bc59904625e,812,r3tards,R3TARDS
67440536,1775921580,0xcbfed0e60ba9acdead2437d6dee51a2a29a8d1e50561b48b631854b11707cb25,0x0000000000000000000000000000000000000000,0x7d4d8c4209d8847a616b66fc7227f8a2d0713188,813,r3tards,R3TARDS
67440536,1775921580,0x69d46891cfc6c209c4017c5a331a620cf74569cb2195cf2f4ef2617375f73879,0x0000000000000000000000000000000000000000,0x23097afc7849595abbe859e4b550c97705b53a44,814,r3tards,R3TARDS
67440536,1775921580,0x56ef20079d202ecb56539a66b5ac301525a18e374c7789874b4821be236e1e4f,0x0000000000000000000000000000000000000000,0xf2cc7580fab358422000fd276cfc2f848b41a1da,815,r3tards,R3TARDS
67440545,1775921584,0x4d8ba68b88c4dde89d26aeb1fa729e2cef4690ebcfbb2047f2857072bfd5312d,0x0000000000000000000000000000000000000000,0x521dc01d9d26806092c45225200a09aa6d8f4b2f,816,r3tards,R3TARDS
67440547,1775921585,0xae523820eb7996b50f4b64ffbf4fdc73d2821bb239de31183056e09c0c769931,0x0000000000000000000000000000000000000000,0xd55a1ca7d9843c6c507a1d5521cecf865ef2b02b,817,r3tards,R3TARDS
67440547,1775921585,0xa7925961b731ae0d4b630ba3153363eaf909fc6b1109a983775a5dca75dc4713,0x0000000000000000000000000000000000000000,0xe4a45f74967f75dccd6947a9dfe25333727a4737,818,r3tards,R3TARDS
67440547,1775921585,0x9eae14c2e2891d07d951f93b6fb187f6933cbf7e2759a193425966cf76d10636,0x0000000000000000000000000000000000000000,0x4cc79eff859d06fbe4d530d44ab03f9744283f50,819,r3tards,R3TARDS
67440547,1775921585,0x278c6ac99aa60a6ceaf34efe15f539d1be6ca9866d5df2466371bc4ff65b2489,0x0000000000000000000000000000000000000000,0x9f6f33149fcb1a24de8054b35c90ebfb9ab4b132,820,r3tards,R3TARDS
67440547,1775921585,0x9178e384641fc15683bda759f8ae91b331a7e1d707d17ec6b698c526f8308064,0x0000000000000000000000000000000000000000,0x7ab65d091e99195c2ed60ced48b559906962d828,821,r3tards,R3TARDS
67440547,1775921585,0xeeb4f16d158c63ab2196351b630a5c8defe60309409a092a027246045515eb5a,0x0000000000000000000000000000000000000000,0x0077c2093fd8e6a6277b84c2627619b80a72472b,822,r3tards,R3TARDS
67440548,1775921585,0x239251d1067e89ed876bec59acf04b2b360c689debd679653b6d283d84443709,0x0000000000000000000000000000000000000000,0xdc987660d5fbcd0bfa19581f8d370bda9f80cab0,823,r3tards,R3TARDS
67440548,1775921585,0xaf61d5f7d28eb009f3d2d6255ba34524529e5f05d5b047768ccecabf2c261a37,0x0000000000000000000000000000000000000000,0x91000adba5d3aff328815a5fc449f1558f96a283,824,r3tards,R3TARDS
67440548,1775921585,0x251ba1258aa14b1d6d52ccd811ebf8578dc0fdd28fdb1fa82966d81dc4a921e6,0x0000000000000000000000000000000000000000,0x675d3a328d7c7d2ca2c3b0ae0a4433724f752c26,825,r3tards,R3TARDS
67440548,1775921585,0x24f3b0a557a5285b3df52c867d7c98ad6ea99bbd034f4be17127603384d84bb0,0x0000000000000000000000000000000000000000,0xca672e72eeb9e720b610f72e7885135c4a99d49d,826,r3tards,R3TARDS
67440548,1775921585,0x3833bbbeaa43365ff53740b69fbde1a5f4e9e1ca53c0d2a8b293ddf4d58e4863,0x0000000000000000000000000000000000000000,0xf841d2d284570a3dd8be7666ddc06627e1577e9e,827,r3tards,R3TARDS
67440549,1775921585,0xedd0a3f552746357d6e25a49439a57fd4eff2c5eba767b0767755abd32ba1781,0x0000000000000000000000000000000000000000,0x5a3649369baa565b7603846c437fc08479246b1b,828,r3tards,R3TARDS
67440549,1775921585,0xa62f64f86b5c633608c500dfd085d53dc5dbb95e95076060170f3d92f10eb150,0x0000000000000000000000000000000000000000,0x0898fff1e458824bfd48c0d42dc3b4876cb3950f,829,r3tards,R3TARDS
67440549,1775921585,0x39dd636c4a2d94de579e1c97c8b3702d691dc18faf04e9ae62448f37ea6ad7ff,0x0000000000000000000000000000000000000000,0xe5091105e56636964f1d213b013c27545ab61227,830,r3tards,R3TARDS
67440549,1775921585,0xdbf4ac8ef2353e8a843767525bb628bc003f6230da9f3834f737f0d4f1d68787,0x0000000000000000000000000000000000000000,0x2f23158efc11c579d2bd5b479b84dc5da1807da5,831,r3tards,R3TARDS
67440550,1775921586,0xc7594a9816ed15fa019264fce079382e233634c9714f4e51aba63e5e6873ddb5,0x0000000000000000000000000000000000000000,0xf98e56b9a2ccd8e9bd3e8f7e39399e53c9c4c01c,832,r3tards,R3TARDS
67440550,1775921586,0xa8bfe7796d059649f08f90c34ead5a4babe5ebd0ef3929333a83a390fa5fa8ef,0x0000000000000000000000000000000000000000,0x9cf5084b08626c9a235d9d6b0d24e2b4535294f0,833,r3tards,R3TARDS
67440550,1775921586,0xf5f34b98b89e516d8eeec9067dd7cbd4181eb161629205e69ea9a935e4ce492d,0x0000000000000000000000000000000000000000,0x60bc18ed2ff76646ca173a9b572118d237b7c80e,834,r3tards,R3TARDS
67440550,1775921586,0xd5087d348e77909614fe75b27168daa326bf4b6c609e9405aad31f4cf633878c,0x0000000000000000000000000000000000000000,0xc58db08586de823dc2464d734f6b3d2c7344ee88,835,r3tards,R3TARDS
67440550,1775921586,0x624c41ba983bc1f4c7519f1366b06f714f77df1fdde3b26b2b62d87c90f97640,0x0000000000000000000000000000000000000000,0x9de86893337fb6750f847bb36cb7f095ade76dab,836,r3tards,R3TARDS
67440550,1775921586,0x7aea0142f226c9e372dfef377e7196fa438a670ebffdb6cd16011078d10468fa,0x0000000000000000000000000000000000000000,0x3ec9d4c7b85be897b5c9f18f35566ee644dccc4a,837,r3tards,R3TARDS
67440550,1775921586,0x6690924bc324dc31979941d5c85d0227d07dabd5637915d7685cef6d58682755,0x0000000000000000000000000000000000000000,0x29aa42cbdc381e369e66ace4dba46163120220ee,838,r3tards,R3TARDS
67440551,1775921586,0x05d30e2f40054038d81bf9962a12f4e34af362f3c0d96b11c5840af9646ee79d,0x0000000000000000000000000000000000000000,0x4445035b8a30b289bb3559a45ff989a2d590169d,839,r3tards,R3TARDS
67440551,1775921586,0xd8d4050d099cf6342fc6a4cace58d2b9ee62dc65d814f486f260e27db877ee4f,0x0000000000000000000000000000000000000000,0xa328f6def7ffde8500ff00adadb6e01b2ccaeec3,840,r3tards,R3TARDS
67440551,1775921586,0x8325f743f05a85e2507b1026b33e1bd5a8085f0688517eea90fb4b6ab46a1b40,0x0000000000000000000000000000000000000000,0x44604878c553afd783a47df9c1631d13c4d43b3f,841,r3tards,R3TARDS
67440551,1775921586,0x2b91c76c5048feec46f314afa20d6dcc8a2701b503a4588a908d6362dd7aeeb7,0x0000000000000000000000000000000000000000,0x1396f6797dd15440fe2bc3b2251dd2adbe9c4b45,842,r3tards,R3TARDS
67440551,1775921586,0x402081045232168121310a9b40da5561912da1493d86099fea6a094ebd05acfb,0x0000000000000000000000000000000000000000,0xe49a6a9dcaa5fce366b554dca5f0c41a8c2786f6,843,r3tards,R3TARDS
67440551,1775921586,0xac2b4415b3fa99150414dc7f64d1a637d131237f541ceb883b100dffac3bcc8d,0x0000000000000000000000000000000000000000,0xa74aaa7d063bf8c9f316fceb93f63be2602941ad,844,r3tards,R3TARDS
67440551,1775921586,0x25d1dc46e0cba6b00e5dbe96c2466bccee2f0ada53d80d6d03c600b81c10793a,0x0000000000000000000000000000000000000000,0x872771bcb7ed4d9e98ab425cd4d66f1b9c6be693,845,r3tards,R3TARDS
67440552,1775921587,0xc11aecba9e0e4801610debed6713d9c481f6615db6a3fa9b4d3477f5968d513d,0x0000000000000000000000000000000000000000,0x44b58fde75b083ae545e4b3416fd75654abe3baa,846,r3tards,R3TARDS
67440552,1775921587,0x951adfe0885e3b52d5947e297e50bd135b3dddef036612bc6ed646a633c9b3ad,0x0000000000000000000000000000000000000000,0xa0b368f031c0ac91e7589e081185933b4cfdbe02,847,r3tards,R3TARDS
67440552,1775921587,0xd1f859ee7aeda013c036eef2df40c43b4ca5ed238ad65d86411bf86dc9c8936c,0x0000000000000000000000000000000000000000,0x37afb9f9d96ad1efee5b35e1c85e17d668753448,848,r3tards,R3TARDS
67440552,1775921587,0x696d61d89944db7022299dbdfbd2e550bc9701c6c0ecf9885fc2058c7f291463,0x0000000000000000000000000000000000000000,0x03d0a5d036a369d2681ca5666149be00ead300e3,849,r3tards,R3TARDS
67440552,1775921587,0x62bfe1b994d59906c4cedce5da44ae2f8cb8b225dca595436f609a6f1883f500,0x0000000000000000000000000000000000000000,0xb46bf163c3b7de6b80270ece9012a276863842f0,850,r3tards,R3TARDS
67440552,1775921587,0x17a1d453bbca29c824421c401690db0b6367c33f3bdd592a82b2982075c6fb01,0x0000000000000000000000000000000000000000,0x8f50d2652128969c76bf4c06bdb519ef95757308,851,r3tards,R3TARDS
67440552,1775921587,0x125c0476d43916d4f1ede0ddcd14679aad3078c758eb05aef8dd3fa332fefeb2,0x0000000000000000000000000000000000000000,0x1005f1a93d7a1a96453e546507f0415cc9af91b5,852,r3tards,R3TARDS
67440552,1775921587,0x714008650b3dd463285f45be6901c6eee7a5cabb00284a3493ee52b853fd5ff0,0x0000000000000000000000000000000000000000,0x21208e75f62da41ca25ca02e66f889ae5b62380b,853,r3tards,R3TARDS
67440552,1775921587,0x2a30a1aab6f2779e37548e778d892f6986f8248e3fb2cf08ee2fda80cb348b1f,0x0000000000000000000000000000000000000000,0x44af634e353c9e887e1d37603451b4849d352798,854,r3tards,R3TARDS
67440552,1775921587,0xb14f16d1434d94d5444d62aab716f2ef3bb1a3dd95b167362907acb9980f73a0,0x0000000000000000000000000000000000000000,0xefafce889e0dc979377fdc7a068f4943f5aa5acf,855,r3tards,R3TARDS
67440553,1775921587,0x60b7cb7b801b24674ec5359ee9b45a9cb95c1d7ada344bb817b8cea62fcdc9f6,0x0000000000000000000000000000000000000000,0xe8818b0727178bbfa5b2b88a4fe9198677b444b6,856,r3tards,R3TARDS
67440553,1775921587,0x3c00ed2023da7402662d3fb1bbca9a33a2a77200b9697d4e2f83a08627e8fbdc,0x0000000000000000000000000000000000000000,0x0a9643381b7a6fe41e693c4dd0e4cae57bb2bd69,857,r3tards,R3TARDS
67440553,1775921587,0xd8207758e2acb65fbcd3e24cb74b8e13b1e29657c7af8e6a4298b5ca0319c2c7,0x0000000000000000000000000000000000000000,0x349c87f2d822560223268f56dbbb65a0f635fd0e,858,r3tards,R3TARDS
67440553,1775921587,0xfb0394da59a9e4aa5fdbeeb02c7b568e852079863a3e7aeaf87c4a57d6234f47,0x0000000000000000000000000000000000000000,0x762cc7447999f02c4d4514da2e7aaed9aa63f731,859,r3tards,R3TARDS
67440553,1775921587,0x98e0e4992d91ad60b7a0b447a05449ab38fe50b971784f7994ce3d5a3828c094,0x0000000000000000000000000000000000000000,0x48d9fe1d63d6a6cb683cb7c9348c2135f6e8af73,860,r3tards,R3TARDS
67440553,1775921587,0x0738cdced5b0714a4b9d5c888306e2d2673ad6914dad03f6073b71371767bddf,0x0000000000000000000000000000000000000000,0x90b6a1f8df231cd7fd5cca4fc4a2ee3a25ffc8e5,861,r3tards,R3TARDS
67440553,1775921587,0x165edaf3f781c1a80faa607a96542ca0ffc6b3ec5f7fb5632fde03617496983f,0x0000000000000000000000000000000000000000,0x4061292dd34c5197e280209dc8998f0c0ca81f17,862,r3tards,R3TARDS
67440553,1775921587,0xe378a5cffe3e07731342484bcdfb78391da0487d481cddeadfbb75325559340a,0x0000000000000000000000000000000000000000,0x84123d32f75647d149d62fa043b1bdb86f8e62cc,863,r3tards,R3TARDS
67440553,1775921587,0xfd34e6686709125fa72cb606ce1285c44caab576d7c1fffa263c4ccb8f2d67e9,0x0000000000000000000000000000000000000000,0xc54d7942f999349ad9b89ab2ad707059bef84884,864,r3tards,R3TARDS
67440553,1775921587,0x4760dcef32a33714b430af10fb3fc190160dd7e388caf0701129636da91aca0e,0x0000000000000000000000000000000000000000,0x911d7f579c9ac29c39fde217a08096407cda3f4d,865,r3tards,R3TARDS
67440553,1775921587,0x905d6be8d1c339b69d236ccbeb13ed0dc8ebf977607eff2d67dafb1cc20618f7,0x0000000000000000000000000000000000000000,0x14f2389b991810ae9e289177a3cefa659ebb952a,866,r3tards,R3TARDS
67440554,1775921587,0xad8aa41bc3c82da10d38cc3c1ea489e149c44015415935ebbd1b0a4d121e4b9d,0x0000000000000000000000000000000000000000,0xcbcb8a49716228e93f31759500a5d378f3582954,867,r3tards,R3TARDS
67440554,1775921587,0x685c0ef1d4da74ae559f2b95e837db789f56f1bc8dc7bce0b25d0ca0e46c1c50,0x0000000000000000000000000000000000000000,0x87724f88f2220b1b7eb7434b0395b51927c51049,868,r3tards,R3TARDS
67440554,1775921587,0xd6b4f8d010c7560deb77fd79b0a9a811b907b5a542ba28ea3f898d11d8d3890f,0x0000000000000000000000000000000000000000,0xfe5050651b622f56e8931d172615b01e1065527d,869,r3tards,R3TARDS
67440554,1775921587,0xf1e6284a242ab411cf01b85496d90b3ed6b8f1f31fbaae686f292054846c5b93,0x0000000000000000000000000000000000000000,0x6b990673242790705ccc27aa9a70664fd26992a7,870,r3tards,R3TARDS
67440554,1775921587,0x186473434add33de3c3c7b78cb8f450796c57c522ca473010e97c3fe0853252b,0x0000000000000000000000000000000000000000,0x30c8d6475f329f09ce5ef17a72f48fcd17b57d5b,871,r3tards,R3TARDS
67440554,1775921587,0xe704e43af6cb9d0e61913aa23b737980cf0f3c740563c7881863df2deeb1b39d,0x0000000000000000000000000000000000000000,0x367907efb4f8aaaab11cd50dcbbde86d601573fa,872,r3tards,R3TARDS
67440554,1775921587,0x374688fe8ccea0b4f0a31066aa681e86c9a0809ebda78d4c82b631aa0b49a4ce,0x0000000000000000000000000000000000000000,0x085c9fd0b971790f3d797e88087e63a9e86d7e1f,873,r3tards,R3TARDS
67440554,1775921587,0x296f7a24511bf65c7e439602a7f4e622757290085175c228359e305f69f8f7e2,0x0000000000000000000000000000000000000000,0x65f057baae12390962df18b3dbd37e797802e6ee,874,r3tards,R3TARDS
67440555,1775921588,0xa3c4960f323f0d4002e2527ddf75423d549dbee20d62fcbea4db39d7b11a0a99,0x0000000000000000000000000000000000000000,0x670196764570842a68a2097c72da8fb46964a196,875,r3tards,R3TARDS
67440555,1775921588,0x28825d6a853c6e75e101d504a831abaa7fedde88ad4c6ec8f3748ae806e95b21,0x0000000000000000000000000000000000000000,0x17cfd7f0df17ffca51800b8e28fd3b8252dd3208,876,r3tards,R3TARDS
67440555,1775921588,0x708aa5092fcd2df321a6e4331ea048b4ff08711e04546b761a0539b8b7547cf1,0x0000000000000000000000000000000000000000,0xb07ec928f7ce5f2996eba928c1b64a14efb0a940,877,r3tards,R3TARDS
67440555,1775921588,0x97294d1a87c499eb7a3b4efad4b15c9a5b00447f3b09e4cade696948f19a28e9,0x0000000000000000000000000000000000000000,0x5cac6e69e4fe2a29556ad91c94fe68259b663d85,878,r3tards,R3TARDS
67440555,1775921588,0x8a26b76b474bf5b86c4d636d41412a4d7058298449e8e2b227b26ebec8495380,0x0000000000000000000000000000000000000000,0x06d323bad45bf70d9321732edef985e6dea12183,879,r3tards,R3TARDS
67440555,1775921588,0x40246ca584d41734f315aa444be1fd69dd7b677976947a8365627b8aa103f3ba,0x0000000000000000000000000000000000000000,0x780b6b1a935e52b41fe895236073d254f189f3dd,880,r3tards,R3TARDS
67440555,1775921588,0x449a1449914f88408f2a37cc35dd45de547bc83170c485227a14acde3c272076,0x0000000000000000000000000000000000000000,0x3259682e80547b33a3f665e31279c0fba491e8e3,881,r3tards,R3TARDS
67440555,1775921588,0xb2d12036d9e009817af2033b78478d863f47ff1067bd1c25406a2446f41aa8a4,0x0000000000000000000000000000000000000000,0x59c1bd6c122c6615ece5e02bbdc04b87b10d81a1,882,r3tards,R3TARDS
67440555,1775921588,0x33095455bd315053c246900b008a6d99321b012d30d48fcdd2c882b2ade54500,0x0000000000000000000000000000000000000000,0x9a289f3ab8f9f6c8319490b422178d42f4ba9b5e,883,r3tards,R3TARDS
67440556,1775921588,0xe60e15eb021bea23a9840c579460900838da02061394b1124b2c132743d4e794,0x0000000000000000000000000000000000000000,0xa475e146eaf8803f7afe18386a6ba11e5fa90461,884,r3tards,R3TARDS
67440556,1775921588,0xf638c5cc89c747e9c7c5fba6445b1744e29098ec2a8c6812ab2b7b18f25fc41f,0x0000000000000000000000000000000000000000,0x475a0f80a54c1bafedcf59237e18c5623aa0f786,885,r3tards,R3TARDS
67440557,1775921589,0x158c4655bf418e18f9d64fb84ca62ade64fdfd97a4da3e16cfe6c76c207003d2,0x0000000000000000000000000000000000000000,0x8dceb0f2ce1844af252ee9ce3a9d84b738d3d9b6,886,r3tards,R3TARDS
67440557,1775921589,0x4a81a338cd1308875c37cd067a736c9ced39b9cc3e7efea86d2e2dd3a862e373,0x0000000000000000000000000000000000000000,0xacb3491fddfc8ab02eb49109eef89076052d9b54,887,r3tards,R3TARDS
67440557,1775921589,0x7f2627da43e9960ca6072064e36223830a297609bc7910e098ce544a6d35b460,0x0000000000000000000000000000000000000000,0x466ffb3df11ca8a346c5460524bdc71b3a1d3e23,888,r3tards,R3TARDS
67440557,1775921589,0xeebbd3366bfc0885492521954b8a5e2d72230c73732877658011ec235c10ff7f,0x0000000000000000000000000000000000000000,0x2b9f230031d7cfa3f79e789927e80934c3e4ebc1,889,r3tards,R3TARDS
67440558,1775921589,0xa8cd573808f0ad3916b11b1f719fe574405bf52ce2f0376f04f20638f085f2c9,0x0000000000000000000000000000000000000000,0x2a4532f93fb2788f28a5b36046c8f75058926b83,890,r3tards,R3TARDS
67440558,1775921589,0xcf4e9a2aa0bf74d9976b5912f5b4bd7bca81424a209a986dd2b80c40963d51eb,0x0000000000000000000000000000000000000000,0x28af9cdfe5f2c24a08ded2174bb25739d1378062,891,r3tards,R3TARDS
67440558,1775921589,0x25b369034b47149e1daaf8d9ee95bf00c6bbacf17ac6cdd1df378d2977123cc8,0x0000000000000000000000000000000000000000,0x6f2c4676f8750e4d5751ba72af21fbd33f325444,892,r3tards,R3TARDS
67440558,1775921589,0x7ae339c44cb09f3067f1c436ffde6a6ac72d30dfdaba4fe7d4bd79906dad0066,0x0000000000000000000000000000000000000000,0x992a9a2037701383b3a914fc42559d10c0fdbf40,893,r3tards,R3TARDS
67440558,1775921589,0xd403c637f6335e58fc2ecf5e6a2ecedab312ad003e98d570e5bd52c27560fa29,0x0000000000000000000000000000000000000000,0xc15d6e60323bd35c4b41d6ef8a42a60b52058576,894,r3tards,R3TARDS
67440558,1775921589,0xf7c7fdf60c5b90931e92c2bb5313a03b596fdfccc4e1c0ecef2c9cf9116f4b9e,0x0000000000000000000000000000000000000000,0x371bb5277de2a4b2a0ba976cd2e18fb1c4c6aebc,895,r3tards,R3TARDS
67440558,1775921589,0x093e601ef30552e5c1aa277bfb9d92fb1cc108bb55f63f3814b758912577f153,0x0000000000000000000000000000000000000000,0x0c2207ccd7a3cc54af31d9009bc29b9dba1b3bcd,896,r3tards,R3TARDS
67440559,1775921589,0x202a922e190440d913cd24dd560de2cc14122d3f9056dcd4d0d5b0dbaa584340,0x0000000000000000000000000000000000000000,0x35fb31f1ecc50e2fca559e53b6e7af2bddfe94cb,897,r3tards,R3TARDS
67440559,1775921589,0x27b71198454b8a22bf77f3b1ebf9f6d80b57e3a6fb9b9613ac85fb46e80835c6,0x0000000000000000000000000000000000000000,0xc76af2ae85524ae8503eaa0a138eb636eaf7caf7,898,r3tards,R3TARDS
67440559,1775921589,0x1661f2ab2db5801efbf910ad585ea8327fd39530e43cd0bb997c5bc7ec9b6406,0x0000000000000000000000000000000000000000,0x5e4be30aeccb0c4f9811eb3876d0271ea826eb67,899,r3tards,R3TARDS
67440559,1775921589,0xa0d94bdcfb214b90b1899d2a2953878f2a29859370571a182e6bb2d2c292a906,0x0000000000000000000000000000000000000000,0xe362b10104ff54cab77e57ac9dc9fbeebe7032a3,900,r3tards,R3TARDS
67440559,1775921589,0xfd7ce75eb3f4006b867718d05d526c58b57490adbe9838fed714fa1053994a90,0x0000000000000000000000000000000000000000,0x93665b269c759a96dbbf77cd684e9181b389fb29,901,r3tards,R3TARDS
67440559,1775921589,0x36392a8248758c17198ec78f33f3f50aac835b204f124e444c1707e44381b1f9,0x0000000000000000000000000000000000000000,0xa33c9eeab39d39e8b602fff01069fe455e46265a,902,r3tards,R3TARDS
67440559,1775921589,0x9b8c6b7b7776dae9b4b51870e6317be5589f3506277dd2d5b7ac0a954bab1b27,0x0000000000000000000000000000000000000000,0xd65d7a58820c1dcef0497d42b4bc6eee80b8ae1a,903,r3tards,R3TARDS
67440559,1775921589,0xe8c6add67ee2601617b7d6d3c1ec837bc428e7a4b6aecb6945b8b98ce1670377,0x0000000000000000000000000000000000000000,0x3d0de3a76cd9f856664dc5a3adfd4056e45da9ed,904,r3tards,R3TARDS
67440560,1775921590,0x046634962016b1533b101e1afda705c55182705676d4a23d061641f7603792ad,0x0000000000000000000000000000000000000000,0x2791c7169d9d930703a4a16ce1c467539946d847,905,r3tards,R3TARDS
67440560,1775921590,0x70ec4e34ec4b3fc2486fb5a70e0f3da0a426f05d4d5ee581ea6ece17a29cd0c7,0x0000000000000000000000000000000000000000,0x5b771eb0da5a5460cb6c1bc0084db0df8b789955,906,r3tards,R3TARDS
67440560,1775921590,0xeb3de0449c12c11cad80eb728dbfe1da204320cbc8f383ae030fc702509868f6,0x0000000000000000000000000000000000000000,0x542175a25dfa199ace2a5d111d6d72946a09960b,907,r3tards,R3TARDS
67440560,1775921590,0xea62ddcdebb706f2a7ca7ac80506892c66c827f2ba7244596e2181b34229cc7f,0x0000000000000000000000000000000000000000,0x53d4e41900decf004ebe9cefa0396dac1257ff30,908,r3tards,R3TARDS
67440560,1775921590,0x8987885fc3279e788bbc2ffebd757a2ba061c4458031ee8e23c989255cd20c89,0x0000000000000000000000000000000000000000,0x805885d850982092334859b05a8a1c4b08c087d2,909,r3tards,R3TARDS
67440560,1775921590,0xdc7a65a789a5d7f70381c3202309a6b842232bfd2a4a3f1987adf747ba343a2b,0x0000000000000000000000000000000000000000,0xbd0cb41446e94bf3a6ae7c2f242ab49ca5bd5abc,910,r3tards,R3TARDS
67440561,1775921590,0xf8aa8c30d26b5ca3897f8b3e4d5531864fc69e44e366df055e64ddcb6a0b85f1,0x0000000000000000000000000000000000000000,0xd79767fe34fe8ce47f9fed9a4ec7b7ce30b305c5,911,r3tards,R3TARDS
67440561,1775921590,0x904fc669e2fda65ae26e3405d2721502eca238a68af5afa2b88934cdbc75ecc8,0x0000000000000000000000000000000000000000,0xa1a38d65100d23ae2bec8e925605bffe282d0d09,912,r3tards,R3TARDS
67440562,1775921591,0x4797d197c23b1e8588366384f36b330170e87dbcd8ca02775268e7d2e82872ea,0x0000000000000000000000000000000000000000,0x5664251b374ad90bf466737692281df16b4c0a20,913,r3tards,R3TARDS
67440562,1775921591,0x71766b6770323fc8160f871fa9b4cdf102ce8d75ecf264f881f86daa581378f6,0x0000000000000000000000000000000000000000,0xe6454902615ad7abdd3439791da0fd21dfdfa45b,914,r3tards,R3TARDS
67440562,1775921591,0x0d2dab789e6127762cf4082a14baa6d0eeeb283bc6625f1439ceaa11be358418,0x0000000000000000000000000000000000000000,0x7367772422348626242bb837a35a0224e5d96c6a,915,r3tards,R3TARDS
67440563,1775921591,0xda65a912d1687759203bfe4d5c6033fab5946ba08f23413039ea04cc8192d6ac,0x0000000000000000000000000000000000000000,0x714c74ebe356b7f74bc1dcd92ca03dd154137cea,916,r3tards,R3TARDS
67440563,1775921591,0x304e7a83e1bb549d5ad021c780f1b1066856db7cacdeb8a05103a19a97a33cb9,0x0000000000000000000000000000000000000000,0xa75e8c57027899b5a621657cb3827d2180c58950,917,r3tards,R3TARDS
67440563,1775921591,0x59fec405fd8cc20998559f3649b3b5e1d39f8d753819cfe08368a09772ff67b5,0x0000000000000000000000000000000000000000,0xe73e03a5765036bec6b6d7d848a7b8d366354fe9,918,r3tards,R3TARDS
67440564,1775921591,0xd231ad13104202cdefc86b98e4e7b3d6b7e3d36ddc21c588a3ed41c85593f229,0x0000000000000000000000000000000000000000,0x0142360ecc9524e6eae6c27bf290f80faabfa8ca,919,r3tards,R3TARDS
67440564,1775921591,0xcb78f73827fa417e16133da2a73d622fad4cdec5ac560196fa177c484811a358,0x0000000000000000000000000000000000000000,0x1fe701931f1b58f1496561b9aaff205d85ef15f7,920,r3tards,R3TARDS
67440564,1775921591,0xd680d0b023311dc1547caa7d3cf55c8f9905f91157702e29fa454975ca1e6d9d,0x0000000000000000000000000000000000000000,0x49a2ba42870bc4b5b8ce9ee5944ac40421346ee4,921,r3tards,R3TARDS
67440565,1775921592,0xd137c7bcec9f298bf3bcc4fa5fb0ac472d7dc2a590b65e7f0ddad78306af7afe,0x0000000000000000000000000000000000000000,0x3dd24993b591acf91e089d8f4e620eb96f479d6a,922,r3tards,R3TARDS
67440565,1775921592,0x0e676d0bf30a89489e334bd21d21466deccddd4b5a35963f2627693bea196565,0x0000000000000000000000000000000000000000,0xc6a8e3aabfe721e46db220f725f28bf43b1826b1,923,r3tards,R3TARDS
67440566,1775921592,0xb5cb628c53767a6ea9029bb856b4ea0243fef9b70215f1785ff7e18aa308f9ad,0x0000000000000000000000000000000000000000,0x9b66ad26e689f8f57b150c074c5f868a3ab3c35e,924,r3tards,R3TARDS
67440566,1775921592,0xc9f804b303be4f5b607a77a69d3fc6a7ba27f7643b7c05ba324ed6b758f8c024,0x0000000000000000000000000000000000000000,0x332cbec27fa750636098fa0fb153a21f4556dac2,925,r3tards,R3TARDS
67440566,1775921592,0x5c18abcb151a2c0e484f9a5c25f5a85091c3ed649cb2734f8aa2da7a746dca2e,0x0000000000000000000000000000000000000000,0x41f9ba43176e26619fa29cde270787660100b4a1,926,r3tards,R3TARDS
67440566,1775921592,0x57dd640f4c1a711cc37f559ac516a0724209c70c61d80a45bd31ed944fcb315a,0x0000000000000000000000000000000000000000,0x8cd59f358ef3c40fee910930ee3de3bc9f529b3a,927,r3tards,R3TARDS
67440566,1775921592,0x61d88bb62e8de63654eff9d01170853930d8212ec25edc402001e1dcb568a3bd,0x0000000000000000000000000000000000000000,0xb555daca54d54163865897fa02917ed2f1820f21,928,r3tards,R3TARDS
67440566,1775921592,0x640b6b23d591061a3f1945706f16fbf00cd36906f211fa900ab02e1b98b90308,0x0000000000000000000000000000000000000000,0xd044eb4d750dc28ef77faf6916f0122e827c78ae,929,r3tards,R3TARDS
67440568,1775921593,0xec0595ae12106c18ab333f59b610d6f7282eace559cf8fb885f2d82618020f26,0x0000000000000000000000000000000000000000,0xa2bada13e88ec6ea1a2e3452984cea04f01ff6e0,930,r3tards,R3TARDS
67440569,1775921593,0x963fae4d0441c0bf9cd7bde681ae5b5a7cfd4863e8e06d055caf295db7eb6f59,0x0000000000000000000000000000000000000000,0xcdc2b0e08cd32db1d989234b9ce3029c04d0744a,931,r3tards,R3TARDS
67440570,1775921594,0x9e238f043e5bb5ebc143f3990230bdc01955e6cdbbd68d904c354b0be834425c,0x0000000000000000000000000000000000000000,0x779d55e094e7bf473c31314cec5651d33f93d8d2,932,r3tards,R3TARDS
67440570,1775921594,0xb78a017cf875c96fc63b9ba71470ea504e3601faa40ea1bb2995ddf11adaf635,0x0000000000000000000000000000000000000000,0x57ced2370c32131b5a3fa78c26a7c629ab7b86c8,933,r3tards,R3TARDS
67440570,1775921594,0xab3f659a0f58ded7877ca07281b7e53f728e6a9000ea1654121ee64b6e6e3971,0x0000000000000000000000000000000000000000,0x5675b8f4a7cdab04eec8e44df68be92c13fbf327,934,r3tards,R3TARDS
67440571,1775921594,0x574ab438df42097c503addba08e0d131a19ee5a8e57d63be1263e143edd20f39,0x0000000000000000000000000000000000000000,0xc7630daccb66eba71ed2457904008d05399c6fff,935,r3tards,R3TARDS
67440574,1775921595,0x65a04da6fca1db889e70ab89d931c93ade05df0c7ba33195e51931033679e718,0x0000000000000000000000000000000000000000,0xc79ea32f4478cdebe9da0b1f8ac6c12adbc4839f,936,r3tards,R3TARDS
67440577,1775921596,0x695b4a334949d1f2398eff5994dd0dc1d28cc46fc7a34a912d784a8ba17f6263,0x0000000000000000000000000000000000000000,0x79eeba75e703d44c62d4cc22f59343592b0de499,937,r3tards,R3TARDS
67440579,1775921597,0xec6aab18451703963fb597abb90856d7ffa92b36789f16f8b912f08c21af9189,0x0000000000000000000000000000000000000000,0x5ba0368f6d0cf136147eaf9a4d4b34ef9fc923be,938,r3tards,R3TARDS
67440580,1775921598,0xb958bf49f93fea4be6fa3d0137aa474b6a435d5e17542c3d3b6b43337da55187,0x0000000000000000000000000000000000000000,0x7363593559751695d9f9b1123715766e059d4e54,939,r3tards,R3TARDS
67440580,1775921598,0xbe0abe18afab6e877f3c5b682e36be0cae8d9fe545839709ffaa0e07a9bba223,0x0000000000000000000000000000000000000000,0xca07a6f0e85b354646d6a21ab909466cdfb6a27a,940,r3tards,R3TARDS
67440580,1775921598,0x9c3b1fe253aef8fff9809a3a3fc236ea82524254be2d1c4348d534d06d180d0b,0x0000000000000000000000000000000000000000,0xb7349ef6a88819e949a00cc9ebdbd0861de35401,941,r3tards,R3TARDS
67440580,1775921598,0xc3d1021b1cdb530e727b1caa668ea756af924231dbd578ae59c588e465e724c0,0x0000000000000000000000000000000000000000,0xb45fcf6e1dab1f15a21449d75f00eef34fa7cb5e,942,r3tards,R3TARDS
67440581,1775921598,0xe2a847c78cf848bd40ea8fb70aa0d2c55a3832bb05aae15d5288d44a1fd69f9f,0x0000000000000000000000000000000000000000,0xa302a45093d04a70720735072cbffef773a3127c,943,r3tards,R3TARDS
67440583,1775921599,0x1879d3eee1280367d5944efd9692c4958f2d3664505442f2983021c5b4c6ca7d,0x0000000000000000000000000000000000000000,0x2568cb9f467313aed99ef41c47185c5456ec9333,944,r3tards,R3TARDS
67440585,1775921600,0xe8c4cd74ab916810fb547a62ea0bcd2db17a61ef966b152792daa4a1e882f385,0x0000000000000000000000000000000000000000,0x5a3fb45e6dffdb4c12b56e36a91766538a607acb,945,r3tards,R3TARDS
67440589,1775921601,0x754dce037d905907644dc864774a40ce60257127f654eb82c1bda9c401b2d3bf,0x0000000000000000000000000000000000000000,0x32952ebc4d551a0d5c484f7c0defb8141b791034,946,r3tards,R3TARDS
67440589,1775921601,0x84dd0df0aa00de23b16c2e11d642f5be2762c47a0e173cd47778720178b62780,0x0000000000000000000000000000000000000000,0xc6507b7dfae484aaa78fe8627280a5dd28dca7db,947,r3tards,R3TARDS
67440590,1775921602,0x4768e3380f41bfed987b6e2c188986a035578933e4d6b76a6d1019fa51509e20,0x0000000000000000000000000000000000000000,0xdd25632df2ff0ba026f4cc86f4d4af27ff4d8a5e,948,r3tards,R3TARDS
67440592,1775921602,0x03baf64d54846d7a95d46aa29bf0a54bec7709a782837b38d0b3ba75d27f865a,0x0000000000000000000000000000000000000000,0xd3b7df4d1132c32332cd2003896d35474d128123,949,r3tards,R3TARDS
67440594,1775921603,0x002bae8fe78ad63f95a7fc72fb8ca16929de02337a3fa913b7b13fc26f16b3c6,0x0000000000000000000000000000000000000000,0x81511f8d8b40d17d228a9207233c26af28f34a86,950,r3tards,R3TARDS
67440597,1775921604,0x4d7bfeb2e3bd1055382a840c966ef9c6d4740184411bc2421af15e008d51a9e8,0x0000000000000000000000000000000000000000,0x2d1f23fdf321a1e9d089d2400e3c550e7c4c5ce5,951,r3tards,R3TARDS
67440597,1775921604,0xf97b3058830076d83d1fdca632a8cee484d762f826152d0ce9eab4fcd39551df,0x0000000000000000000000000000000000000000,0xdf069da14f40c19961c20b284dc2210c6f1113fc,952,r3tards,R3TARDS
67440597,1775921604,0x5f7007db89490511fe654de1ccfdd26c7424fbdc0248505386c34aeaaf1872bb,0x0000000000000000000000000000000000000000,0x0f7fd7573c0d9c7f9e381cab298d4daaba77e9f8,953,r3tards,R3TARDS
67440600,1775921606,0x43a225074e5cdfd70815900d8b58b5b8240d80ba64fa7456f3fb5787bb7846ab,0x0000000000000000000000000000000000000000,0x5d34eb150bdad90f830c967a8078f55a67115c02,954,r3tards,R3TARDS
67440601,1775921606,0x5f8c91d7024e7221ed4e28f6477f5d176c9d644fa625c1dd8f8223fbca8ec0cd,0x0000000000000000000000000000000000000000,0x3f19514d4e3405e975a335876819dbf651aae23d,955,r3tards,R3TARDS
67440606,1775921608,0xbb2ad4ec6dda4754eb2861f609fca8b19c84b350841e990db9f96669e42cdcd8,0x0000000000000000000000000000000000000000,0xede187754c24922b4a179d7dd559802625db941c,956,r3tards,R3TARDS
67440607,1775921608,0x930f9492dee740d62a0db57da54bbc1f5d770f9b642b0d75b07269148e3dcb4c,0x0000000000000000000000000000000000000000,0xaa13c48c6f4d0c513e97da74dcdfc19da07b9b9d,957,r3tards,R3TARDS
67440610,1775921610,0x87194e5ef8bf6171d1e00bd49d6dbd492e53a0d41a0a640755968bbe9cc44d05,0x0000000000000000000000000000000000000000,0xce2377a03f95dc573790363c465996a7ebc53258,958,r3tards,R3TARDS
67440617,1775921612,0x961826ff6e06ca503573707902fcd47311a34bad78ae29ceb62b9a46fbe04240,0x0000000000000000000000000000000000000000,0xe01f4656e9e24b36869b54afdeb343797e9ac4e5,959,r3tards,R3TARDS
67440627,1775921616,0x249c8874aa64d439edf623105136e5fcb2bc1798a9d432934228718ab41fb618,0x0000000000000000000000000000000000000000,0x34389a1cea6513641699ce33f570032e9265967c,960,r3tards,R3TARDS
67440628,1775921617,0xe0f9ac0474d3402611b24946e66b94ca38335cee518b871fb52aa2252bc0c951,0x0000000000000000000000000000000000000000,0x15ec484c32ed55a9c169a1e4f5a7c67ad737e593,961,r3tards,R3TARDS
67440643,1775921623,0x2b2894a31f394a4844b3c5a0ff1a1967e32e079532a4ca997bfefa082f208a85,0x0000000000000000000000000000000000000000,0x15fb348477e55e97904afdcb15d43b07aa323485,962,r3tards,R3TARDS
67440653,1775921627,0x8ee2f992dd559ef981e17722af7334781f3f1f2543fa20362c845283a70ce7de,0x0000000000000000000000000000000000000000,0x7831fe4ee90a90c02c06bf012f9b75ca2b27ed1e,963,r3tards,R3TARDS
67440655,1775921628,0x48ac62bd0e57a0c457264190d51303b93bd8ac9fbbeeb437171eb991e088c052,0x0000000000000000000000000000000000000000,0x3b1311f0932a397999e4e0eff2bbb28b0718a274,964,r3tards,R3TARDS
67440656,1775921628,0x3a2336e8082ed5e04bfa6eb88666a98f3057cb4129d9ab68e41316652fab114c,0x0000000000000000000000000000000000000000,0x60205bab990bf54c701f8850e56bc52446008930,965,r3tards,R3TARDS
67440661,1775921630,0x0d949e30dae0a49570a265b84f638fce0973a7e1497315233f15c89bca20534f,0x0000000000000000000000000000000000000000,0xc84839229a27b288c94323141a69ea5b5560de7c,966,r3tards,R3TARDS
67440670,1775921633,0xaf856a72b2104ff83a8c7fd0e7ed720a98e039ca6c083c3af292de7b126ddaab,0x0000000000000000000000000000000000000000,0xfa7831f7b115471251d6b0f05e3c80ac4c75e4ab,967,r3tards,R3TARDS
67440671,1775921633,0x2afd9f8ced2bb33227b2c8a26a288ffe470b8cb0dddb9e54053af92ea3b9fd99,0x0000000000000000000000000000000000000000,0xe83b8d151209a57bf607238df479ff4e1ded8185,968,r3tards,R3TARDS
67440689,1775921641,0xadddc81935debb85243f5ee7192e405af79e43bebb5b8befa1bf923303318985,0x0000000000000000000000000000000000000000,0x16de92aaac3c5919559b97d33629d6a4d954526d,969,r3tards,R3TARDS
67440694,1775921643,0xa49de019e069082fdeffbb1dc42139814222fac3360f258a3ff7662634a06430,0x0000000000000000000000000000000000000000,0x9ea942a06b1da42dd329f3999e58024b56f1406b,970,r3tards,R3TARDS
67440745,1775921663,0x537767f4f1203f4bd28953e52da212ce2515482ba0bc1afaad4c630ed14056ca,0x0000000000000000000000000000000000000000,0xb610899f0e9fa42be75723043adfb34fb56eba76,971,r3tards,R3TARDS
67440751,1775921665,0xf633a6a2967f0326c995e34f1d177165e8ea26029934554ef481afd7d9db332d,0x0000000000000000000000000000000000000000,0x8ca5a1548f18c30d00585203204fbf2d529e8845,972,r3tards,R3TARDS
67440774,1775921675,0x13570df8ad7cb5bea5d746557dcbfdaa1ae2c76d54db9de4641c5f9a8fec956f,0x0000000000000000000000000000000000000000,0xd1f25630b8025fedfc8fa3e5b4c08f96c819c198,973,r3tards,R3TARDS
67440778,1775921676,0x47c1ae518764a52399b79e35e4fd4f1ad1546c2dd58c94406d77889b9fea4d2f,0x0000000000000000000000000000000000000000,0x119391768d96db29b9e44fc5b52c0ff0da45e664,974,r3tards,R3TARDS
67440795,1775921683,0x54088069adb24228d86fac81d7df2038861f567bed1d5130f043fccb70c9df8e,0x0000000000000000000000000000000000000000,0x46556075de34a4aa7de995022aa270f06940cc81,975,r3tards,R3TARDS
67440796,1775921684,0xd192f7160d1799e1410a1229d8ff69a73b989278258bf75eac9ba732821c19f4,0x0000000000000000000000000000000000000000,0x6b72725c2df6c3843813fb6ad8adb3a5575235d1,976,r3tards,R3TARDS
67440813,1775921690,0x2ff95dd0cf86f51f2cc9b0a461691b895177bb37337e93932859853bd7696a88,0x0000000000000000000000000000000000000000,0xd7e12e9508a58d2104d015e36473a418905dd8c3,977,r3tards,R3TARDS
67440817,1775921692,0xa9ee0a59a10c152180c115ab14d147330e2030ad07cf08e4df6e65fcb4c26d9e,0x0000000000000000000000000000000000000000,0xe86852893974afc440d22fbb327ce85a5c81429f,978,r3tards,R3TARDS
67440835,1775921699,0xf13df45423ec4ac1e6f7e53e41eb3cef0fef46ed5c42cc5351e4be32db01f692,0x0000000000000000000000000000000000000000,0x056e0de4259b1e8721093da0b2355102f2f4703a,979,r3tards,R3TARDS
67440865,1775921711,0xf8b2b0bd49cce0fe38c86aae06e2dc62941eb702ded9ce180d852f7d005d2b11,0x0000000000000000000000000000000000000000,0xc641545ee1edf2cc78b0b16967f39d3f0e267481,980,r3tards,R3TARDS
67440913,1775921730,0x51e15d35175d1166f505d7b18091184f657515ad16b2924b31dbba837bada9b8,0x0000000000000000000000000000000000000000,0x9350842ca8fa66a82c80be934a196654045cc70b,981,r3tards,R3TARDS
67440924,1775921735,0x2f818d8f672fd91b57130aa5c6bf6badea26f3c1a483c3e5f2d3cbdf4e9db954,0x0000000000000000000000000000000000000000,0x8a6d2ef452aed3e803b063fa24131fdde4200b66,982,r3tards,R3TARDS
67440967,1775921752,0x908dde904f37f36b2ddb79268b531f217f292eef6df0b688707ab708eec00158,0x0000000000000000000000000000000000000000,0x04453c4a56c9eaddf4141fb64365cc69c2438fc4,983,r3tards,R3TARDS
67441007,1775921768,0xdeee79d8b336e5680c84d664a1bfcfaf3bc22312954a0c7d953cc154009b690d,0x0000000000000000000000000000000000000000,0xb1308ce27755c8c05a46e52b9aa7ff33e04e06d1,984,r3tards,R3TARDS
67441026,1775921776,0xcf8c8dfe8ee52ed04ad6340b7c78fa2cab157f2a9be7f0490549c67467455efd,0x0000000000000000000000000000000000000000,0x08d16a6799a0c71a622c3a2f1485bf05f9faad1c,985,r3tards,R3TARDS
67441045,1775921783,0x99be1192515133fd9cf1f98dce556fc8987f6571ab2750f9bb28ebb10137801b,0x0000000000000000000000000000000000000000,0xff8955f1afb9024af9139ec6f9249e9636daa2a6,986,r3tards,R3TARDS
67441063,1775921790,0xc615a6397d3a35842e5d16dac206b0b9dea3213b7e457e8b22c24dc6e9bcf5b9,0x0000000000000000000000000000000000000000,0xf408d17df0187b90d33fdff1e604f08fc74a0c00,987,r3tards,R3TARDS
67441110,1775921809,0x7be8a16d5b5f2ed6a397e344ec516cf96caab533aff673d8d8e259fd44f9edbc,0x0000000000000000000000000000000000000000,0x4a1d6dd21a2364cd479a1f597e2cd6b3e59ae5c0,988,r3tards,R3TARDS
67441180,1775921837,0x75183be5331a84ad4123298eee9cfd5b8b274beec44f8a3cdbf803810676f8f4,0x0000000000000000000000000000000000000000,0xa02632ff0b80c02497cf2eb28524e0e26d03a46c,989,r3tards,R3TARDS
67441182,1775921838,0x99f4780cf0b818c2d03f31fd7fa9f0a52379874fa8adf65951a57bc92038b2eb,0x0000000000000000000000000000000000000000,0x348c6a77fd9715ad6747a2cfa8b6b35e87361a84,990,r3tards,R3TARDS
67441273,1775921874,0xad9e715a971c0c14133d7968a0356f9b7b11163f802efaeaf5d1a8eba78d3268,0x0000000000000000000000000000000000000000,0x5c00241cc81d7db6ff16f9c02a94ef1ce9a148f5,991,r3tards,R3TARDS
67441316,1775921891,0x0bde84583744afd117f83d6a951548ecb19511feba33fe3e0dbbd98f5cf8e03d,0x0000000000000000000000000000000000000000,0x604622dda402f800f737ccdef7a9c8f2b6c5f931,992,r3tards,R3TARDS
67441354,1775921907,0xaa54bc13736cd3d594165be617b6de95aaf2ba5631fd7189474d8bf67afd8b47,0x0000000000000000000000000000000000000000,0x926439a5ab0251875802947d99323a253c80392d,993,r3tards,R3TARDS
67441507,1775921968,0xd79be394314170ba7ad1d481c78c437b918c68b3fdc99087ef8ffd87067e49cd,0x0000000000000000000000000000000000000000,0xa47ad31edf246ab0dd0d1f7f6d0d4bcfb361f0e2,994,r3tards,R3TARDS
67441533,1775921978,0x5aaee93d07412e15f9918424531ea12f46404b278106faf3332ef5157e62bc1d,0x0000000000000000000000000000000000000000,0xc117eb24a716821ad15e36ae854e4ff671827c31,995,r3tards,R3TARDS
67441551,1775921985,0x47dded5065a4b44fcec09cc7331414bd635274046691a6596c19a6b64be63376,0x0000000000000000000000000000000000000000,0xd4d8923d8e36e7b2ec16f31646951be50b349f80,996,r3tards,R3TARDS
67441584,1775921999,0x4115538830c1df7c1eae7aee8b8498fbecc462153a70ff34f675b2263203e4f1,0x0000000000000000000000000000000000000000,0x55933bbe5c95dad58be3272a1e5e413238c0405a,997,r3tards,R3TARDS
67441781,1775922078,0xa51f3321c747668e93da569c288af3249789379aa21c7dc40644d4fddfa1c065,0x0000000000000000000000000000000000000000,0xec6b2d00ed35045a8e1733b3df2296033aa314af,998,r3tards,R3TARDS
67441843,1775922102,0x11365fc6697f1ca6b7c0afe8389cec41e93e3539c962980cce6164278711aff6,0x0000000000000000000000000000000000000000,0x491db6f3a3f0555b805a0e62a6c074f3807fcba7,999,r3tards,R3TARDS
67441902,1775922126,0xff1769cd92fe269ed4eaf70eb53a312dac194f08170179f17d53bda5b173a7d5,0x0000000000000000000000000000000000000000,0xbc8903df4b4f433bebc954f6243202c764cfe040,1000,r3tards,R3TARDS
67442370,1775922313,0x9316dc50139e7fe09d3c4ca3d6489c7e4f64db56fdd1b6025c15d34dbae81c05,0x0000000000000000000000000000000000000000,0xed06dd7e4f31364fe62476b0c2d8c17a46b840b0,1001,r3tards,R3TARDS
67442559,1775922389,0xce14375dfdef3e3aacc71784dbbce83b4f20e2aa46e041f52c2dc02b10af356c,0x0000000000000000000000000000000000000000,0xeec729bbdf5d12a0268818c634aa664a1a877a03,1002,r3tards,R3TARDS
67442586,1775922399,0x731fe56ae206b5dee6e70f1b896f1a91327a1f3a8b04f2dddd649123acbf5173,0x0000000000000000000000000000000000000000,0x047417889a0f813b0c96646e41c151077fff958e,1003,r3tards,R3TARDS
67442663,1775922430,0x865bda7c110b55f2628658e2e6428d3711222d4efefec6316504139c1e8d4206,0x0000000000000000000000000000000000000000,0xd29869f86cc751ca25a5a3e8cbb1c47501201737,1004,r3tards,R3TARDS
67442973,1775922554,0x29776a2ae7a6eb474a5905defc7603d607a8b22263b363d4c5d3aff211c10fac,0x0000000000000000000000000000000000000000,0x1a6dee61fe27f06cd14378e53be71679db3b62b4,1005,r3tards,R3TARDS
67443196,1775922644,0xdb509757b01dc1e2c7fa06071406d1a6d0a88a56457f0d5c5c84798ad4dc6e32,0x0000000000000000000000000000000000000000,0xb123f7a274ebf6dbc846801433229909d70c886f,1006,r3tards,R3TARDS
67443632,1775922819,0xb4a7dcbc993bd7f66fdcc7e9be00d53d0a29efaa3c872083ffd433d5fc939d6c,0x0000000000000000000000000000000000000000,0x2ec81a189f7c9bf97dbb6105ee4195ef01510766,1007,r3tards,R3TARDS
67443934,1775922939,0xf23d9d96d515c840b183a8ad0056af9555dceb9c75288c0681dad6a742061674,0x0000000000000000000000000000000000000000,0x2a494c4137db2371c6d9007a40151d49ca3d4c06,1008,r3tards,R3TARDS
67443998,1775922964,0x0d0065c07af6ceffd45e851828c2d900b022bbd97ed5441904dc7eb99a9eeee9,0x0000000000000000000000000000000000000000,0xd481f8dba3b7e64385fd2298aacf975ac3fa28a5,1009,r3tards,R3TARDS
67444146,1775923023,0x10cff08cb6b606e079aff6e6fb9d93c98869431fd83d21a61e42910af0c340db,0x0000000000000000000000000000000000000000,0x183243034257f0130fa76be9cd68e95976c864d8,1010,r3tards,R3TARDS
67444762,1775923270,0xe1ada00a73d189fa3e57427b604902dc2559ff133df685ffa3044c8058f8d209,0x0000000000000000000000000000000000000000,0x9aee8d94c27d79042312ec7b8d38e44a96312784,1011,r3tards,R3TARDS
67446490,1775923965,0x4aebb6009b396a8d875711fb0fa05779f7d03d2f09d160f9c702ec2ad582a543,0x0000000000000000000000000000000000000000,0xbcab7aee5083196300add245e3e2b9274c6f4518,1012,r3tards,R3TARDS
67446515,1775923975,0x59d97c134d3d8f26eb4ddde1a8317f1572659156928befca05a08d28aac7bffc,0x0000000000000000000000000000000000000000,0x6790ddf40f7cb2cea83cd14a42d0b312252d1ffe,1013,r3tards,R3TARDS
67446598,1775924009,0xee69aba8a45116cf2d7149f89dbe91915bc8de4aeeb008a4f3784683a7f71199,0x0000000000000000000000000000000000000000,0x17aec2bf1e610d53feb25568702b646abef28887,1014,r3tards,R3TARDS
67446743,1775924066,0xf37b3b1ac8cd088e8a10a71ea3c23ef0d9be2de4a6d28b68c88f2190b0494452,0x0000000000000000000000000000000000000000,0x37eb46b5afe361f725fa9601797a7eae44b0bb18,1015,r3tards,R3TARDS
67446908,1775924132,0x3a0946b66c90e19bb11ea3b1cc3e837acb43a4dd668c15ae1db10aef8a0d3bc7,0x0000000000000000000000000000000000000000,0xd5551de96678b251a827258142fd4105157ae6ba,1016,r3tards,R3TARDS
67447951,1775924549,0x2d8c6cc9b002af0fdb0d6b63a8494cb0436c07e7569ad7ee1b651838e3f848a9,0x0000000000000000000000000000000000000000,0x11839b17a6d034d96d9f05077cdc935f3db56fc8,1017,r3tards,R3TARDS
67448079,1775924600,0x07172048528ac0649d6d5c2d1e21e478c5294227a93ef43e191bdbcbb05611b8,0x0000000000000000000000000000000000000000,0x7a558a236dc92f5fdfc3d9b14b8bb0ad6912d938,1018,r3tards,R3TARDS
67448434,1775924742,0x0aa3e12103461661db69ff16ef552c4f253f8767331416d6b27c2a360f519c97,0x0000000000000000000000000000000000000000,0xfe2fdb1172a70e6ef2d3b973685d74c5a6be7e59,1019,r3tards,R3TARDS
67449463,1775925155,0x15ce3dab62f0c24eb2009b4d41ea67220782b3fe0ce83152f333102503da21dc,0x0000000000000000000000000000000000000000,0x4db2a2875902382ee8552f64fcc27f3cfb8fb4d9,1020,r3tards,R3TARDS
67449490,1775925166,0x0ddfdf48c48667a7c20f5796e570faaed1289a88f4cd44deaae1b06bdc18b3f6,0x0000000000000000000000000000000000000000,0x397c925c1194d172a10241465370fb3d26bfce6b,1021,r3tards,R3TARDS
67449932,1775925343,0x23c8973c5618631d5b3f56d151198d7ce72957e5504c661fcd07c5798e9ddf0b,0x0000000000000000000000000000000000000000,0x684b198e2e8825cb2d9bb5d4b1e84a16ce812f2c,1022,r3tards,R3TARDS
67450165,1775925437,0xb84ec77d9a9f766e81a69eeff2a097db541e18a9c13f6e92299afb11f32b70f8,0x0000000000000000000000000000000000000000,0xd2833f9aea2ce1130bfbfd4f58aac018107b4789,1023,r3tards,R3TARDS
67450527,1775925582,0xf0129fb2152d2cd96f6cc412907bf37ced6567b615daf2c3960ecfce18d2a66b,0x0000000000000000000000000000000000000000,0x7d1d3b968789a68cad986e08976b0f4c13faa256,1024,r3tards,R3TARDS
67450752,1775925672,0xc4339013aa264e249c7ff55dedac0cee6b22fcda4cc115507ebe23694a6a7895,0x0000000000000000000000000000000000000000,0xa03836f57ecbc3bd20aa68d4ffd5ec00e2781ff3,1025,r3tards,R3TARDS
67451056,1775925794,0x1e1a5704b7f309336adaf2305f135385bdb03584245489c5ad8b79de9c8b7043,0x0000000000000000000000000000000000000000,0xb030e7ec46385e50c4e018a999b2bd3a1fb4f4ac,1026,r3tards,R3TARDS
67452042,1775926188,0x58263b9413e1244a87a4cb309ef8b07d908ea031cc24978c42557be5c9077c4e,0x0000000000000000000000000000000000000000,0x9d42b28854d0da4766bf6b63391738f26ef5d2e1,1027,r3tards,R3TARDS
67452526,1775926382,0x88c7ba9809f630ecdc9988f5f53c60b46d6c7ed97b06ff5da6ee614fdda366af,0x0000000000000000000000000000000000000000,0x7f2a760130c74c37b2954b427bfb4c199e7e9dc2,1028,r3tards,R3TARDS
67453657,1775926834,0x71e736c3bf5e65a5237da55625e4d6573af7f62413964516433ff65088a7d172,0x0000000000000000000000000000000000000000,0xd662d0cbb7b83f325e51524fa4a4e39345594fb9,1029,r3tards,R3TARDS
67455681,1775927642,0xef5f67135858c3938cdfc14ee2db48a48f2e34e94973275d9aa92b88067d2e18,0x0000000000000000000000000000000000000000,0x0a1b56e4d918abe79af3e33c455776de04ca9aca,1030,r3tards,R3TARDS
67456354,1775927912,0x07d3b62d3893302d81fc1da394c6d3075135fcb8d86263926b0b808fa74b177e,0x0000000000000000000000000000000000000000,0x98687a656e846c4809a915caef563fc06f445e98,1031,r3tards,R3TARDS
67457130,1775928223,0x0eceb713c25c24fc7f3a16af6490119cc94b8cb9c87bb3ad9d00c5b29fd9f9b5,0x0000000000000000000000000000000000000000,0x64a1d4b0928b6bbe6d2cef5853ab550e8641c31d,1032,r3tards,R3TARDS
67458025,1775928582,0x030a8e2d72e4c598222cd6562a7e76ad91565e178431e2a0b35dfeafe0cdc5a2,0x0000000000000000000000000000000000000000,0x12f2a9694c53c8274748d88ddf411260336f1515,1033,r3tards,R3TARDS
