tx_hash,block,timestamp,royalty_wallet,asset,amount_raw,amount_mon_normalized,nft_contract,token_ids_transferred,transfer_from,transfer_to,marketplace_or_contract_if_identified,matching_evidence,confidence,notes
0x97528e693302391f7b4fa6a09f058db5ca4920ec0ceede15333c5d8e8ffbdce5,67226192,1775835586,0x40Ea55E0b8f02f8eBc9D91e082e202ed988647fA,MON,150000000000000000000,150,0x200723A706de0013316E5cd8EBa2b3f53DD90c29,341,0xa08752953188209f639a5bcbabb8967f2c4190ad,0xbf6d8b985634485218cd1fcc651144df4bd593e3,,same transaction contains inbound payment to royalty wallet and secondary ERC721 Transfer from collection,high,Heuristic match; can include false positives/negatives if marketplace routing is non-standard.
0x7eef6186ed02953b11393ab14e2566358dbed03c728010df05fd69e1a9d9f998,67226461,1775835693,0x40Ea55E0b8f02f8eBc9D91e082e202ed988647fA,MON,180000000000000000000,180,0x200723A706de0013316E5cd8EBa2b3f53DD90c29,210,0xd8574ca25f0dd37c400b5613527e94126a094e34,0x0077c2093fd8e6a6277b84c2627619b80a72472b,,same transaction contains inbound payment to royalty wallet and secondary ERC721 Transfer from collection,high,Heuristic match; can include false positives/negatives if marketplace routing is non-standard.
0xf0fa6cde648ea5c049bc06645d50a69335affe0f0b792987be1a095b1b5aa862,67226646,1775835767,0x40Ea55E0b8f02f8eBc9D91e082e202ed988647fA,WMON,135000000000000000000,135,0x200723A706de0013316E5cd8EBa2b3f53DD90c29,200,0x1b2d134fc716561afbf8ccef56568d18c28a34aa,0x5935ba4be0d2abe85f5d8fbeb89325ef281f12fc,,same transaction contains inbound payment to royalty wallet and secondary ERC721 Transfer from collection,high,Heuristic match; can include false positives/negatives if marketplace routing is non-standard.
0x9b10fbe192bcfceba1bdc719bc39c3fa9a4933351e84a3f5d615e7368380c31f,67229047,1775836730,0x40Ea55E0b8f02f8eBc9D91e082e202ed988647fA,WMON,75050000000000000000,75.05,0x200723A706de0013316E5cd8EBa2b3f53DD90c29,384,0x7ab4db3c4e8484b51c6d467640ed490a0efc4497,0xc980c64971aa070ffe2074ed8e611eedbac1c9f9,,same transaction contains inbound payment to royalty wallet and secondary ERC721 Transfer from collection,high,Heuristic match; can include false positives/negatives if marketplace routing is non-standard.
0x46e261afcdaf1019805b7547005fb8453fc6e7e047a26c87ab962fe626a17471,67229072,1775836740,0x40Ea55E0b8f02f8eBc9D91e082e202ed988647fA,MON,102500000000000000000,102.5,0x200723A706de0013316E5cd8EBa2b3f53DD90c29,477,0xde15769bcd6c60d56e993841f77deddb7f5c29e5,0x2a16e31b4018fc313a275cd5105fe98156568fd3,,same transaction contains inbound payment to royalty wallet and secondary ERC721 Transfer from collection,high,Heuristic match; can include false positives/negatives if marketplace routing is non-standard.
0xd4251caeeccdca40edb7805e594e07a0811d953a996434dc3905648184ae1607,67231001,1775837524,0x40Ea55E0b8f02f8eBc9D91e082e202ed988647fA,WMON,80100000000000000000,80.1,0x200723A706de0013316E5cd8EBa2b3f53DD90c29,459,0x25175de9eb8c5d9aa82bd65ceedf1dfe435dec9f,0xcb7db076b6b12dd5aafc2dee4f2af23bf66742d7,,same transaction contains inbound payment to royalty wallet and secondary ERC721 Transfer from collection,high,Heuristic match; can include false positives/negatives if marketplace routing is non-standard.
0xc35ac640beb85e61588fac3f3fd21fd7cb8d93da91be00929cc61331befa5ee3,67231459,1775837708,0x40Ea55E0b8f02f8eBc9D91e082e202ed988647fA,WMON,80000000000000000000,80,0x200723A706de0013316E5cd8EBa2b3f53DD90c29,450,0xa115cd20434a5f65d62b028bc28b897477b60d88,0xbcc24929108278944aa180ff8322b900356f7701,,same transaction contains inbound payment to royalty wallet and secondary ERC721 Transfer from collection,high,Heuristic match; can include false positives/negatives if marketplace routing is non-standard.
0x9c083cfadc175b5b485cec400abd199d4a1b2abfbd2cc056b39ae2791a51d819,67232175,1775837993,0x40Ea55E0b8f02f8eBc9D91e082e202ed988647fA,WMON,80000000000000000000,80,0x200723A706de0013316E5cd8EBa2b3f53DD90c29,549,0x41ccd7cfe46ede6ecf0a841c9a7afcd7599c254a,0xbcc24929108278944aa180ff8322b900356f7701,,same transaction contains inbound payment to royalty wallet and secondary ERC721 Transfer from collection,high,Heuristic match; can include false positives/negatives if marketplace routing is non-standard.
0xd4eaec050cf37445ba3113f8e0a8951269d9bf2192ae0e2db77cda6cc979e9af,67232617,1775838169,0x40Ea55E0b8f02f8eBc9D91e082e202ed988647fA,MON,100000000000000000000,100,0x200723A706de0013316E5cd8EBa2b3f53DD90c29,256,0x7a073bfd2840e32885ab679b203cebe673839bbb,0xc8e66291fc15b6392d56ac2ef3db3ce4fd8c070a,,same transaction contains inbound payment to royalty wallet and secondary ERC721 Transfer from collection,high,Heuristic match; can include false positives/negatives if marketplace routing is non-standard.
0xf2bf71ee8d2a8b1e912c867b8cf3a635b71e07c0e7b4701b5a4b3b69bc3c98ec,67232694,1775838201,0x40Ea55E0b8f02f8eBc9D91e082e202ed988647fA,WMON,80050000000000000000,80.05,0x200723A706de0013316E5cd8EBa2b3f53DD90c29,335,0xf56f4e369f8523c5374e527b51a37ed4fae144f8,0xcb7db076b6b12dd5aafc2dee4f2af23bf66742d7,,same transaction contains inbound payment to royalty wallet and secondary ERC721 Transfer from collection,high,Heuristic match; can include false positives/negatives if marketplace routing is non-standard.
0x9059f4c2ff450d3823b14807ac3d5f700605cd9c12b0d0bfa71296b30a5a210e,67233339,1775838460,0x40Ea55E0b8f02f8eBc9D91e082e202ed988647fA,WMON,75150000000000000000,75.15,0x200723A706de0013316E5cd8EBa2b3f53DD90c29,315,0x4227a497668c9780c3bb122b0f56ed23c5baa8eb,0x9b65a3fe1b29612f8ca2f11c5c3b58739b09a882,,same transaction contains inbound payment to royalty wallet and secondary ERC721 Transfer from collection,high,Heuristic match; can include false positives/negatives if marketplace routing is non-standard.
0xb585aad118d2855ca549423aaaf5f9b684f3f9674a04e8f13a24fd3888d7daef,67234517,1775838936,0x40Ea55E0b8f02f8eBc9D91e082e202ed988647fA,MON,99200000000000000000,99.2,0x200723A706de0013316E5cd8EBa2b3f53DD90c29,187,0xfc14e33c67ff7ea994c5d4e00e1d25f2d170f95a,0x2dcae1d2edbec23dd7c7592df1348b58eb97bf91,,same transaction contains inbound payment to royalty wallet and secondary ERC721 Transfer from collection,high,Heuristic match; can include false positives/negatives if marketplace routing is non-standard.
0x4b4cca6a3b1e16b6494211ce8b8d85bc5aad2a846e4b2be0514ca5f26a05dcac,67234689,1775839005,0x40Ea55E0b8f02f8eBc9D91e082e202ed988647fA,MON,100000000000000000000,100,0x200723A706de0013316E5cd8EBa2b3f53DD90c29,257,0x7a073bfd2840e32885ab679b203cebe673839bbb,0x77fabb24d656cc08153309ca9fd9e9c41c6c2005,,same transaction contains inbound payment to royalty wallet and secondary ERC721 Transfer from collection,high,Heuristic match; can include false positives/negatives if marketplace routing is non-standard.
0x02bee9c20e756105558386d499ca866c46af338e1958b3161d811897f5d7ec45,67234763,1775839035,0x40Ea55E0b8f02f8eBc9D91e082e202ed988647fA,MON,125000000000000000000,125,0x200723A706de0013316E5cd8EBa2b3f53DD90c29,263,0xd7ade327695d06a1d34f8eee0b7d0dd61d6741fe,0x7baae4eab0e08ebb47f0b39acd77e390d4f321cf,,same transaction contains inbound payment to royalty wallet and secondary ERC721 Transfer from collection,high,Heuristic match; can include false positives/negatives if marketplace routing is non-standard.
0xc8497454e1fb17170c5662c908e6ba2df748fda54367f917704f4d63706c9da5,67234836,1775839064,0x40Ea55E0b8f02f8eBc9D91e082e202ed988647fA,WMON,80050000000000000000,80.05,0x200723A706de0013316E5cd8EBa2b3f53DD90c29,579,0x6c7c8abc426510451ce7a3a66dd6f144c3463b6f,0x021e099ab6fa3be65882bb2d0752c0214d8264a3,,same transaction contains inbound payment to royalty wallet and secondary ERC721 Transfer from collection,high,Heuristic match; can include false positives/negatives if marketplace routing is non-standard.
0x7186215fe80f540c7eeb6c510c1c6942771f198ada4d7ff7760ad92e723363be,67234848,1775839069,0x40Ea55E0b8f02f8eBc9D91e082e202ed988647fA,MON,150000000000000000000,150,0x200723A706de0013316E5cd8EBa2b3f53DD90c29,500,0xc83e05f6e9a29fef85b9ea50c4db3deff1caa8a5,0xfd92896f2be8a3f6bab06ac4cb9542627f0fead4,,same transaction contains inbound payment to royalty wallet and secondary ERC721 Transfer from collection,high,Heuristic match; can include false positives/negatives if marketplace routing is non-standard.
0x9a01327f9b1a260cf0e523456cb3da2aedd332107bc660d0d467631eec810a9d,67235179,1775839203,0x40Ea55E0b8f02f8eBc9D91e082e202ed988647fA,MON,130000000000000000000,130,0x200723A706de0013316E5cd8EBa2b3f53DD90c29,314,0x4227a497668c9780c3bb122b0f56ed23c5baa8eb,0x7baae4eab0e08ebb47f0b39acd77e390d4f321cf,,same transaction contains inbound payment to royalty wallet and secondary ERC721 Transfer from collection,high,Heuristic match; can include false positives/negatives if marketplace routing is non-standard.
0x16a0c4afd8eef611d2b27ce6bf3728cb277774a66878be236e9afb9441cb4162,67242505,1775842159,0x40Ea55E0b8f02f8eBc9D91e082e202ed988647fA,WMON,82600000000000000000,82.6,0x200723A706de0013316E5cd8EBa2b3f53DD90c29,629,0x4adac7642766f4a4dcc534ec40d050f1d26d18fb,0xc35b0b63fbbabbe889fd9f22aa6ec0fba6961dd0,,same transaction contains inbound payment to royalty wallet and secondary ERC721 Transfer from collection,high,Heuristic match; can include false positives/negatives if marketplace routing is non-standard.
0xb0b35d4a8a944487a69ee30b3d29c6cf1e1f66dfbec3af343dd0c90041146415,67242510,1775842161,0x40Ea55E0b8f02f8eBc9D91e082e202ed988647fA,MON,104950000000000000000,104.95,0x200723A706de0013316E5cd8EBa2b3f53DD90c29,207,0xd7a43d8bf5690bc655f13aa7e44865615f894d5a,0xf9e9d488adc848fefc5eff30d450fb60922c9e28,,same transaction contains inbound payment to royalty wallet and secondary ERC721 Transfer from collection,high,Heuristic match; can include false positives/negatives if marketplace routing is non-standard.
0x4a0303c3dbc1af75edc0331324ba16e34eb28cde57bb032f8e5e469132592808,67243101,1775842402,0x40Ea55E0b8f02f8eBc9D91e082e202ed988647fA,MON,97450000000000000000,97.45,0x200723A706de0013316E5cd8EBa2b3f53DD90c29,645,0x5b76dd6d1506658eb25652a61854ded918463c28,0xf12db46c295821ae4a0cff95cd0691544c8b3009,,same transaction contains inbound payment to royalty wallet and secondary ERC721 Transfer from collection,high,Heuristic match; can include false positives/negatives if marketplace routing is non-standard.
0x96fe2b882bf2259a8978bc1a91306af6d54b8d817abc0e6532d48cb5f90d80e5,67244000,1775842765,0x40Ea55E0b8f02f8eBc9D91e082e202ed988647fA,MON,444350000000000000000,444.35,0x200723A706de0013316E5cd8EBa2b3f53DD90c29,274,0x5806b8892f0a4eb308855bf6807426721b225f14,0x59c1bd6c122c6615ece5e02bbdc04b87b10d81a1,,same transaction contains inbound payment to royalty wallet and secondary ERC721 Transfer from collection,high,Heuristic match; can include false positives/negatives if marketplace routing is non-standard.
0xc20dd10dafba9383e4678b88313c58da435dcd08dc6b78e88d1463f9e54b2acd,67246482,1775843768,0x40Ea55E0b8f02f8eBc9D91e082e202ed988647fA,MON,100000000000000000000,100,0x200723A706de0013316E5cd8EBa2b3f53DD90c29,658,0xca1ce75774b8f7c9caa8b29ab76ece0cd39747c5,0xcb6e4964789f9e3f658a8778e4164baf30690a4b,,same transaction contains inbound payment to royalty wallet and secondary ERC721 Transfer from collection,high,Heuristic match; can include false positives/negatives if marketplace routing is non-standard.
0x0f2d45eaeefd69a86a4577c4d5a28e33b1f31d249c48cbf6226e92f7e11e9bbc,67247074,1775844007,0x40Ea55E0b8f02f8eBc9D91e082e202ed988647fA,WMON,82500000000000000000,82.5,0x200723A706de0013316E5cd8EBa2b3f53DD90c29,669,0x8045b725a0e78400e0587699a7d6e698701bec0a,0x320b9017d6d6b29361b6fd3fefba363b360c4a23,,same transaction contains inbound payment to royalty wallet and secondary ERC721 Transfer from collection,high,Heuristic match; can include false positives/negatives if marketplace routing is non-standard.
0xed676b3e96fea9f936edeacb279f6938334fb31ed8386cf00cac0f51b74966e2,67250512,1775845390,0x40Ea55E0b8f02f8eBc9D91e082e202ed988647fA,WMON,75200000000000000000,75.2,0x200723A706de0013316E5cd8EBa2b3f53DD90c29,661,0x27c337b88c7d92a4db9c464d06325efecfdb7c8e,0xc35b0b63fbbabbe889fd9f22aa6ec0fba6961dd0,,same transaction contains inbound payment to royalty wallet and secondary ERC721 Transfer from collection,high,Heuristic match; can include false positives/negatives if marketplace routing is non-standard.
0x427340f5251574a06bd5d3c315b9fd55e65d55cd1c9c014530a6f24398433aa8,67251793,1775845907,0x40Ea55E0b8f02f8eBc9D91e082e202ed988647fA,WMON,75200000000000000000,75.2,0x200723A706de0013316E5cd8EBa2b3f53DD90c29,580,0x917745978cbfb631da987fcc74cf291de1eb472f,0x584ae94fd9177d42f1808a0897675cd157b11e2c,,same transaction contains inbound payment to royalty wallet and secondary ERC721 Transfer from collection,high,Heuristic match; can include false positives/negatives if marketplace routing is non-standard.
0x3cfe4c0242c55ceb56e100aafb8779f6c44c0a2c8390ffea73912272a78589f7,67252247,1775846091,0x40Ea55E0b8f02f8eBc9D91e082e202ed988647fA,WMON,75050000000000000000,75.05,0x200723A706de0013316E5cd8EBa2b3f53DD90c29,581,0x917745978cbfb631da987fcc74cf291de1eb472f,0x021e099ab6fa3be65882bb2d0752c0214d8264a3,,same transaction contains inbound payment to royalty wallet and secondary ERC721 Transfer from collection,high,Heuristic match; can include false positives/negatives if marketplace routing is non-standard.
0x905182d50202647ba27751c445ae6f8b412545a2fd4dd18acbed3e32a22d240c,67252736,1775846289,0x40Ea55E0b8f02f8eBc9D91e082e202ed988647fA,WMON,75000000000000000000,75,0x200723A706de0013316E5cd8EBa2b3f53DD90c29,693,0xb848e5faec996d3e8c74dc267b7f3f6f35e8233b,0xe309c6b8e5af174632ddd2afcb19b5f457c2cf6d,,same transaction contains inbound payment to royalty wallet and secondary ERC721 Transfer from collection,high,Heuristic match; can include false positives/negatives if marketplace routing is non-standard.
0x4b3b8805ad8dd2e883e6efbeaf4bb4947c13198d26f6a5cf5e4ebf3b08ca7457,67252816,1775846321,0x40Ea55E0b8f02f8eBc9D91e082e202ed988647fA,WMON,75000000000000000000,75,0x200723A706de0013316E5cd8EBa2b3f53DD90c29,684,0x868d2ad6807557594a9a3bc1a6df3249747162e5,0xe309c6b8e5af174632ddd2afcb19b5f457c2cf6d,,same transaction contains inbound payment to royalty wallet and secondary ERC721 Transfer from collection,high,Heuristic match; can include false positives/negatives if marketplace routing is non-standard.
0x937b6c657f311774f76933ef327ab8d14f25ead7cffe6fed9bc716c387d38aca,67252935,1775846366,0x40Ea55E0b8f02f8eBc9D91e082e202ed988647fA,MON,89800000000000000000,89.8,0x200723A706de0013316E5cd8EBa2b3f53DD90c29,665,0xdd074879ac6d3b5b8a7d739f704ba855fc32012f,0x021e099ab6fa3be65882bb2d0752c0214d8264a3,,same transaction contains inbound payment to royalty wallet and secondary ERC721 Transfer from collection,high,Heuristic match; can include false positives/negatives if marketplace routing is non-standard.
0x3a931a54f1efe598f4eccd7028792ec74209d9ff2d93844a932ee0b77399077f,67254304,1775846920,0x40Ea55E0b8f02f8eBc9D91e082e202ed988647fA,WMON,115000000000000000000,115,0x200723A706de0013316E5cd8EBa2b3f53DD90c29,660,0x27c337b88c7d92a4db9c464d06325efecfdb7c8e,0x32f8faf7797b6694a041618f33bdb5a7ef41cf61,,same transaction contains inbound payment to royalty wallet and secondary ERC721 Transfer from collection,high,Heuristic match; can include false positives/negatives if marketplace routing is non-standard.
0x80dd08ae7cbe53a38fa81616a33dd1c402d8f36760a5b7800bf169c9a7723f36,67256819,1775847936,0x40Ea55E0b8f02f8eBc9D91e082e202ed988647fA,WMON,80550000000000000000,80.55,0x200723A706de0013316E5cd8EBa2b3f53DD90c29,701,0x8045b725a0e78400e0587699a7d6e698701bec0a,0x584ae94fd9177d42f1808a0897675cd157b11e2c,,same transaction contains inbound payment to royalty wallet and secondary ERC721 Transfer from collection,high,Heuristic match; can include false positives/negatives if marketplace routing is non-standard.
0x555d5872651de9f567c63dfc97e46fade4983f384bf32b00a3bafb607dbd6a5d,67256934,1775847983,0x40Ea55E0b8f02f8eBc9D91e082e202ed988647fA,MON,94900000000000000000,94.9,0x200723A706de0013316E5cd8EBa2b3f53DD90c29,561,0x7baae4eab0e08ebb47f0b39acd77e390d4f321cf,0x1dab3ce0c753c6176d19471e3026a32f629cac79,,same transaction contains inbound payment to royalty wallet and secondary ERC721 Transfer from collection,high,Heuristic match; can include false positives/negatives if marketplace routing is non-standard.
0x28082d39cc57df0e8ccc0d2030b42c85b8fa3657d535e5f0bae0fb33fd23a9ef,67259838,1775849157,0x40Ea55E0b8f02f8eBc9D91e082e202ed988647fA,WMON,85010000000000000000,85.01,0x200723A706de0013316E5cd8EBa2b3f53DD90c29,370,0xae185a05cbb0acdc0c9e805df5f7bad069395503,0xe05f1e03f41dd2fdb05a24746da46ffc7ff1432b,,same transaction contains inbound payment to royalty wallet and secondary ERC721 Transfer from collection,high,Heuristic match; can include false positives/negatives if marketplace routing is non-standard.
0xe2e3d76846c3ccc55c83a40c173fe0a54bf633269bc03ccc256b7e1ac63c4a34,67260724,1775849515,0x40Ea55E0b8f02f8eBc9D91e082e202ed988647fA,MON,195000000000000000000,195,0x200723A706de0013316E5cd8EBa2b3f53DD90c29,181,0x4fd83ca2ecfd69a37f8c6c4d88377d861f60190b,0x9750a6f0a1220a09b122e267d6484bc1f0e8f798,,same transaction contains inbound payment to royalty wallet and secondary ERC721 Transfer from collection,high,Heuristic match; can include false positives/negatives if marketplace routing is non-standard.
0x3b41e1120b93aa6b55f6f3c857efe75c9197d29e6abf03b9f05ad7f890554ab0,67264015,1775850845,0x40Ea55E0b8f02f8eBc9D91e082e202ed988647fA,MON,500000000000000000000,500,0x200723A706de0013316E5cd8EBa2b3f53DD90c29,630,0x18e7f1f323d2ae611cc7389f332eb3c1dfd610ba,0x6d2cea496ba329a0ce2a8e58719fc162c3d82c04,,same transaction contains inbound payment to royalty wallet and secondary ERC721 Transfer from collection,high,Heuristic match; can include false positives/negatives if marketplace routing is non-standard.
0x228af2b47b2d0eb63f20398a2c5d43510ff22b8ba254aa96f8ab2d08e6ae5e6d,67266378,1775851798,0x40Ea55E0b8f02f8eBc9D91e082e202ed988647fA,WMON,80050000000000000000,80.05,0x200723A706de0013316E5cd8EBa2b3f53DD90c29,712,0xa5e90ad13f04ead72f78573da3c14d76d3fb3bb2,0xbcc24929108278944aa180ff8322b900356f7701,,same transaction contains inbound payment to royalty wallet and secondary ERC721 Transfer from collection,high,Heuristic match; can include false positives/negatives if marketplace routing is non-standard.
0x157700863a18256b5b3ac11a99230a9966241e40665527e1558dcb7d462c7380,67266615,1775851895,0x40Ea55E0b8f02f8eBc9D91e082e202ed988647fA,MON,100000000000000000000,100,0x200723A706de0013316E5cd8EBa2b3f53DD90c29,711,0x018feff7657c9b2b0478467977379c08e214a0aa,0xfbbf2d37564e949e77efebca7ac6d6a052f99dd7,,same transaction contains inbound payment to royalty wallet and secondary ERC721 Transfer from collection,high,Heuristic match; can include false positives/negatives if marketplace routing is non-standard.
0xf518da6d17fa1f24190f65da11fc925f51cdd963226aefb068ca0cf561ae8a8a,67268971,1775852842,0x40Ea55E0b8f02f8eBc9D91e082e202ed988647fA,MON,130000000000000000000,130,0x200723A706de0013316E5cd8EBa2b3f53DD90c29,452,0xbf41adfddaddf8a8798052c9b72374953192f432,0x0253ba3af2fa2e5553bbb4575716379fff068557,,same transaction contains inbound payment to royalty wallet and secondary ERC721 Transfer from collection,high,Heuristic match; can include false positives/negatives if marketplace routing is non-standard.
0xa69228c35a50d2e662a9b21229b35d0142a32936c913eab812c5225ded4fdb65,67269422,1775853025,0x40Ea55E0b8f02f8eBc9D91e082e202ed988647fA,MON,99950000000000000000,99.95,0x200723A706de0013316E5cd8EBa2b3f53DD90c29,559|615|520|695,0xc1b43bbdcd6884b581f83ab92e9b718bad19dfb3|0x7baae4eab0e08ebb47f0b39acd77e390d4f321cf|0x7ab4db3c4e8484b51c6d467640ed490a0efc4497|0x38bfd8fc6b75f85891d275c7823465962f5844fe,0xfbbf2d37564e949e77efebca7ac6d6a052f99dd7|0xfbbf2d37564e949e77efebca7ac6d6a052f99dd7|0xfbbf2d37564e949e77efebca7ac6d6a052f99dd7|0xfbbf2d37564e949e77efebca7ac6d6a052f99dd7,,same transaction contains inbound payment to royalty wallet and secondary ERC721 Transfer from collection,high,Heuristic match; can include false positives/negatives if marketplace routing is non-standard.
0xab719d79e59a100871a3dbac135e66daa1816d564393bf1ccd543d39fae29f76,67269475,1775853046,0x40Ea55E0b8f02f8eBc9D91e082e202ed988647fA,MON,110000000000000000000,110,0x200723A706de0013316E5cd8EBa2b3f53DD90c29,659,0xca1ce75774b8f7c9caa8b29ab76ece0cd39747c5,0x0253ba3af2fa2e5553bbb4575716379fff068557,,same transaction contains inbound payment to royalty wallet and secondary ERC721 Transfer from collection,high,Heuristic match; can include false positives/negatives if marketplace routing is non-standard.
0xdc35c8415a2951eb96f28bcbe7f66e3bfe6deb75c4a7bd48f3385dbc170deaf1,67272371,1775854215,0x40Ea55E0b8f02f8eBc9D91e082e202ed988647fA,MON,107500000000000000000,107.5,0x200723A706de0013316E5cd8EBa2b3f53DD90c29,490,0x21b056c93e9754be6449dd7b8baa1a75f67aeaaa,0x1dab3ce0c753c6176d19471e3026a32f629cac79,,same transaction contains inbound payment to royalty wallet and secondary ERC721 Transfer from collection,high,Heuristic match; can include false positives/negatives if marketplace routing is non-standard.
0x604a7c63bb71332cafccdc689b4bf1bdb1c0dd36fdefdcab8d5d36506e82f2e2,67272610,1775854311,0x40Ea55E0b8f02f8eBc9D91e082e202ed988647fA,WMON,111100000000000000000,111.1,0x200723A706de0013316E5cd8EBa2b3f53DD90c29,663,0x6d2cea496ba329a0ce2a8e58719fc162c3d82c04,0x5ab59a28f190e0bdeb73ad880fa0f7b8a063fdd7,,same transaction contains inbound payment to royalty wallet and secondary ERC721 Transfer from collection,high,Heuristic match; can include false positives/negatives if marketplace routing is non-standard.
0x45d653f70ab1f06f987b63ea0d88c015536cbc71986ee2f288f4f6d7b7cdaeac,67272744,1775854366,0x40Ea55E0b8f02f8eBc9D91e082e202ed988647fA,MON,110000000000000000000,110,0x200723A706de0013316E5cd8EBa2b3f53DD90c29,430,0xa75595cb85e7de908ea2396afa0b7b493af08e3f,0x7baae4eab0e08ebb47f0b39acd77e390d4f321cf,,same transaction contains inbound payment to royalty wallet and secondary ERC721 Transfer from collection,high,Heuristic match; can include false positives/negatives if marketplace routing is non-standard.
0x695b42054cfdbc2d0e47c3cbd4a47988f079f33b7fc49799c87be1a4053420ce,67272805,1775854390,0x40Ea55E0b8f02f8eBc9D91e082e202ed988647fA,MON,115000000000000000000,115,0x200723A706de0013316E5cd8EBa2b3f53DD90c29,510,0xb0e06add73ddd276d731f5419ebaf81d6615b14e,0x7baae4eab0e08ebb47f0b39acd77e390d4f321cf,,same transaction contains inbound payment to royalty wallet and secondary ERC721 Transfer from collection,high,Heuristic match; can include false positives/negatives if marketplace routing is non-standard.
0x9a9e4d9414605dafc26b7cb799ddf0d0579bb7bd0e8842dd5596f865b3c77893,67273841,1775854807,0x40Ea55E0b8f02f8eBc9D91e082e202ed988647fA,MON,135050000000000000000,135.05,0x200723A706de0013316E5cd8EBa2b3f53DD90c29,571,0x672da68a15ef7fcdbe20f231dbddbaa0f1f28b1c,0xe6d7d39bb941a6d677d7927d2a4ef23e97546617,,same transaction contains inbound payment to royalty wallet and secondary ERC721 Transfer from collection,high,Heuristic match; can include false positives/negatives if marketplace routing is non-standard.
0xd7baadf2ce9099a5279d2798c21458cd090a8ad56ba5450eeb52900db936b948,67317120,1775872164,0x40Ea55E0b8f02f8eBc9D91e082e202ed988647fA,MON,129950000000000000000,129.95,0x200723A706de0013316E5cd8EBa2b3f53DD90c29,585,0xba502f2993559fb55e0e8db511c6e5d72d5d6156,0xc35b0b63fbbabbe889fd9f22aa6ec0fba6961dd0,,same transaction contains inbound payment to royalty wallet and secondary ERC721 Transfer from collection,high,Heuristic match; can include false positives/negatives if marketplace routing is non-standard.
0x15a0502a2c2c7062dfcc2c0903ee579adf6aae301c4f28c56c798d2792794f37,67319554,1775873142,0x40Ea55E0b8f02f8eBc9D91e082e202ed988647fA,WMON,125000000000000000000,125,0x200723A706de0013316E5cd8EBa2b3f53DD90c29,753,0x9f118cac8821b0c53aa8d34e10cc45584cd0b47c,0x5ab59a28f190e0bdeb73ad880fa0f7b8a063fdd7,,same transaction contains inbound payment to royalty wallet and secondary ERC721 Transfer from collection,high,Heuristic match; can include false positives/negatives if marketplace routing is non-standard.
0x4b64c901f4a3cbf42769e27b24bc4036c2fb7a3e714b800206b1303b75c7e774,67327180,1775876207,0x40Ea55E0b8f02f8eBc9D91e082e202ed988647fA,MON,150000000000000000000,150,0x200723A706de0013316E5cd8EBa2b3f53DD90c29,455,0xfcb341e284bfbd8a466172e83b79fdf70a8490e8,0x607fe5375f3d891806d2e2268801894222fcd2cd,,same transaction contains inbound payment to royalty wallet and secondary ERC721 Transfer from collection,high,Heuristic match; can include false positives/negatives if marketplace routing is non-standard.
0xecd6f4fc1769042e39866cbe4c302b71bca449b034e1d912020fae1d9e6d5976,67330029,1775877346,0x40Ea55E0b8f02f8eBc9D91e082e202ed988647fA,MON,150000000000000000000,150,0x200723A706de0013316E5cd8EBa2b3f53DD90c29,308,0xb4dff2c9b4db343ed94fb9bf4788bcbd59d101b7,0x557758ec7fd3c7e8c1a6b5b42f15ac6b82891f18,,same transaction contains inbound payment to royalty wallet and secondary ERC721 Transfer from collection,high,Heuristic match; can include false positives/negatives if marketplace routing is non-standard.
0xf0f30d248f3b968f298eb01dda7aeff128fb93010537cd8dbf97e7e6e00931ec,67330099,1775877375,0x40Ea55E0b8f02f8eBc9D91e082e202ed988647fA,MON,150000000000000000000,150,0x200723A706de0013316E5cd8EBa2b3f53DD90c29,414,0xa75595cb85e7de908ea2396afa0b7b493af08e3f,0xaf68905bc0138b0cfefcda941dad4402a8af1242,,same transaction contains inbound payment to royalty wallet and secondary ERC721 Transfer from collection,high,Heuristic match; can include false positives/negatives if marketplace routing is non-standard.
0xa5fd367a10d8ed37a85fb03b8a8a6be21dfd804849c691ae33c08b92ae1bf8e0,67331495,1775877932,0x40Ea55E0b8f02f8eBc9D91e082e202ed988647fA,MON,175000000000000000000,175,0x200723A706de0013316E5cd8EBa2b3f53DD90c29,608,0x6d2cea496ba329a0ce2a8e58719fc162c3d82c04,0x56e272cccf89be591f63d521200cf6f06fd8bbcf,,same transaction contains inbound payment to royalty wallet and secondary ERC721 Transfer from collection,high,Heuristic match; can include false positives/negatives if marketplace routing is non-standard.
0xa9e0fca00dd07b234bc1607f37aafdb8f35c9843987874872a79d8332e8ffd4f,67332261,1775878238,0x40Ea55E0b8f02f8eBc9D91e082e202ed988647fA,MON,175000000000000000000,175,0x200723A706de0013316E5cd8EBa2b3f53DD90c29,171,0x2eaf07b7eec52076535d301fd889afd6fa92e45b,0x7998a7a0a377e52b03e7ca702668f54d2cc0f743,,same transaction contains inbound payment to royalty wallet and secondary ERC721 Transfer from collection,high,Heuristic match; can include false positives/negatives if marketplace routing is non-standard.
0x2ccb505f35d83002ff97e2c216abc434a9f0a3dbeb7520a53ff53ea19267eed9,67339694,1775881206,0x40Ea55E0b8f02f8eBc9D91e082e202ed988647fA,MON,220000000000000000000,220,0x200723A706de0013316E5cd8EBa2b3f53DD90c29,433,0x164f04f4f4e6e28803ed3503ffcfe72b7d8a6b26,0xd69c6ea26974db7b121548f511d8008266466f9e,,same transaction contains inbound payment to royalty wallet and secondary ERC721 Transfer from collection,high,Heuristic match; can include false positives/negatives if marketplace routing is non-standard.
0x1eadda7620c42a0e556cb1f4763285d80077b4b876d01f0c9b687732aaf9abc8,67366205,1775891808,0x40Ea55E0b8f02f8eBc9D91e082e202ed988647fA,MON,166650000000000000000,166.65,0x200723A706de0013316E5cd8EBa2b3f53DD90c29,429,0x374de3e2612cdf1836a5c66dabcffbc95190e1dc,0x6b100d45afa078f5baba7849562780896b051cc6,,same transaction contains inbound payment to royalty wallet and secondary ERC721 Transfer from collection,high,Heuristic match; can include false positives/negatives if marketplace routing is non-standard.
0x626eb2916664912cd0d93b2aea3d2791779328fb210235c9aa94d287368df9c9,67373374,1775894711,0x40Ea55E0b8f02f8eBc9D91e082e202ed988647fA,MON,172500000000000000000,172.5,0x200723A706de0013316E5cd8EBa2b3f53DD90c29,573,0x4227a497668c9780c3bb122b0f56ed23c5baa8eb,0x953a5483fda90a8c3abce1c5fb9a09992feddbc2,,same transaction contains inbound payment to royalty wallet and secondary ERC721 Transfer from collection,high,Heuristic match; can include false positives/negatives if marketplace routing is non-standard.
0xfaa9eb29a337c94792ca8199f54a888cbb17472df9b0c6746e5b1aee7c9bafd6,67374496,1775895164,0x40Ea55E0b8f02f8eBc9D91e082e202ed988647fA,WMON,166650000000000000000,166.65,0x200723A706de0013316E5cd8EBa2b3f53DD90c29,770,0x083d540deaf83ecb8548162354af0f576f2980f5,0xbcc24929108278944aa180ff8322b900356f7701,,same transaction contains inbound payment to royalty wallet and secondary ERC721 Transfer from collection,high,Heuristic match; can include false positives/negatives if marketplace routing is non-standard.
0x6965dc7908ae27c503af38b644c4954684c9b3e2086ae2323e3970f472c7ad49,67374990,1775895364,0x40Ea55E0b8f02f8eBc9D91e082e202ed988647fA,WMON,130150000000000000000,130.15,0x200723A706de0013316E5cd8EBa2b3f53DD90c29,773,0x1a8e62ffff39dd40722dc72f42318ff4811cb637,0x021e099ab6fa3be65882bb2d0752c0214d8264a3,,same transaction contains inbound payment to royalty wallet and secondary ERC721 Transfer from collection,high,Heuristic match; can include false positives/negatives if marketplace routing is non-standard.
0x1eb309d1befa6b707bda72da8004062e6a547bd2916a13717b38ad64119a94b1,67375221,1775895457,0x40Ea55E0b8f02f8eBc9D91e082e202ed988647fA,WMON,130100000000000000000,130.1,0x200723A706de0013316E5cd8EBa2b3f53DD90c29,772,0x94d084f0cc56801b20e6fbe6bbabc8056139120f,0x58fd1b66d17d0764a236a2b94df11323826350b7,,same transaction contains inbound payment to royalty wallet and secondary ERC721 Transfer from collection,high,Heuristic match; can include false positives/negatives if marketplace routing is non-standard.
0xdb4ab1735778f2958bc1a4d2adfa6d989aef073f917b37940a92bc1a25740cbb,67376029,1775895785,0x40Ea55E0b8f02f8eBc9D91e082e202ed988647fA,WMON,130000500000000000000,130.0005,0x200723A706de0013316E5cd8EBa2b3f53DD90c29,771,0x2ec92a43f1992d857175fafbc18ff93f041d2411,0xb8898bb87b07bac7ba9c2268e6d0640d5a208a7a,,same transaction contains inbound payment to royalty wallet and secondary ERC721 Transfer from collection,high,Heuristic match; can include false positives/negatives if marketplace routing is non-standard.
0xa919542efcb08739cf695903cfbfa26c0c27f823a0ab5472fc23791085a2a290,67390267,1775901514,0x40Ea55E0b8f02f8eBc9D91e082e202ed988647fA,MON,144400000000000000000,144.4,0x200723A706de0013316E5cd8EBa2b3f53DD90c29,313,0x858817885f4dd1de034d2cc7b9fcf1e87899d109,0x7baae4eab0e08ebb47f0b39acd77e390d4f321cf,,same transaction contains inbound payment to royalty wallet and secondary ERC721 Transfer from collection,high,Heuristic match; can include false positives/negatives if marketplace routing is non-standard.
0x24726b2f942db4a9964c90c942dd50380f7b8f5cb17189414319489e2e2417e4,67403961,1775906985,0x40Ea55E0b8f02f8eBc9D91e082e202ed988647fA,WMON,113000000000000000000,113,0x200723A706de0013316E5cd8EBa2b3f53DD90c29,784,0xda739feec0f54ec6926ad19fde073e72f8560aa9,0x6b100d45afa078f5baba7849562780896b051cc6,,same transaction contains inbound payment to royalty wallet and secondary ERC721 Transfer from collection,high,Heuristic match; can include false positives/negatives if marketplace routing is non-standard.
0x136f3c0a1831a95e937e2598ef1490579448db8ca82223c8f1bd8c97a40a56cc,67404385,1775907154,0x40Ea55E0b8f02f8eBc9D91e082e202ed988647fA,MON,388850000000000000000,388.85,0x200723A706de0013316E5cd8EBa2b3f53DD90c29,694,0xef9e5ef43e1f5a3f38e84c00437f3718dc246094,0x6a1d74e6ac28871cf1f42fec88d8bbff13dddbff,,same transaction contains inbound payment to royalty wallet and secondary ERC721 Transfer from collection,high,Heuristic match; can include false positives/negatives if marketplace routing is non-standard.
0x9c70e21d1d7a969d3770b4b855ffbc2e81d046b0ff124a1f817286fe6d4032e4,67409799,1775909317,0x40Ea55E0b8f02f8eBc9D91e082e202ed988647fA,WMON,115050000000000000000,115.05,0x200723A706de0013316E5cd8EBa2b3f53DD90c29,777,0xf945c7be6b025544dc8d103e80fba30d264b3fc2,0x584ae94fd9177d42f1808a0897675cd157b11e2c,,same transaction contains inbound payment to royalty wallet and secondary ERC721 Transfer from collection,high,Heuristic match; can include false positives/negatives if marketplace routing is non-standard.
0x2859d2adece4f931edd3ea3f7c3493c273715e7ae71678bff3841bbf6a133176,67411763,1775910102,0x40Ea55E0b8f02f8eBc9D91e082e202ed988647fA,WMON,115050000000000000000,115.05,0x200723A706de0013316E5cd8EBa2b3f53DD90c29,789,0x4d621fbebf432b2681f03125010d1a463088604a,0x21729c478ea277a0e7a6038e8e5abc68347d96d8,,same transaction contains inbound payment to royalty wallet and secondary ERC721 Transfer from collection,high,Heuristic match; can include false positives/negatives if marketplace routing is non-standard.
0xd5f0b65b479d6115cc003ca794553f5ae1b894e33098cb99c36c11d6735062aa,67426321,1775915906,0x40Ea55E0b8f02f8eBc9D91e082e202ed988647fA,WMON,112500000000000000000,112.5,0x200723A706de0013316E5cd8EBa2b3f53DD90c29,574,0x57280ff3762897b4699c2213faeaed5a47300b82,0x5de0c18ad34e2895aa6b7088e4e42305909d409d,,same transaction contains inbound payment to royalty wallet and secondary ERC721 Transfer from collection,high,Heuristic match; can include false positives/negatives if marketplace routing is non-standard.
0x04a25e6018f929242eeaa2b094e8047b73eca2bd7ae5176409f5bb7e5cc051fb,67440681,1775921638,0x40Ea55E0b8f02f8eBc9D91e082e202ed988647fA,WMON,87650000000000000000,87.65,0x200723A706de0013316E5cd8EBa2b3f53DD90c29,853,0x21208e75f62da41ca25ca02e66f889ae5b62380b,0xc35b0b63fbbabbe889fd9f22aa6ec0fba6961dd0,,same transaction contains inbound payment to royalty wallet and secondary ERC721 Transfer from collection,high,Heuristic match; can include false positives/negatives if marketplace routing is non-standard.
0x115abec16c733241aad498a2df3689ab94b88b2a09c132cf7813935fcca6592b,67440940,1775921741,0x40Ea55E0b8f02f8eBc9D91e082e202ed988647fA,WMON,86250000000000000000,86.25,0x200723A706de0013316E5cd8EBa2b3f53DD90c29,854,0x44af634e353c9e887e1d37603451b4849d352798,0x8d7c6de4452d81af56113d42898032dc6b4828a4,,same transaction contains inbound payment to royalty wallet and secondary ERC721 Transfer from collection,high,Heuristic match; can include false positives/negatives if marketplace routing is non-standard.
0x94fc2886de567399d45bf1a06471dc0f49156623cf6a23df2b51eecb5bd9dc0d,67441092,1775921802,0x40Ea55E0b8f02f8eBc9D91e082e202ed988647fA,WMON,85500000000000000000,85.5,0x200723A706de0013316E5cd8EBa2b3f53DD90c29,921,0x49a2ba42870bc4b5b8ce9ee5944ac40421346ee4,0x04b6f5794d0a6e164d62f87f4adcc820ef93896c,,same transaction contains inbound payment to royalty wallet and secondary ERC721 Transfer from collection,high,Heuristic match; can include false positives/negatives if marketplace routing is non-standard.
0x7f4e1c06c9dfe5efa36607eecf87c9184270e16b85a24cfa9e799221ffd78a4a,67441255,1775921867,0x40Ea55E0b8f02f8eBc9D91e082e202ed988647fA,WMON,75050000000000000000,75.05,0x200723A706de0013316E5cd8EBa2b3f53DD90c29,917,0xa75e8c57027899b5a621657cb3827d2180c58950,0xcb7db076b6b12dd5aafc2dee4f2af23bf66742d7,,same transaction contains inbound payment to royalty wallet and secondary ERC721 Transfer from collection,high,Heuristic match; can include false positives/negatives if marketplace routing is non-standard.
0x325e6a6df8a5c83785d2dae2c509fec714c822c11c59ed2d8042a9c1e8cf53a7,67442099,1775922205,0x40Ea55E0b8f02f8eBc9D91e082e202ed988647fA,MON,247250000000000000000,247.25,0x200723A706de0013316E5cd8EBa2b3f53DD90c29,889|948|932|926|879,0x91000adba5d3aff328815a5fc449f1558f96a283|0xdd25632df2ff0ba026f4cc86f4d4af27ff4d8a5e|0x779d55e094e7bf473c31314cec5651d33f93d8d2|0x41f9ba43176e26619fa29cde270787660100b4a1|0x5d34eb150bdad90f830c967a8078f55a67115c02,0xb8f64379d5f3d05579bbd8c2c2faa03a71cb07a1|0xb8f64379d5f3d05579bbd8c2c2faa03a71cb07a1|0xb8f64379d5f3d05579bbd8c2c2faa03a71cb07a1|0xb8f64379d5f3d05579bbd8c2c2faa03a71cb07a1|0xb8f64379d5f3d05579bbd8c2c2faa03a71cb07a1,,same transaction contains inbound payment to royalty wallet and secondary ERC721 Transfer from collection,high,Heuristic match; can include false positives/negatives if marketplace routing is non-standard.
0x7ca241b82c867bcca9247581d4d42475cce77b0c6b939885daa7b50473c8da10,67442430,1775922337,0x40Ea55E0b8f02f8eBc9D91e082e202ed988647fA,MON,92500000000000000000,92.5,0x200723A706de0013316E5cd8EBa2b3f53DD90c29,922,0x3dd24993b591acf91e089d8f4e620eb96f479d6a,0x9e3ce07db3be079218c3601411354ef65eaa692d,,same transaction contains inbound payment to royalty wallet and secondary ERC721 Transfer from collection,high,Heuristic match; can include false positives/negatives if marketplace routing is non-standard.
0xedc77de21d8544d99b2a842ea0ab2605a75197d819b14ed2eac75cfff92247c3,67442538,1775922380,0x40Ea55E0b8f02f8eBc9D91e082e202ed988647fA,WMON,75150000000000000000,75.15,0x200723A706de0013316E5cd8EBa2b3f53DD90c29,999,0x491db6f3a3f0555b805a0e62a6c074f3807fcba7,0x58fd1b66d17d0764a236a2b94df11323826350b7,,same transaction contains inbound payment to royalty wallet and secondary ERC721 Transfer from collection,high,Heuristic match; can include false positives/negatives if marketplace routing is non-standard.
0x88a53311f7a8e6836b34e3e588d9236a39b97d059cf4bc4899516066599b1a60,67443072,1775922594,0x40Ea55E0b8f02f8eBc9D91e082e202ed988647fA,MON,120000000000000000000,120,0x200723A706de0013316E5cd8EBa2b3f53DD90c29,572,0x666b87e683e5c302daf93e6ee66429ccccdb8fe7,0x4f3313ff469fbc64608476d239345892ded9e512,,same transaction contains inbound payment to royalty wallet and secondary ERC721 Transfer from collection,high,Heuristic match; can include false positives/negatives if marketplace routing is non-standard.
0x5c09132962ddef913f8cf250431f4ae0f65f8ca1b58a2e60eb447d099076c97a,67444395,1775923123,0x40Ea55E0b8f02f8eBc9D91e082e202ed988647fA,WMON,105000000000000000000,105,0x200723A706de0013316E5cd8EBa2b3f53DD90c29,1010,0x183243034257f0130fa76be9cd68e95976c864d8,0xbcc24929108278944aa180ff8322b900356f7701,,same transaction contains inbound payment to royalty wallet and secondary ERC721 Transfer from collection,high,Heuristic match; can include false positives/negatives if marketplace routing is non-standard.
0x5e6a0bd3aa507340130b50785a75349e2c70bdb64704f9e8c16696a5e5203556,67444579,1775923197,0x40Ea55E0b8f02f8eBc9D91e082e202ed988647fA,WMON,105000000000000000000,105,0x200723A706de0013316E5cd8EBa2b3f53DD90c29,798,0xa3c36a664da6ff479ca7b82d7864cd1079ba13f2,0xbcc24929108278944aa180ff8322b900356f7701,,same transaction contains inbound payment to royalty wallet and secondary ERC721 Transfer from collection,high,Heuristic match; can include false positives/negatives if marketplace routing is non-standard.
0x8fff8abb3a9fadbc7cbc8a345b8927f67a9ad7b81414dd2b91ca34f3a538c8f2,67444941,1775923342,0x40Ea55E0b8f02f8eBc9D91e082e202ed988647fA,WMON,105000000000000000000,105,0x200723A706de0013316E5cd8EBa2b3f53DD90c29,945,0x5a3fb45e6dffdb4c12b56e36a91766538a607acb,0xbcc24929108278944aa180ff8322b900356f7701,,same transaction contains inbound payment to royalty wallet and secondary ERC721 Transfer from collection,high,Heuristic match; can include false positives/negatives if marketplace routing is non-standard.
0x38b6d7d3cf62997388827c7dafd595f856691fcc1df53828f575c82d2a6a7835,67448475,1775924759,0x40Ea55E0b8f02f8eBc9D91e082e202ed988647fA,MON,114250000000000000000,114.25,0x200723A706de0013316E5cd8EBa2b3f53DD90c29,1012,0xbcab7aee5083196300add245e3e2b9274c6f4518,0x7998a7a0a377e52b03e7ca702668f54d2cc0f743,,same transaction contains inbound payment to royalty wallet and secondary ERC721 Transfer from collection,high,Heuristic match; can include false positives/negatives if marketplace routing is non-standard.
0x416e9500899345c47c36f55b6cf97a17f9ee826844ebe73543cb3ef3b04e21f3,67449713,1775925255,0x40Ea55E0b8f02f8eBc9D91e082e202ed988647fA,WMON,110000000000000000000,110,0x200723A706de0013316E5cd8EBa2b3f53DD90c29,645,0xf12db46c295821ae4a0cff95cd0691544c8b3009,0x021e099ab6fa3be65882bb2d0752c0214d8264a3,,same transaction contains inbound payment to royalty wallet and secondary ERC721 Transfer from collection,high,Heuristic match; can include false positives/negatives if marketplace routing is non-standard.
0x96b2f08784b91990e634c11a9fe5f92e10c811dc5469362e954396eb062dcaa4,67449758,1775925273,0x40Ea55E0b8f02f8eBc9D91e082e202ed988647fA,MON,120000000000000000000,120,0x200723A706de0013316E5cd8EBa2b3f53DD90c29,396,0x683b8a82e86a36ce7991eda643e0e608d4bdf04b,0x2791c7169d9d930703a4a16ce1c467539946d847,,same transaction contains inbound payment to royalty wallet and secondary ERC721 Transfer from collection,high,Heuristic match; can include false positives/negatives if marketplace routing is non-standard.
0x79d230e3a09188b57fae91e72d35ba592d0c44bc355b047445eb423be374e1e3,67450275,1775925481,0x40Ea55E0b8f02f8eBc9D91e082e202ed988647fA,MON,149900000000000000000,149.9,0x200723A706de0013316E5cd8EBa2b3f53DD90c29,989,0xa02632ff0b80c02497cf2eb28524e0e26d03a46c,0xad2cabb2a4cbd74b2d0167138474c1a6f475b0f5,,same transaction contains inbound payment to royalty wallet and secondary ERC721 Transfer from collection,high,Heuristic match; can include false positives/negatives if marketplace routing is non-standard.
0xa9cc67439774b675d7ceab0cf778f7bafd236bce7b221ceecb76c85c0ff9ae07,67452930,1775926544,0x40Ea55E0b8f02f8eBc9D91e082e202ed988647fA,MON,122200000000000000000,122.2,0x200723A706de0013316E5cd8EBa2b3f53DD90c29,830,0xe5091105e56636964f1d213b013c27545ab61227,0xbb965d3301ca08a9f9eadb86a93cc18a08c4293f,,same transaction contains inbound payment to royalty wallet and secondary ERC721 Transfer from collection,high,Heuristic match; can include false positives/negatives if marketplace routing is non-standard.
0x1640da715706d2e9a54a266940dc3977403a8515cb9deb9ad329a13f1902e9dd,67453059,1775926595,0x40Ea55E0b8f02f8eBc9D91e082e202ed988647fA,MON,122150000000000000000,122.15,0x200723A706de0013316E5cd8EBa2b3f53DD90c29,1026,0xb030e7ec46385e50c4e018a999b2bd3a1fb4f4ac,0xd948389216be7e837c317a2fe3e0c2e5d143b978,,same transaction contains inbound payment to royalty wallet and secondary ERC721 Transfer from collection,high,Heuristic match; can include false positives/negatives if marketplace routing is non-standard.
0x43290c87a2969658ba427ed9e1c7939f918a132a78a533da013fad89afa5973d,67453883,1775926924,0x40Ea55E0b8f02f8eBc9D91e082e202ed988647fA,WMON,205050000000000000000,205.05,0x200723A706de0013316E5cd8EBa2b3f53DD90c29,921|935,0x04b6f5794d0a6e164d62f87f4adcc820ef93896c|0x04b6f5794d0a6e164d62f87f4adcc820ef93896c,0x6b100d45afa078f5baba7849562780896b051cc6|0x7f6d50b20f80b8b83be549c0bf035f83dd3c4cd2,,same transaction contains inbound payment to royalty wallet and secondary ERC721 Transfer from collection,high,Heuristic match; can include false positives/negatives if marketplace routing is non-standard.
0xcbfdda35e7805006cc6391b37c85f7ae4ec5f37394ef808737f57c2a98d31596,67453897,1775926930,0x40Ea55E0b8f02f8eBc9D91e082e202ed988647fA,MON,95000000000000000000,95,0x200723A706de0013316E5cd8EBa2b3f53DD90c29,1029,0xd662d0cbb7b83f325e51524fa4a4e39345594fb9,0xe9386a38d2279dfa3b39a85f23fff3c203cebaac,,same transaction contains inbound payment to royalty wallet and secondary ERC721 Transfer from collection,high,Heuristic match; can include false positives/negatives if marketplace routing is non-standard.
0x4e048358ff2c4884655fc97f42ae9fb1b7ae82d3192aca4c74cd83dc00690a32,67460559,1775929593,0x40Ea55E0b8f02f8eBc9D91e082e202ed988647fA,MON,110000000000000000000,110,0x200723A706de0013316E5cd8EBa2b3f53DD90c29,1032,0x64a1d4b0928b6bbe6d2cef5853ab550e8641c31d,0x021e099ab6fa3be65882bb2d0752c0214d8264a3,,same transaction contains inbound payment to royalty wallet and secondary ERC721 Transfer from collection,high,Heuristic match; can include false positives/negatives if marketplace routing is non-standard.
0x3879eff3bb95a96cbaf92cb64e3fe427c0cdfad470ed1df77a2e6be581c47a4f,67463992,1775930963,0x40Ea55E0b8f02f8eBc9D91e082e202ed988647fA,MON,84950000000000000000,84.95,0x200723A706de0013316E5cd8EBa2b3f53DD90c29,1031,0x98687a656e846c4809a915caef563fc06f445e98,0x21b056c93e9754be6449dd7b8baa1a75f67aeaaa,,same transaction contains inbound payment to royalty wallet and secondary ERC721 Transfer from collection,high,Heuristic match; can include false positives/negatives if marketplace routing is non-standard.
0xccf063217fd5e741e0c4d3cb6acdc8add0c43f0266883a856af86bcf66cec3e5,67464265,1775931072,0x40Ea55E0b8f02f8eBc9D91e082e202ed988647fA,MON,87500000000000000000,87.5,0x200723A706de0013316E5cd8EBa2b3f53DD90c29,1027,0x9d42b28854d0da4766bf6b63391738f26ef5d2e1,0x15fb348477e55e97904afdcb15d43b07aa323485,,same transaction contains inbound payment to royalty wallet and secondary ERC721 Transfer from collection,high,Heuristic match; can include false positives/negatives if marketplace routing is non-standard.
0x7f7244f6d91cc176523b619b074c9e0ba8f520efaa2069f59267b02f56943225,67466724,1775932056,0x40Ea55E0b8f02f8eBc9D91e082e202ed988647fA,MON,95000000000000000000,95,0x200723A706de0013316E5cd8EBa2b3f53DD90c29,486,0xe2542f84b3228d69347e6e4c959fe0efb6ca1950,0x070307e236f4ecdabe258e3f8f0173c29ed5862a,,same transaction contains inbound payment to royalty wallet and secondary ERC721 Transfer from collection,high,Heuristic match; can include false positives/negatives if marketplace routing is non-standard.
0x4c30fb9a7cc2a094b5b0143e0a1e96ed45a6ab41dc235c11f3f833de376ce929,67472626,1775934419,0x40Ea55E0b8f02f8eBc9D91e082e202ed988647fA,MON,125000000000000000000,125,0x200723A706de0013316E5cd8EBa2b3f53DD90c29,994,0xa47ad31edf246ab0dd0d1f7f6d0d4bcfb361f0e2,0x070307e236f4ecdabe258e3f8f0173c29ed5862a,,same transaction contains inbound payment to royalty wallet and secondary ERC721 Transfer from collection,high,Heuristic match; can include false positives/negatives if marketplace routing is non-standard.
0x3299b668be793362dabc4dc2d1407b9159807fd42a0795fd740f85b778328602,67474194,1775935046,0x40Ea55E0b8f02f8eBc9D91e082e202ed988647fA,MON,107000000000000000000,107,0x200723A706de0013316E5cd8EBa2b3f53DD90c29,852,0x1005f1a93d7a1a96453e546507f0415cc9af91b5,0xa62664e8a61194dd826280021add216a6654f604,,same transaction contains inbound payment to royalty wallet and secondary ERC721 Transfer from collection,high,Heuristic match; can include false positives/negatives if marketplace routing is non-standard.
0xe06d1ec560b83032672cec5c85d57e1d50ab3964115fd66c673fc949c209725b,67481131,1775937816,0x40Ea55E0b8f02f8eBc9D91e082e202ed988647fA,WMON,90000000000000000000,90,0x200723A706de0013316E5cd8EBa2b3f53DD90c29,723,0xa66db1785e461e759ba3040e5332547413c21d3e,0x21729c478ea277a0e7a6038e8e5abc68347d96d8,,same transaction contains inbound payment to royalty wallet and secondary ERC721 Transfer from collection,high,Heuristic match; can include false positives/negatives if marketplace routing is non-standard.
0x95f683a00baac972662d050fee8a536c4588d01b5c690acc1816fa45c629fae4,67483747,1775938864,0x40Ea55E0b8f02f8eBc9D91e082e202ed988647fA,MON,373650000000000000000,373.65,0x200723A706de0013316E5cd8EBa2b3f53DD90c29,943|174|862|905,0xa302a45093d04a70720735072cbffef773a3127c|0x9ce360b49c71a04c2eff87a683a8a490dee64339|0x4061292dd34c5197e280209dc8998f0c0ca81f17|0x2791c7169d9d930703a4a16ce1c467539946d847,0x1dab3ce0c753c6176d19471e3026a32f629cac79|0x1dab3ce0c753c6176d19471e3026a32f629cac79|0x1dab3ce0c753c6176d19471e3026a32f629cac79|0x1dab3ce0c753c6176d19471e3026a32f629cac79,,same transaction contains inbound payment to royalty wallet and secondary ERC721 Transfer from collection,high,Heuristic match; can include false positives/negatives if marketplace routing is non-standard.
0x7d523561a2882d632e7eb4945827f4fea3783c857c567669b4b25e8d9f38db07,67485167,1775939431,0x40Ea55E0b8f02f8eBc9D91e082e202ed988647fA,MON,150000000000000000000,150,0x200723A706de0013316E5cd8EBa2b3f53DD90c29,774,0xfe9e4aaa9557182abe439390f0f8bcb786202c7b,0x2c0b7e9f1e5a76a205e6de9028d1d64cfd31fefa,,same transaction contains inbound payment to royalty wallet and secondary ERC721 Transfer from collection,high,Heuristic match; can include false positives/negatives if marketplace routing is non-standard.
0x22241eb470910d0813b0c983a50a3bb498be75f1680544edbb6ae697dfc6954a,67506168,1775947821,0x40Ea55E0b8f02f8eBc9D91e082e202ed988647fA,MON,175000000000000000000,175,0x200723A706de0013316E5cd8EBa2b3f53DD90c29,299,0x021fdded7ad6902627b57e76c90511fd70b36f29,0x6b100d45afa078f5baba7849562780896b051cc6,,same transaction contains inbound payment to royalty wallet and secondary ERC721 Transfer from collection,high,Heuristic match; can include false positives/negatives if marketplace routing is non-standard.
0x5abed49e9e18331c66c1bfeacf11f2591534750741365f7c63039a7e986d4e49,67506425,1775947923,0x40Ea55E0b8f02f8eBc9D91e082e202ed988647fA,MON,325000000000000000000,325,0x200723A706de0013316E5cd8EBa2b3f53DD90c29,955,0x3f19514d4e3405e975a335876819dbf651aae23d,0xb8f64379d5f3d05579bbd8c2c2faa03a71cb07a1,,same transaction contains inbound payment to royalty wallet and secondary ERC721 Transfer from collection,high,Heuristic match; can include false positives/negatives if marketplace routing is non-standard.
0x6927144a0071292d728d458a8b8b60a81afabc0dc4e1f301e206a339766e5ab8,67510111,1775949396,0x40Ea55E0b8f02f8eBc9D91e082e202ed988647fA,MON,179950000000000000000,179.95,0x200723A706de0013316E5cd8EBa2b3f53DD90c29,247,0x6e941494dcbc9f1ae1cb2c45ad8b92e19d84ce72,0xc834cc07d26934091c0a634213c7632f2be58345,,same transaction contains inbound payment to royalty wallet and secondary ERC721 Transfer from collection,high,Heuristic match; can include false positives/negatives if marketplace routing is non-standard.
0x69d3c84d47d673911b80f93e44c1f2b3cfde181a106ea6c9b3be504ac107a3e7,67512379,1775950303,0x40Ea55E0b8f02f8eBc9D91e082e202ed988647fA,MON,177300000000000000000,177.3,0x200723A706de0013316E5cd8EBa2b3f53DD90c29,912,0xa1a38d65100d23ae2bec8e925605bffe282d0d09,0xc35b0b63fbbabbe889fd9f22aa6ec0fba6961dd0,,same transaction contains inbound payment to royalty wallet and secondary ERC721 Transfer from collection,high,Heuristic match; can include false positives/negatives if marketplace routing is non-standard.
0x8a1716a399779c66cc2331cc5bf7e454c2aa7e590bc25310fe39294c83de2859,67512991,1775950547,0x40Ea55E0b8f02f8eBc9D91e082e202ed988647fA,MON,200000000000000000000,200,0x200723A706de0013316E5cd8EBa2b3f53DD90c29,778,0x59c1bd6c122c6615ece5e02bbdc04b87b10d81a1,0x7284c43a849985cc59c777b16fc040bfb4ffe0e1,,same transaction contains inbound payment to royalty wallet and secondary ERC721 Transfer from collection,high,Heuristic match; can include false positives/negatives if marketplace routing is non-standard.
0xaecae4eab5a5587ff234eecf18d247d9cf24ad45ecce5669668ded1fbd0e4708,67517976,1775952535,0x40Ea55E0b8f02f8eBc9D91e082e202ed988647fA,MON,350000000000000000000,350,0x200723A706de0013316E5cd8EBa2b3f53DD90c29,882,0x59c1bd6c122c6615ece5e02bbdc04b87b10d81a1,0xfabfcbbd8d9312addcc207aa2f7274f95953f2fb,,same transaction contains inbound payment to royalty wallet and secondary ERC721 Transfer from collection,high,Heuristic match; can include false positives/negatives if marketplace routing is non-standard.
0xcf3771695020c8173436f7db9c01ba4dc2ba900fc0270ac0c237a51a78028ee7,67522041,1775954159,0x40Ea55E0b8f02f8eBc9D91e082e202ed988647fA,MON,750000000000000000000,750,0x200723A706de0013316E5cd8EBa2b3f53DD90c29,806,0x59c1bd6c122c6615ece5e02bbdc04b87b10d81a1,0x6a1d74e6ac28871cf1f42fec88d8bbff13dddbff,,same transaction contains inbound payment to royalty wallet and secondary ERC721 Transfer from collection,high,Heuristic match; can include false positives/negatives if marketplace routing is non-standard.
0x80593d7ec59725b8e07ae270258aab315c5fb12a44f45877f3ad98d8c70175aa,67578887,1775976885,0x40Ea55E0b8f02f8eBc9D91e082e202ed988647fA,WMON,166650000000000000000,166.65,0x200723A706de0013316E5cd8EBa2b3f53DD90c29,709,0xe11aa5eb7945651e43d3f2d97bbcaf9ab1d3a571,0x5ab59a28f190e0bdeb73ad880fa0f7b8a063fdd7,,same transaction contains inbound payment to royalty wallet and secondary ERC721 Transfer from collection,high,Heuristic match; can include false positives/negatives if marketplace routing is non-standard.
0xca234e233f48d6bf12f1db13ea23b4a10cb5743825ddfbcc4b9775621d2dec95,67583758,1775978833,0x40Ea55E0b8f02f8eBc9D91e082e202ed988647fA,WMON,150000500000000000000,150.0005,0x200723A706de0013316E5cd8EBa2b3f53DD90c29,776,0x562aef6cd1d1716e9363de59b6540c39d9a71a86,0xb8898bb87b07bac7ba9c2268e6d0640d5a208a7a,,same transaction contains inbound payment to royalty wallet and secondary ERC721 Transfer from collection,high,Heuristic match; can include false positives/negatives if marketplace routing is non-standard.
0x519006ea723d9a10d53dcc611a057eaf1b26a1681e7755957af2a3e35127dbb9,67599185,1775985000,0x40Ea55E0b8f02f8eBc9D91e082e202ed988647fA,MON,160000000000000000000,160,0x200723A706de0013316E5cd8EBa2b3f53DD90c29,893,0x992a9a2037701383b3a914fc42559d10c0fdbf40,0x6a771a3f243e98d92bb8ffa1fe76c7c32a3eba9f,,same transaction contains inbound payment to royalty wallet and secondary ERC721 Transfer from collection,high,Heuristic match; can include false positives/negatives if marketplace routing is non-standard.
0x10ac8d25586b75473d17d30892d882f862747eb97ce0b01787a50ff3013803a8,67659019,1776008915,0x40Ea55E0b8f02f8eBc9D91e082e202ed988647fA,MON,660798500000000000000,660.7985,0x200723A706de0013316E5cd8EBa2b3f53DD90c29,649|382|792|791|860|1028|213|597|914|834,0xbee625c7c2411f4c61b39583f02725dbe3939cf9|0xe312d20a235cbbbdef73b2ea4004bbbc6e74fc33|0xa738a6830587c431382ddc1000cb48cc92c62d98|0xa738a6830587c431382ddc1000cb48cc92c62d98|0x58fd1b66d17d0764a236a2b94df11323826350b7|0x59395d88307b4522df0e29222720fc37e850876b|0x7500a83df2af99b2755c47b6b321a8217d876a85|0x67e2c2d9b795c51e49f0fba175853e6de0255a5e|0x0c3ba44707314e6801413e7ab80c5122663cff7c|0x60bc18ed2ff76646ca173a9b572118d237b7c80e,0x52081a6912cfa64968999fbeb31387446a49b207|0x52081a6912cfa64968999fbeb31387446a49b207|0x52081a6912cfa64968999fbeb31387446a49b207|0x52081a6912cfa64968999fbeb31387446a49b207|0x52081a6912cfa64968999fbeb31387446a49b207|0x52081a6912cfa64968999fbeb31387446a49b207|0x52081a6912cfa64968999fbeb31387446a49b207|0x52081a6912cfa64968999fbeb31387446a49b207|0x52081a6912cfa64968999fbeb31387446a49b207|0x52081a6912cfa64968999fbeb31387446a49b207,,same transaction contains inbound payment to royalty wallet and secondary ERC721 Transfer from collection,high,Heuristic match; can include false positives/negatives if marketplace routing is non-standard.
0x7a8d346381c55f05c1d8564705be281e2f83d3b9ae93d49778dcce891c9f17ed,67726360,1776035824,0x40Ea55E0b8f02f8eBc9D91e082e202ed988647fA,MON,160000000000000000000,160,0x200723A706de0013316E5cd8EBa2b3f53DD90c29,919,0x0142360ecc9524e6eae6c27bf290f80faabfa8ca,0x15fb348477e55e97904afdcb15d43b07aa323485,,same transaction contains inbound payment to royalty wallet and secondary ERC721 Transfer from collection,high,Heuristic match; can include false positives/negatives if marketplace routing is non-standard.
0xbb38cb635e910995661b7c09e5c1a1ba9476360b912aef5e846cda836b3c0cdd,67733604,1776038716,0x40Ea55E0b8f02f8eBc9D91e082e202ed988647fA,MON,213300000000000000000,213.3,0x200723A706de0013316E5cd8EBa2b3f53DD90c29,669,0xf12db46c295821ae4a0cff95cd0691544c8b3009,0x67e2c2d9b795c51e49f0fba175853e6de0255a5e,,same transaction contains inbound payment to royalty wallet and secondary ERC721 Transfer from collection,high,Heuristic match; can include false positives/negatives if marketplace routing is non-standard.
0xa029319afcffce1ac0bed872f8ec3a27dca2f46e6cc3869cbb4459ebc2650a54,67739095,1776040912,0x40Ea55E0b8f02f8eBc9D91e082e202ed988647fA,MON,154000000000000000000,154,0x200723A706de0013316E5cd8EBa2b3f53DD90c29,888,0x466ffb3df11ca8a346c5460524bdc71b3a1d3e23,0x696fca6aa249d4ea35b69840ab23c4d2d273f756,,same transaction contains inbound payment to royalty wallet and secondary ERC721 Transfer from collection,high,Heuristic match; can include false positives/negatives if marketplace routing is non-standard.
0xb61ec3d8ff9a6d4f64fe5d4d358608da0a9f9e2614cbc1f4187433a95b85a22e,67823246,1776074561,0x40Ea55E0b8f02f8eBc9D91e082e202ed988647fA,MON,323750000000000000000,323.75,0x200723A706de0013316E5cd8EBa2b3f53DD90c29,576|392|743|744|515|271|1012,0x1cdf73414e7e7463e1cbd9886177ddcbc064ea9e|0xb2eb4f13a0b4cb237cdb809353d17ea90ba8a418|0xb090ddb1603e4e1c33c832f8f055c6fc016abf32|0xb090ddb1603e4e1c33c832f8f055c6fc016abf32|0x4d70e16096697c150326baac71e35eec32b03134|0xe37265f4d5a68ae596ece9252aff790b43af76f8|0x7998a7a0a377e52b03e7ca702668f54d2cc0f743,0xf26dc4b22cd8227e45b81cd5f0105d9c7f058bdd|0xf26dc4b22cd8227e45b81cd5f0105d9c7f058bdd|0xf26dc4b22cd8227e45b81cd5f0105d9c7f058bdd|0xf26dc4b22cd8227e45b81cd5f0105d9c7f058bdd|0xf26dc4b22cd8227e45b81cd5f0105d9c7f058bdd|0xf26dc4b22cd8227e45b81cd5f0105d9c7f058bdd|0xf26dc4b22cd8227e45b81cd5f0105d9c7f058bdd,,same transaction contains inbound payment to royalty wallet and secondary ERC721 Transfer from collection,high,Heuristic match; can include false positives/negatives if marketplace routing is non-standard.
0x669f19f20e3a182be097fca16c7f32597a50d179bccd68c7136bb76261c4484c,67855285,1776087362,0x40Ea55E0b8f02f8eBc9D91e082e202ed988647fA,WMON,150000000000000000000,150,0x200723A706de0013316E5cd8EBa2b3f53DD90c29,1008,0x2a494c4137db2371c6d9007a40151d49ca3d4c06,0x4f9f7abb6be75b23c16ea8b094b6a24fde47bd86,,same transaction contains inbound payment to royalty wallet and secondary ERC721 Transfer from collection,high,Heuristic match; can include false positives/negatives if marketplace routing is non-standard.
0xfc3a9c99445c72f68a9d3fb9526a5e1346a6fc93540b6ddd94cbbbcb3d60a28f,67859329,1776088976,0x40Ea55E0b8f02f8eBc9D91e082e202ed988647fA,MON,199950000000000000000,199.95,0x200723A706de0013316E5cd8EBa2b3f53DD90c29,875,0x7baae4eab0e08ebb47f0b39acd77e390d4f321cf,0xcd90574bc2ef39bcebbc5561c1c9d8e42110c239,,same transaction contains inbound payment to royalty wallet and secondary ERC721 Transfer from collection,high,Heuristic match; can include false positives/negatives if marketplace routing is non-standard.
0x27d3ef784536784308b8f96721217ff188b3e7446e6b7ab71a18edfd0b24f7e3,67861548,1776089863,0x40Ea55E0b8f02f8eBc9D91e082e202ed988647fA,MON,521650000000000000000,521.65,0x200723A706de0013316E5cd8EBa2b3f53DD90c29,359|347|917|938|171,0xfc581837eaa81552aa2ce047cddcd73ca1fc2cd8|0x550ee7d2cbfeb58a64536a98758d1053dafb5f24|0x7998a7a0a377e52b03e7ca702668f54d2cc0f743|0xd55a1ca7d9843c6c507a1d5521cecf865ef2b02b|0x7998a7a0a377e52b03e7ca702668f54d2cc0f743,0x37b28c48febd71b7d73ca907770523089a09a427|0x37b28c48febd71b7d73ca907770523089a09a427|0x37b28c48febd71b7d73ca907770523089a09a427|0x37b28c48febd71b7d73ca907770523089a09a427|0x37b28c48febd71b7d73ca907770523089a09a427,,same transaction contains inbound payment to royalty wallet and secondary ERC721 Transfer from collection,high,Heuristic match; can include false positives/negatives if marketplace routing is non-standard.
0xf3bf43d0738450c5286081ee874a93a1ae1aa238422b87ac862eb1bde442beea,67873209,1776094520,0x40Ea55E0b8f02f8eBc9D91e082e202ed988647fA,MON,277750000000000000000,277.75,0x200723A706de0013316E5cd8EBa2b3f53DD90c29,867,0xcbcb8a49716228e93f31759500a5d378f3582954,0x3496a0da043108ec81022ebecced3d0cf821a58d,,same transaction contains inbound payment to royalty wallet and secondary ERC721 Transfer from collection,high,Heuristic match; can include false positives/negatives if marketplace routing is non-standard.
0xa51b3eb94e53b8dff386b199f21c9c6ad9a83a54dbee230fae2882fed7cdb87c,67881882,1776097988,0x40Ea55E0b8f02f8eBc9D91e082e202ed988647fA,WMON,146000000000000000000,146,0x200723A706de0013316E5cd8EBa2b3f53DD90c29,385,0xcaaefc94b2b0ef00e0502d02bb6343d20733c3f5,0x15948209fb8f0946b9feb72ea509760a3ae23cb1,,same transaction contains inbound payment to royalty wallet and secondary ERC721 Transfer from collection,high,Heuristic match; can include false positives/negatives if marketplace routing is non-standard.
0x0dbf006c2bfde921678a824e7a815cbd9d52d284c1a3897b26f3bd5dd0960283,67884902,1776099195,0x40Ea55E0b8f02f8eBc9D91e082e202ed988647fA,MON,605000000000000000000,605,0x200723A706de0013316E5cd8EBa2b3f53DD90c29,446,0xa400578a66fdf4049fd007e1cc56f0b860c59772,0x5befa7184a3e6e6579fd6e3d62eef29227c1d881,,same transaction contains inbound payment to royalty wallet and secondary ERC721 Transfer from collection,high,Heuristic match; can include false positives/negatives if marketplace routing is non-standard.
0x44e7e4e0b4ce9b715baaae8a6622ee1f50a4f39a75caff7f30b9fb3e2aca1fe9,67901309,1776105755,0x40Ea55E0b8f02f8eBc9D91e082e202ed988647fA,MON,174950000000000000000,174.95,0x200723A706de0013316E5cd8EBa2b3f53DD90c29,692,0xcb33c029aa1dbaf1743f4a4fe84d88336eedec98,0x03f221173515a5f694cc6e6a9a5d2679d2f2c06e,,same transaction contains inbound payment to royalty wallet and secondary ERC721 Transfer from collection,high,Heuristic match; can include false positives/negatives if marketplace routing is non-standard.
0xabe81a9c6817de8792eb5e641ec5dad576f5134e1889a552087dc9575fb2a063,67901643,1776105888,0x40Ea55E0b8f02f8eBc9D91e082e202ed988647fA,MON,200000000000000000000,200,0x200723A706de0013316E5cd8EBa2b3f53DD90c29,383,0xa75595cb85e7de908ea2396afa0b7b493af08e3f,0xe1da9e3ea9efc074ebffd4d2bed209b370705188,,same transaction contains inbound payment to royalty wallet and secondary ERC721 Transfer from collection,high,Heuristic match; can include false positives/negatives if marketplace routing is non-standard.
0xe808cf0c77c3d9c6bbb76007482335e258ccab8abb3dd697675d2dc9e967f804,67904566,1776107058,0x40Ea55E0b8f02f8eBc9D91e082e202ed988647fA,MON,184950000000000000000,184.95,0x200723A706de0013316E5cd8EBa2b3f53DD90c29,279,0xc980c64971aa070ffe2074ed8e611eedbac1c9f9,0x3d04e13e4b049915b45540287a3247ffad08a5a6,,same transaction contains inbound payment to royalty wallet and secondary ERC721 Transfer from collection,high,Heuristic match; can include false positives/negatives if marketplace routing is non-standard.
0x2ff0a12c8d4521bfa5d011b55d3628616f3b05213c57524c31ac746c6c40663c,67907481,1776108224,0x40Ea55E0b8f02f8eBc9D91e082e202ed988647fA,MON,187500000000000000000,187.5,0x200723A706de0013316E5cd8EBa2b3f53DD90c29,430,0x7baae4eab0e08ebb47f0b39acd77e390d4f321cf,0x72b4ba37ddfb5e9cda5ba8b4176212d11de9f7f7,,same transaction contains inbound payment to royalty wallet and secondary ERC721 Transfer from collection,high,Heuristic match; can include false positives/negatives if marketplace routing is non-standard.
0xf4108038b5a0f4862c0b1f94a72c6a480ee00072334b6ff543c8d1be97306cc5,67917713,1776112317,0x40Ea55E0b8f02f8eBc9D91e082e202ed988647fA,MON,200000000000000000000,200,0x200723A706de0013316E5cd8EBa2b3f53DD90c29,495,0x79155bf78b240bf43849de68797acbf8eacc07b6,0x0253ba3af2fa2e5553bbb4575716379fff068557,,same transaction contains inbound payment to royalty wallet and secondary ERC721 Transfer from collection,high,Heuristic match; can include false positives/negatives if marketplace routing is non-standard.
0x3f9afc0da4801ea58995c8090cdc2b2e4b8533659a068148d5716ab41c58aba3,67972412,1776134173,0x40Ea55E0b8f02f8eBc9D91e082e202ed988647fA,MON,234950000000000000000,234.95,0x200723A706de0013316E5cd8EBa2b3f53DD90c29,902,0x4fd83ca2ecfd69a37f8c6c4d88377d861f60190b,0x3496a0da043108ec81022ebecced3d0cf821a58d,,same transaction contains inbound payment to royalty wallet and secondary ERC721 Transfer from collection,high,Heuristic match; can include false positives/negatives if marketplace routing is non-standard.
0x4abc6053a4f98f117d9ca0c83c998090ee8b966efb51fdf4a517f85672e4cfa7,67980320,1776137332,0x40Ea55E0b8f02f8eBc9D91e082e202ed988647fA,MON,619950000000000000000,619.95,0x200723A706de0013316E5cd8EBa2b3f53DD90c29,200|939|460|983|708|562|209|331,0x5935ba4be0d2abe85f5d8fbeb89325ef281f12fc|0x7363593559751695d9f9b1123715766e059d4e54|0xc980c64971aa070ffe2074ed8e611eedbac1c9f9|0x04453c4a56c9eaddf4141fb64365cc69c2438fc4|0x72de516706387fa100ba372e7864cefc3475572b|0x7baae4eab0e08ebb47f0b39acd77e390d4f321cf|0x5935ba4be0d2abe85f5d8fbeb89325ef281f12fc|0x15fb348477e55e97904afdcb15d43b07aa323485,0x1bb3ea2b525feee67271778336b8b9b813273d5e|0x1bb3ea2b525feee67271778336b8b9b813273d5e|0x1bb3ea2b525feee67271778336b8b9b813273d5e|0x1bb3ea2b525feee67271778336b8b9b813273d5e|0x1bb3ea2b525feee67271778336b8b9b813273d5e|0x1bb3ea2b525feee67271778336b8b9b813273d5e|0x1bb3ea2b525feee67271778336b8b9b813273d5e|0x1bb3ea2b525feee67271778336b8b9b813273d5e,,same transaction contains inbound payment to royalty wallet and secondary ERC721 Transfer from collection,high,Heuristic match; can include false positives/negatives if marketplace routing is non-standard.
0x83dfe033fc811f7eda1e8040c15271478de55f8038d458117203513b0956c8b9,67981057,1776137627,0x40Ea55E0b8f02f8eBc9D91e082e202ed988647fA,MON,670000000000000000000,670,0x200723A706de0013316E5cd8EBa2b3f53DD90c29,170|217|811|665|434|641|993|911|980|387,0x2eaf07b7eec52076535d301fd889afd6fa92e45b|0xa320daa989ae8d6d7813340697f4f9e75f5b78e8|0xb87033a41756c611be6ff1bd8067e1fccf66534e|0x6b100d45afa078f5baba7849562780896b051cc6|0xc980c64971aa070ffe2074ed8e611eedbac1c9f9|0xbd7477006daa466d15d0b13f614e84c1e5def06a|0x44b7ddf8385fc83ac51a8c7f66a253d10771ed6e|0x15fb348477e55e97904afdcb15d43b07aa323485|0xc641545ee1edf2cc78b0b16967f39d3f0e267481|0x58fd1b66d17d0764a236a2b94df11323826350b7,0x4a0dee34b540795d5174ef07a464bb118a4242db|0x4a0dee34b540795d5174ef07a464bb118a4242db|0x4a0dee34b540795d5174ef07a464bb118a4242db|0x4a0dee34b540795d5174ef07a464bb118a4242db|0x4a0dee34b540795d5174ef07a464bb118a4242db|0x4a0dee34b540795d5174ef07a464bb118a4242db|0x4a0dee34b540795d5174ef07a464bb118a4242db|0x4a0dee34b540795d5174ef07a464bb118a4242db|0x4a0dee34b540795d5174ef07a464bb118a4242db|0x4a0dee34b540795d5174ef07a464bb118a4242db,,same transaction contains inbound payment to royalty wallet and secondary ERC721 Transfer from collection,high,Heuristic match; can include false positives/negatives if marketplace routing is non-standard.
0x4762adcb18b45d87f8611c7b75ab4e9850cd0aa5dd48c61b27e6e4724f151557,67981799,1776137923,0x40Ea55E0b8f02f8eBc9D91e082e202ed988647fA,MON,249500000000000000000,249.5,0x200723A706de0013316E5cd8EBa2b3f53DD90c29,1023,0x1ebd439700d6698f9870893650d1da0abe328907,0x6d2cea496ba329a0ce2a8e58719fc162c3d82c04,,same transaction contains inbound payment to royalty wallet and secondary ERC721 Transfer from collection,high,Heuristic match; can include false positives/negatives if marketplace routing is non-standard.
0xb67ca5ec34a5a63b96e177c3c4102b49e8d2f59a0e62e84f70e9394bde80623c,67982165,1776138070,0x40Ea55E0b8f02f8eBc9D91e082e202ed988647fA,MON,500000000000000000000,500,0x200723A706de0013316E5cd8EBa2b3f53DD90c29,1009|1030|618|818|934|442|518,0xd481f8dba3b7e64385fd2298aacf975ac3fa28a5|0x5ab59a28f190e0bdeb73ad880fa0f7b8a063fdd7|0x9686ef5e52e51fa6c8bbfaccb2ff6b958c4625a9|0xe4a45f74967f75dccd6947a9dfe25333727a4737|0x5675b8f4a7cdab04eec8e44df68be92c13fbf327|0xfcb341e284bfbd8a466172e83b79fdf70a8490e8|0x93a4d3d4454644a3df432d196999424283420cd0,0x479eb982e6d5fbbf77f207184bafdee9aa8f01cb|0x479eb982e6d5fbbf77f207184bafdee9aa8f01cb|0x479eb982e6d5fbbf77f207184bafdee9aa8f01cb|0x479eb982e6d5fbbf77f207184bafdee9aa8f01cb|0x479eb982e6d5fbbf77f207184bafdee9aa8f01cb|0x479eb982e6d5fbbf77f207184bafdee9aa8f01cb|0x479eb982e6d5fbbf77f207184bafdee9aa8f01cb,,same transaction contains inbound payment to royalty wallet and secondary ERC721 Transfer from collection,high,Heuristic match; can include false positives/negatives if marketplace routing is non-standard.
0x7a9041a31efa9e252a257fae7637015d43d3f5c5bf0bd0709aa99a2c9c061617,67983074,1776138433,0x40Ea55E0b8f02f8eBc9D91e082e202ed988647fA,MON,250000000000000000000,250,0x200723A706de0013316E5cd8EBa2b3f53DD90c29,1003|724|912,0x047417889a0f813b0c96646e41c151077fff958e|0xa66db1785e461e759ba3040e5332547413c21d3e|0xd55a1ca7d9843c6c507a1d5521cecf865ef2b02b,0xbcc24929108278944aa180ff8322b900356f7701|0xbcc24929108278944aa180ff8322b900356f7701|0xbcc24929108278944aa180ff8322b900356f7701,,same transaction contains inbound payment to royalty wallet and secondary ERC721 Transfer from collection,high,Heuristic match; can include false positives/negatives if marketplace routing is non-standard.
0x45831a131aabf853ca383d3f65d8a35dc51baf35ac802618f01f630473699101,67990959,1776141585,0x40Ea55E0b8f02f8eBc9D91e082e202ed988647fA,MON,400000000000000000000,400,0x200723A706de0013316E5cd8EBa2b3f53DD90c29,669,0x59c1bd6c122c6615ece5e02bbdc04b87b10d81a1,0x6277cc43c7bc76cddd5f6d59b12d713d9e4b835d,,same transaction contains inbound payment to royalty wallet and secondary ERC721 Transfer from collection,high,Heuristic match; can include false positives/negatives if marketplace routing is non-standard.
0x703425f22fd938ec5478ad301f21b5d9a520cc455ce112135116214293983add,68031195,1776157674,0x40Ea55E0b8f02f8eBc9D91e082e202ed988647fA,MON,375000000000000000000,375,0x200723A706de0013316E5cd8EBa2b3f53DD90c29,413,0xa8cc55036843da11cf4588c42391d705f6d1dfc8,0x545ef910c6cbb97ee0df691c4a952f7d024d392b,,same transaction contains inbound payment to royalty wallet and secondary ERC721 Transfer from collection,high,Heuristic match; can include false positives/negatives if marketplace routing is non-standard.
0x1c74fcdd0e583f6e3d58fa9b9089d29fef3d4e09b2433ee15946e3e2532fa9e5,68073159,1776174441,0x40Ea55E0b8f02f8eBc9D91e082e202ed988647fA,MON,333300000000000000000,333.3,0x200723A706de0013316E5cd8EBa2b3f53DD90c29,666,0x59c1bd6c122c6615ece5e02bbdc04b87b10d81a1,0xfd92896f2be8a3f6bab06ac4cb9542627f0fead4,,same transaction contains inbound payment to royalty wallet and secondary ERC721 Transfer from collection,high,Heuristic match; can include false positives/negatives if marketplace routing is non-standard.
0xc547bece2d6139e2b105d341c39ef9857c436a78486208c887f5438e1dd0152b,68077249,1776176077,0x40Ea55E0b8f02f8eBc9D91e082e202ed988647fA,MON,275000000000000000000,275,0x200723A706de0013316E5cd8EBa2b3f53DD90c29,817,0xaaf05e3c500acbfeb1f0ed8799b4c358eb16be55,0x6d2cea496ba329a0ce2a8e58719fc162c3d82c04,,same transaction contains inbound payment to royalty wallet and secondary ERC721 Transfer from collection,high,Heuristic match; can include false positives/negatives if marketplace routing is non-standard.
0xd9a8549a9bef68f2f76f6c17fbdb80eaf9a4d65ab3d430e60799ea0001f1bfa9,68147940,1776204321,0x40Ea55E0b8f02f8eBc9D91e082e202ed988647fA,MON,1250000000000000000000,1250,0x200723A706de0013316E5cd8EBa2b3f53DD90c29,929,0xc4ff8c7433c14b3f4122deae8a6a9abe24ab950e,0x6d2cea496ba329a0ce2a8e58719fc162c3d82c04,,same transaction contains inbound payment to royalty wallet and secondary ERC721 Transfer from collection,high,Heuristic match; can include false positives/negatives if marketplace routing is non-standard.
0x5564233f30fcb54040a4f4dff28fdbc54221399aa812980e30bb27d787d1614a,68216928,1776231891,0x40Ea55E0b8f02f8eBc9D91e082e202ed988647fA,MON,289993500000000000000,289.9935,0x200723A706de0013316E5cd8EBa2b3f53DD90c29,318,0xe6a2d99f1150a8c95c0542360feafca509774bc8,0xa8cc55036843da11cf4588c42391d705f6d1dfc8,,same transaction contains inbound payment to royalty wallet and secondary ERC721 Transfer from collection,high,Heuristic match; can include false positives/negatives if marketplace routing is non-standard.
0xd78e223e38e811aee008c721c43e8ff72f32603c6d69388a715621220aebf277,68234287,1776238829,0x40Ea55E0b8f02f8eBc9D91e082e202ed988647fA,MON,254000000000000000000,254,0x200723A706de0013316E5cd8EBa2b3f53DD90c29,813,0x4227a497668c9780c3bb122b0f56ed23c5baa8eb,0xca07a6f0e85b354646d6a21ab909466cdfb6a27a,,same transaction contains inbound payment to royalty wallet and secondary ERC721 Transfer from collection,high,Heuristic match; can include false positives/negatives if marketplace routing is non-standard.
0x446937808a3fc696297720f1b811bc6425245e1111b72ccdbcbd9f6ab594299e,68319771,1776273032,0x40Ea55E0b8f02f8eBc9D91e082e202ed988647fA,WMON,230110000000000000000,230.11,0x200723A706de0013316E5cd8EBa2b3f53DD90c29,188,0xbd4bce94bb5da7c648d208256eead3178b428482,0xe6a2d99f1150a8c95c0542360feafca509774bc8,,same transaction contains inbound payment to royalty wallet and secondary ERC721 Transfer from collection,high,Heuristic match; can include false positives/negatives if marketplace routing is non-standard.
0x8720673149c21d9e2bf3fd035d73dc07714af410e2bb4ffd9ab66919e022d963,68319828,1776273055,0x40Ea55E0b8f02f8eBc9D91e082e202ed988647fA,WMON,230108500000000000000,230.1085,0x200723A706de0013316E5cd8EBa2b3f53DD90c29,973,0xbd4bce94bb5da7c648d208256eead3178b428482,0xe6a2d99f1150a8c95c0542360feafca509774bc8,,same transaction contains inbound payment to royalty wallet and secondary ERC721 Transfer from collection,high,Heuristic match; can include false positives/negatives if marketplace routing is non-standard.
0x9d8723888f3e9c56b8cf7d9a370392014a7cbb2dcd58494fccfc80e61c7e1e53,68406145,1776307569,0x40Ea55E0b8f02f8eBc9D91e082e202ed988647fA,WMON,431000000000000000000,431,0x200723A706de0013316E5cd8EBa2b3f53DD90c29,782|783,0x5de0c18ad34e2895aa6b7088e4e42305909d409d|0x5de0c18ad34e2895aa6b7088e4e42305909d409d,0x792edb670693216b52d9d558c1b40ae93d607056|0x72b4ba37ddfb5e9cda5ba8b4176212d11de9f7f7,,same transaction contains inbound payment to royalty wallet and secondary ERC721 Transfer from collection,high,Heuristic match; can include false positives/negatives if marketplace routing is non-standard.
0x96743308923c69ee27dc3cfbf6293e7f841a248cb640cc091306879aeab33c41,68416413,1776311673,0x40Ea55E0b8f02f8eBc9D91e082e202ed988647fA,MON,516278500000000000000,516.2785,0x200723A706de0013316E5cd8EBa2b3f53DD90c29,186|973|978|425|999|935|543|406|198|847,0xb8898bb87b07bac7ba9c2268e6d0640d5a208a7a|0xe6a2d99f1150a8c95c0542360feafca509774bc8|0x11f33f8d3efdbf6fd552fb7c4dd56b82dabe8b14|0x5935ba4be0d2abe85f5d8fbeb89325ef281f12fc|0x58fd1b66d17d0764a236a2b94df11323826350b7|0xacb6ede75f65b88dd4d015f38a9d298f61b151dd|0x5befa7184a3e6e6579fd6e3d62eef29227c1d881|0xf48a18e24c2399e409130e4d45ff7a9ab4456571|0xe77a035621f29a1501735aa05fb308671e7a243e|0x27bba99469653f80efd8e3d23ba224d8db1e0851,0x8561b3b0f51688fbcca21de811c5c1c62407a78c|0x8561b3b0f51688fbcca21de811c5c1c62407a78c|0x8561b3b0f51688fbcca21de811c5c1c62407a78c|0x8561b3b0f51688fbcca21de811c5c1c62407a78c|0x8561b3b0f51688fbcca21de811c5c1c62407a78c|0x8561b3b0f51688fbcca21de811c5c1c62407a78c|0x8561b3b0f51688fbcca21de811c5c1c62407a78c|0x8561b3b0f51688fbcca21de811c5c1c62407a78c|0x8561b3b0f51688fbcca21de811c5c1c62407a78c|0x8561b3b0f51688fbcca21de811c5c1c62407a78c,,same transaction contains inbound payment to royalty wallet and secondary ERC721 Transfer from collection,high,Heuristic match; can include false positives/negatives if marketplace routing is non-standard.
0x751beb9cea5957e05caa7b7cfb00c54f69732e095e6aa890c9b64b4fa4f58d9a,68550416,1776365236,0x40Ea55E0b8f02f8eBc9D91e082e202ed988647fA,WMON,500000000000000000000,500,0x200723A706de0013316E5cd8EBa2b3f53DD90c29,660,0x59c1bd6c122c6615ece5e02bbdc04b87b10d81a1,0x34389a1cea6513641699ce33f570032e9265967c,,same transaction contains inbound payment to royalty wallet and secondary ERC721 Transfer from collection,high,Heuristic match; can include false positives/negatives if marketplace routing is non-standard.
0xc241babfc17396b861c0db3624db5b4283f01c91ba7a399e3076a3b2329110e8,68560567,1776369294,0x40Ea55E0b8f02f8eBc9D91e082e202ed988647fA,MON,249949000000000000000,249.949,0x200723A706de0013316E5cd8EBa2b3f53DD90c29,188,0xe6a2d99f1150a8c95c0542360feafca509774bc8,0xe6d7d39bb941a6d677d7927d2a4ef23e97546617,,same transaction contains inbound payment to royalty wallet and secondary ERC721 Transfer from collection,high,Heuristic match; can include false positives/negatives if marketplace routing is non-standard.
0xfdb765d5da8ad355379f9432b5a305a8cbf8b4e9e3233623ae0f0358a04e54c9,68596711,1776383749,0x40Ea55E0b8f02f8eBc9D91e082e202ed988647fA,MON,284950000000000000000,284.95,0x200723A706de0013316E5cd8EBa2b3f53DD90c29,592,0x09e48c3c1fdf2935933d66a716d01b48d19c5bc3,0x0258497dd1ef35626e62ba9ebea716013a857e53,,same transaction contains inbound payment to royalty wallet and secondary ERC721 Transfer from collection,high,Heuristic match; can include false positives/negatives if marketplace routing is non-standard.
0xe9aba3d1b486bc59a55971034b15aaf87f2e39f0dde949e873242977ad8dc81c,68632304,1776397977,0x40Ea55E0b8f02f8eBc9D91e082e202ed988647fA,MON,274696500000000000000,274.6965,0x200723A706de0013316E5cd8EBa2b3f53DD90c29,243|407,0xe6a2d99f1150a8c95c0542360feafca509774bc8|0xf48a18e24c2399e409130e4d45ff7a9ab4456571,0xc167f6f6cb2c684eb4c46179623f23d82e9fd654|0xc167f6f6cb2c684eb4c46179623f23d82e9fd654,,same transaction contains inbound payment to royalty wallet and secondary ERC721 Transfer from collection,high,Heuristic match; can include false positives/negatives if marketplace routing is non-standard.
0xced5689a1d093b051fa0577e596707b7eb0998cae16779c637d049b26711f357,68638540,1776400468,0x40Ea55E0b8f02f8eBc9D91e082e202ed988647fA,MON,293450000000000000000,293.45,0x200723A706de0013316E5cd8EBa2b3f53DD90c29,614,0xf12db46c295821ae4a0cff95cd0691544c8b3009,0xd7bf06801cb5d3467063dc595b1dca2fbe4f3857,,same transaction contains inbound payment to royalty wallet and secondary ERC721 Transfer from collection,high,Heuristic match; can include false positives/negatives if marketplace routing is non-standard.
0xf4381998b41f42d183ace0e8212d1c8b69b76ed71bff6ff26f753fa4bc5584d1,68704621,1776426864,0x40Ea55E0b8f02f8eBc9D91e082e202ed988647fA,WMON,266704000000000000000,266.704,0x200723A706de0013316E5cd8EBa2b3f53DD90c29,871,0x59c1bd6c122c6615ece5e02bbdc04b87b10d81a1,0xe6a2d99f1150a8c95c0542360feafca509774bc8,,same transaction contains inbound payment to royalty wallet and secondary ERC721 Transfer from collection,high,Heuristic match; can include false positives/negatives if marketplace routing is non-standard.
0x817c631357c44a7ca0bcf5b41898cee76d344039e964bc86065bc3e9f55b09f0,68704736,1776426910,0x40Ea55E0b8f02f8eBc9D91e082e202ed988647fA,MON,293998000000000000000,293.998,0x200723A706de0013316E5cd8EBa2b3f53DD90c29,871,0xe6a2d99f1150a8c95c0542360feafca509774bc8,0x98ee5e625778976ac06b787497414952f00f0374,,same transaction contains inbound payment to royalty wallet and secondary ERC721 Transfer from collection,high,Heuristic match; can include false positives/negatives if marketplace routing is non-standard.
0xc37f44e5354eb64ad5ae9de24c3e094425f5e9bc3feab055477f9e0438c2ae03,68721993,1776433812,0x40Ea55E0b8f02f8eBc9D91e082e202ed988647fA,MON,427750000000000000000,427.75,0x200723A706de0013316E5cd8EBa2b3f53DD90c29,278,0x2eaf07b7eec52076535d301fd889afd6fa92e45b,0x450f6430e63c7407b264d11bc9d514d972eb54a6,,same transaction contains inbound payment to royalty wallet and secondary ERC721 Transfer from collection,high,Heuristic match; can include false positives/negatives if marketplace routing is non-standard.
0xbbeea28ecb4f988c08db1fbd1012c0807bf9365e930474e67fb2c4355da15626,68758589,1776448453,0x40Ea55E0b8f02f8eBc9D91e082e202ed988647fA,MON,293998000000000000000,293.998,0x200723A706de0013316E5cd8EBa2b3f53DD90c29,1005,0xe6a2d99f1150a8c95c0542360feafca509774bc8,0x6f5140c4726fd01ffad3a8ed475d6b4d621ac84f,,same transaction contains inbound payment to royalty wallet and secondary ERC721 Transfer from collection,high,Heuristic match; can include false positives/negatives if marketplace routing is non-standard.
0xccdf39b1e2449adbb8326f5a88017af80e6ef443421747f6bbd2a46cd9d63eee,68770780,1776453331,0x40Ea55E0b8f02f8eBc9D91e082e202ed988647fA,MON,293999000000000000000,293.999,0x200723A706de0013316E5cd8EBa2b3f53DD90c29,377|392|631|932,0x29c66f54fe449041555d510afd0c1657fb3624e4|0xf26dc4b22cd8227e45b81cd5f0105d9c7f058bdd|0xc173cbf586bfcfdb4b01073c45908029ec6d064a|0x4bdedf94e6327ce8264ddeb272d065b7b794771f,0x95d41776812c6ca222dd5fdea56c065b55ff7655|0x95d41776812c6ca222dd5fdea56c065b55ff7655|0x95d41776812c6ca222dd5fdea56c065b55ff7655|0x95d41776812c6ca222dd5fdea56c065b55ff7655,,same transaction contains inbound payment to royalty wallet and secondary ERC721 Transfer from collection,high,Heuristic match; can include false positives/negatives if marketplace routing is non-standard.
0x183caa8e21acdd20b26b663c744848c763db43e3d79742ffb111acd80794002e,68807650,1776468220,0x40Ea55E0b8f02f8eBc9D91e082e202ed988647fA,MON,314846500000000000000,314.8465,0x200723A706de0013316E5cd8EBa2b3f53DD90c29,877,0xe6a2d99f1150a8c95c0542360feafca509774bc8,0x17f916ae86b926cb26522d979cbf14cc54ec7927,,same transaction contains inbound payment to royalty wallet and secondary ERC721 Transfer from collection,high,Heuristic match; can include false positives/negatives if marketplace routing is non-standard.
0x87ada5157b2267645779a9b9d8a488461b384320d6ca3d49d36b0c3bcb086ce4,68867407,1776492534,0x40Ea55E0b8f02f8eBc9D91e082e202ed988647fA,MON,250000000000000000000,250,0x200723A706de0013316E5cd8EBa2b3f53DD90c29,456,0x1bec415123333c796008c78eb0b8cc6bdc447d6b,0xb90c0e83f27d34fd838682da1fe7ea0c00bfa251,,same transaction contains inbound payment to royalty wallet and secondary ERC721 Transfer from collection,high,Heuristic match; can include false positives/negatives if marketplace routing is non-standard.
0x7c2287472ee68f3f4d3c48b5d21f0ca8c9cdeea69fb711ab8d9857addf95fc1c,68895057,1776503794,0x40Ea55E0b8f02f8eBc9D91e082e202ed988647fA,MON,315000000000000000000,315,0x200723A706de0013316E5cd8EBa2b3f53DD90c29,744|306,0xf26dc4b22cd8227e45b81cd5f0105d9c7f058bdd|0xc9914b30ec2bea3d567d70c3a99f845e91e17346,0xcbb98f47d3e2eb6ae4aa1b3a51485a192e3ccef2|0xcbb98f47d3e2eb6ae4aa1b3a51485a192e3ccef2,,same transaction contains inbound payment to royalty wallet and secondary ERC721 Transfer from collection,high,Heuristic match; can include false positives/negatives if marketplace routing is non-standard.
0x72d6c818a72e20396ff6e38a8196793780d3258fb1055505c3a404ea24b8a8b6,68919780,1776513804,0x40Ea55E0b8f02f8eBc9D91e082e202ed988647fA,MON,1600000000000000000000,1600,0x200723A706de0013316E5cd8EBa2b3f53DD90c29,605,0x29abbdea47c7919d5ecf5c8310abe3f7a860ec22,0x1bb3ea2b525feee67271778336b8b9b813273d5e,,same transaction contains inbound payment to royalty wallet and secondary ERC721 Transfer from collection,high,Heuristic match; can include false positives/negatives if marketplace routing is non-standard.
0x3f11c4d8a4184babbbc814c340316c8a11ee98e215ce81b8d2abd6a31fd016b3,68949642,1776525905,0x40Ea55E0b8f02f8eBc9D91e082e202ed988647fA,MON,344400000000000000000,344.4,0x200723A706de0013316E5cd8EBa2b3f53DD90c29,583,0xba502f2993559fb55e0e8db511c6e5d72d5d6156,0x7baae4eab0e08ebb47f0b39acd77e390d4f321cf,,same transaction contains inbound payment to royalty wallet and secondary ERC721 Transfer from collection,high,Heuristic match; can include false positives/negatives if marketplace routing is non-standard.
0x2420b102405a9f4764dba337c572b1750d1ff4d066f677a241e4d1a2e87a1192,68953426,1776527435,0x40Ea55E0b8f02f8eBc9D91e082e202ed988647fA,MON,348400000000000000000,348.4,0x200723A706de0013316E5cd8EBa2b3f53DD90c29,1012,0xf26dc4b22cd8227e45b81cd5f0105d9c7f058bdd,0x34389a1cea6513641699ce33f570032e9265967c,,same transaction contains inbound payment to royalty wallet and secondary ERC721 Transfer from collection,high,Heuristic match; can include false positives/negatives if marketplace routing is non-standard.
0x730751cd577c4aac6a58e618bb1aede07f45bcc340455edafee4a2fab9507df2,68953824,1776527598,0x40Ea55E0b8f02f8eBc9D91e082e202ed988647fA,MON,425000000000000000000,425,0x200723A706de0013316E5cd8EBa2b3f53DD90c29,581,0x6d2cea496ba329a0ce2a8e58719fc162c3d82c04,0xaaee51ea01fc76261f2be9202271d0183e53f522,,same transaction contains inbound payment to royalty wallet and secondary ERC721 Transfer from collection,high,Heuristic match; can include false positives/negatives if marketplace routing is non-standard.
0xa2a5ea1fb6498ac9fedc86fc7b902f3bd040144373322e38e6a3a7677bdd6a02,68955064,1776528104,0x40Ea55E0b8f02f8eBc9D91e082e202ed988647fA,MON,444400000000000000000,444.4,0x200723A706de0013316E5cd8EBa2b3f53DD90c29,654,0x7baae4eab0e08ebb47f0b39acd77e390d4f321cf,0xaaee51ea01fc76261f2be9202271d0183e53f522,,same transaction contains inbound payment to royalty wallet and secondary ERC721 Transfer from collection,high,Heuristic match; can include false positives/negatives if marketplace routing is non-standard.
0x4d009a8702e22c65cfb441a539c2f30e3d1a8e02f8c33189b30f62fc06f5efc7,68974323,1776535911,0x40Ea55E0b8f02f8eBc9D91e082e202ed988647fA,MON,2216650000000000000000,2216.65,0x200723A706de0013316E5cd8EBa2b3f53DD90c29,244,0x6d30a53fb02776e06aef8382acd6827c94f044e4,0x52081a6912cfa64968999fbeb31387446a49b207,,same transaction contains inbound payment to royalty wallet and secondary ERC721 Transfer from collection,high,Heuristic match; can include false positives/negatives if marketplace routing is non-standard.
0x2070d0cc91f53e0caaa24f157349a6343e1e13ea83daaf137281afbd625d5fb8,69001569,1776546945,0x40Ea55E0b8f02f8eBc9D91e082e202ed988647fA,MON,500000000000000000000,500,0x200723A706de0013316E5cd8EBa2b3f53DD90c29,619,0xd96d9632e578cbd985674a93224da24275c174a7,0x1b1dc19d7dcc7c69675445cfe827d26d3f3a10d0,,same transaction contains inbound payment to royalty wallet and secondary ERC721 Transfer from collection,high,Heuristic match; can include false positives/negatives if marketplace routing is non-standard.
0x352335e3a81da39957b51666cc565716a4c8d9c1a2f2c95685d0a477de81e48b,69083522,1776580159,0x40Ea55E0b8f02f8eBc9D91e082e202ed988647fA,MON,530000000000000000000,530,0x200723A706de0013316E5cd8EBa2b3f53DD90c29,427,0xfe901b94b4768acff49e707e0003a7674816e840,0xd6d22bdbad8fcb8cbf6d29b9bf948dedd8e8bd9d,,same transaction contains inbound payment to royalty wallet and secondary ERC721 Transfer from collection,high,Heuristic match; can include false positives/negatives if marketplace routing is non-standard.
0x59fbc4cf411e5c28d8343725357d6ec2ca1122e0c33ae971d867f495f9f1e167,69085610,1776581007,0x40Ea55E0b8f02f8eBc9D91e082e202ed988647fA,WMON,362750000000000000000,362.75,0x200723A706de0013316E5cd8EBa2b3f53DD90c29,264,0xd7ade327695d06a1d34f8eee0b7d0dd61d6741fe,0x0c3ba44707314e6801413e7ab80c5122663cff7c,,same transaction contains inbound payment to royalty wallet and secondary ERC721 Transfer from collection,high,Heuristic match; can include false positives/negatives if marketplace routing is non-standard.
0x9e03c4a6e10c0b69bd745f036d16c6f1fedffb0a5115bb48f889bf9d85419fdb,69104656,1776588724,0x40Ea55E0b8f02f8eBc9D91e082e202ed988647fA,MON,725000000000000000000,725,0x200723A706de0013316E5cd8EBa2b3f53DD90c29,508,0xaf9a1b73db97a0ff2c5c5e5527c25aad0e09a3e2,0xa1ece224be27c895dffe0db939615e0420982455,,same transaction contains inbound payment to royalty wallet and secondary ERC721 Transfer from collection,high,Heuristic match; can include false positives/negatives if marketplace routing is non-standard.
0x3ba42a65b6f5295d761aa0398126c3021e4ce43135f77ffce5719f91b1e0fe9d,69155284,1776609249,0x40Ea55E0b8f02f8eBc9D91e082e202ed988647fA,MON,499850000000000000000,499.85,0x200723A706de0013316E5cd8EBa2b3f53DD90c29,794,0x4c3c7bba317d83317bcc861714b74dccefac0d15,0x7baae4eab0e08ebb47f0b39acd77e390d4f321cf,,same transaction contains inbound payment to royalty wallet and secondary ERC721 Transfer from collection,high,Heuristic match; can include false positives/negatives if marketplace routing is non-standard.
0x5b6cfa6c447caed298e4322a12f572ab76f59d2da07eef8fc6b1f8f6e2935f63,69169184,1776614885,0x40Ea55E0b8f02f8eBc9D91e082e202ed988647fA,MON,499950000000000000000,499.95,0x200723A706de0013316E5cd8EBa2b3f53DD90c29,917,0x545ef910c6cbb97ee0df691c4a952f7d024d392b,0xb850a0a856055d9f2ae6d7355f2e07a00a3cc646,,same transaction contains inbound payment to royalty wallet and secondary ERC721 Transfer from collection,high,Heuristic match; can include false positives/negatives if marketplace routing is non-standard.
0x803498898148390e76cb78948ecb65b7231a8a457fa28fc00763ca11cf280b37,69173761,1776616748,0x40Ea55E0b8f02f8eBc9D91e082e202ed988647fA,MON,499950000000000000000,499.95,0x200723A706de0013316E5cd8EBa2b3f53DD90c29,385|262|757|686|876,0x7baae4eab0e08ebb47f0b39acd77e390d4f321cf|0x11f33f8d3efdbf6fd552fb7c4dd56b82dabe8b14|0x79e494897199664726a8e9b6a7be3b49a42e0fca|0x545ef910c6cbb97ee0df691c4a952f7d024d392b|0x17cfd7f0df17ffca51800b8e28fd3b8252dd3208,0x891f52713e75e8067c5ba9738f4d73e786151bee|0x891f52713e75e8067c5ba9738f4d73e786151bee|0x891f52713e75e8067c5ba9738f4d73e786151bee|0x891f52713e75e8067c5ba9738f4d73e786151bee|0x891f52713e75e8067c5ba9738f4d73e786151bee,,same transaction contains inbound payment to royalty wallet and secondary ERC721 Transfer from collection,high,Heuristic match; can include false positives/negatives if marketplace routing is non-standard.
0x94bcb74fe1da0b4b2793a13c5458623b42aab4632ace00c7901becab04850ea5,69181055,1776619712,0x40Ea55E0b8f02f8eBc9D91e082e202ed988647fA,MON,750000000000000000000,750,0x200723A706de0013316E5cd8EBa2b3f53DD90c29,778,0x7284c43a849985cc59c777b16fc040bfb4ffe0e1,0x34389a1cea6513641699ce33f570032e9265967c,,same transaction contains inbound payment to royalty wallet and secondary ERC721 Transfer from collection,high,Heuristic match; can include false positives/negatives if marketplace routing is non-standard.
0xb565cc878fc40c4e7f651231ecb05b4b8426e0639ef0e76aff7313a77df8c858,69187088,1776622161,0x40Ea55E0b8f02f8eBc9D91e082e202ed988647fA,MON,725000000000000000000,725,0x200723A706de0013316E5cd8EBa2b3f53DD90c29,283,0xd8889a2b6e87f7d7c01cfd8417b1655324894687,0x34389a1cea6513641699ce33f570032e9265967c,,same transaction contains inbound payment to royalty wallet and secondary ERC721 Transfer from collection,high,Heuristic match; can include false positives/negatives if marketplace routing is non-standard.
0x0cd70f4a76d89719281dcdc75588a655d5c92d2c2ab047e8ff75aaad081c6574,69207423,1776630386,0x40Ea55E0b8f02f8eBc9D91e082e202ed988647fA,MON,1650000000000000000000,1650,0x200723A706de0013316E5cd8EBa2b3f53DD90c29,694,0xf12db46c295821ae4a0cff95cd0691544c8b3009,0xa66db1785e461e759ba3040e5332547413c21d3e,,same transaction contains inbound payment to royalty wallet and secondary ERC721 Transfer from collection,high,Heuristic match; can include false positives/negatives if marketplace routing is non-standard.
0xca29f7e1d73464667a2dbe038c9f532c6413147ac1446519e387bd2b706a9136,69225179,1776637595,0x40Ea55E0b8f02f8eBc9D91e082e202ed988647fA,MON,700000000000000000000,700,0x200723A706de0013316E5cd8EBa2b3f53DD90c29,259,0x18e7f1f323d2ae611cc7389f332eb3c1dfd610ba,0xc6507b7dfae484aaa78fe8627280a5dd28dca7db,,same transaction contains inbound payment to royalty wallet and secondary ERC721 Transfer from collection,high,Heuristic match; can include false positives/negatives if marketplace routing is non-standard.
0xf40032f59a5b0df1f6017b0efcdf0be711106592dc400577fecb1902dc72d60d,69509866,1776751671,0x40Ea55E0b8f02f8eBc9D91e082e202ed988647fA,WMON,465001000000000000000,465.001,0x200723A706de0013316E5cd8EBa2b3f53DD90c29,810,0xc0e671e2bc936d163b7e9f6c08ae2e5ed548b0ab,0x0c3ba44707314e6801413e7ab80c5122663cff7c,,same transaction contains inbound payment to royalty wallet and secondary ERC721 Transfer from collection,high,Heuristic match; can include false positives/negatives if marketplace routing is non-standard.
0x9d88468b93a2a467a2daa902c8df82d1dfd46a0a22963b6b0a0b16a848e4dc33,69586370,1776782236,0x40Ea55E0b8f02f8eBc9D91e082e202ed988647fA,MON,600000000000000000000,600,0x200723A706de0013316E5cd8EBa2b3f53DD90c29,930,0x59c1bd6c122c6615ece5e02bbdc04b87b10d81a1,0x7284c43a849985cc59c777b16fc040bfb4ffe0e1,,same transaction contains inbound payment to royalty wallet and secondary ERC721 Transfer from collection,high,Heuristic match; can include false positives/negatives if marketplace routing is non-standard.
0x51cb33dada1741d9dc60f387c0a0d5ad2fcbba9ff48d95fdc04079b943d5feef,69713267,1776832987,0x40Ea55E0b8f02f8eBc9D91e082e202ed988647fA,WMON,2470402000000000000000,2470.402,0x200723A706de0013316E5cd8EBa2b3f53DD90c29,779|585|781|775|295|487,0x4e4aac9fe63d4ff50c8b09d79448a6a39baa97ef|0x4e4aac9fe63d4ff50c8b09d79448a6a39baa97ef|0x4e4aac9fe63d4ff50c8b09d79448a6a39baa97ef|0x4e4aac9fe63d4ff50c8b09d79448a6a39baa97ef|0x4e4aac9fe63d4ff50c8b09d79448a6a39baa97ef|0x4e4aac9fe63d4ff50c8b09d79448a6a39baa97ef,0xb8898bb87b07bac7ba9c2268e6d0640d5a208a7a|0xc2e7db77bd07a8d91534970e7ce8fe71e7c6b26d|0x9ee7ac5bcd6ace77f1861c8dbb7845967e9b9b46|0x27bba99469653f80efd8e3d23ba224d8db1e0851|0xa82bb5309b66a951bbc05c3ae287e9c7b16a8163|0xacb6ede75f65b88dd4d015f38a9d298f61b151dd,,same transaction contains inbound payment to royalty wallet and secondary ERC721 Transfer from collection,high,Heuristic match; can include false positives/negatives if marketplace routing is non-standard.
0x5013843be014ef470dd87b59e895ffecf5da378867ca051e887c6efea2de1650,70013687,1776953054,0x40Ea55E0b8f02f8eBc9D91e082e202ed988647fA,MON,434499000000000000000,434.499,0x200723A706de0013316E5cd8EBa2b3f53DD90c29,315,0xe6a2d99f1150a8c95c0542360feafca509774bc8,0x34c4a49290490b8e8051709cafb4f42824eef399,,same transaction contains inbound payment to royalty wallet and secondary ERC721 Transfer from collection,high,Heuristic match; can include false positives/negatives if marketplace routing is non-standard.
0xe3fd8b44208b9d280a5a4e29e8e05db1694d0f76d1b310bcf827c38ce738851a,70068538,1776974971,0x40Ea55E0b8f02f8eBc9D91e082e202ed988647fA,WMON,367500000000000000000,367.5,0x200723A706de0013316E5cd8EBa2b3f53DD90c29,756,0x2d4700d79fe17388d6832821142ad0b2d240f447,0xc6507b7dfae484aaa78fe8627280a5dd28dca7db,,same transaction contains inbound payment to royalty wallet and secondary ERC721 Transfer from collection,high,Heuristic match; can include false positives/negatives if marketplace routing is non-standard.
0x4915635b0c6b72d2f230a0063ade7638caef3ffceeef25b7f63378e50f9c873d,70109491,1776991340,0x40Ea55E0b8f02f8eBc9D91e082e202ed988647fA,MON,429899000000000000000,429.899,0x200723A706de0013316E5cd8EBa2b3f53DD90c29,459,0xe6a2d99f1150a8c95c0542360feafca509774bc8,0x8387d9a00976b07ebc3d0eb029ef833a405c2ca8,,same transaction contains inbound payment to royalty wallet and secondary ERC721 Transfer from collection,high,Heuristic match; can include false positives/negatives if marketplace routing is non-standard.
0x1ac43835d61d6b99014f62cea523469d89a3394eb95386f6a5f1a4569acd28b1,70274601,1777057293,0x40Ea55E0b8f02f8eBc9D91e082e202ed988647fA,WMON,350000000000000000000,350,0x200723A706de0013316E5cd8EBa2b3f53DD90c29,851,0x8f50d2652128969c76bf4c06bdb519ef95757308,0x5a3f24151434d3125b2dfde4f3491e35ff2bf4cd,,same transaction contains inbound payment to royalty wallet and secondary ERC721 Transfer from collection,high,Heuristic match; can include false positives/negatives if marketplace routing is non-standard.
0x495a87853f1ded558feefb151a35cc1f6456a0f419686c57c4f6e76b04d0fdad,70447356,1777126342,0x40Ea55E0b8f02f8eBc9D91e082e202ed988647fA,MON,349999000000000000000,349.999,0x200723A706de0013316E5cd8EBa2b3f53DD90c29,249,0xe6a2d99f1150a8c95c0542360feafca509774bc8,0x5a3f24151434d3125b2dfde4f3491e35ff2bf4cd,,same transaction contains inbound payment to royalty wallet and secondary ERC721 Transfer from collection,high,Heuristic match; can include false positives/negatives if marketplace routing is non-standard.
0x1fee32020269c90aa15e3e2eddb8a67ced586d59060a1489c1e4855bd59dbb60,70507983,1777150566,0x40Ea55E0b8f02f8eBc9D91e082e202ed988647fA,WMON,360001000000000000000,360.001,0x200723A706de0013316E5cd8EBa2b3f53DD90c29,305,0xaeb09ed3407a354f1a63e82953a26fe8f2fcc261,0xe6a2d99f1150a8c95c0542360feafca509774bc8,,same transaction contains inbound payment to royalty wallet and secondary ERC721 Transfer from collection,high,Heuristic match; can include false positives/negatives if marketplace routing is non-standard.
0x39e362a786ded8151c559492a16c7ce2f724c188a019b5e264505cd2d3e2efa6,70548310,1777166698,0x40Ea55E0b8f02f8eBc9D91e082e202ed988647fA,WMON,335027500000000000000,335.0275,0x200723A706de0013316E5cd8EBa2b3f53DD90c29,971,0xac7e496cab7166be2a60d36e06b029608800f3e5,0x42626cd748d67d5c2c27f3afaadc3bea28a7ea82,,same transaction contains inbound payment to royalty wallet and secondary ERC721 Transfer from collection,high,Heuristic match; can include false positives/negatives if marketplace routing is non-standard.
0xe7fd4fb35e884cd0c75731c782ca53466ba5e0fbb6e140a0ea476e1423038f24,70596094,1777185795,0x40Ea55E0b8f02f8eBc9D91e082e202ed988647fA,MON,364999000000000000000,364.999,0x200723A706de0013316E5cd8EBa2b3f53DD90c29,305,0xe6a2d99f1150a8c95c0542360feafca509774bc8,0x9e83af29ac55bee937fbec87da0030f4fd4bc166,,same transaction contains inbound payment to royalty wallet and secondary ERC721 Transfer from collection,high,Heuristic match; can include false positives/negatives if marketplace routing is non-standard.
0x7f09b704053e569aba862c8372f32aea372a2006ebec64ee4d900221d3f9f094,70789503,1777263059,0x40Ea55E0b8f02f8eBc9D91e082e202ed988647fA,MON,374999000000000000000,374.999,0x200723A706de0013316E5cd8EBa2b3f53DD90c29,971,0xe6a2d99f1150a8c95c0542360feafca509774bc8,0x2f23158efc11c579d2bd5b479b84dc5da1807da5,,same transaction contains inbound payment to royalty wallet and secondary ERC721 Transfer from collection,high,Heuristic match; can include false positives/negatives if marketplace routing is non-standard.
0xc6927d854de6032e335ca56c21a9d2f3c6ee1fc1fe93ea5cdef12125df626d90,70976296,1777337704,0x40Ea55E0b8f02f8eBc9D91e082e202ed988647fA,WMON,340010000000000000000,340.01,0x200723A706de0013316E5cd8EBa2b3f53DD90c29,772,0xbc6cbc95d86a6a9537375640fbc0cf0db8024268,0xe786b4e761a032f4cea9b0a11ed36e5ae6b48c79,,same transaction contains inbound payment to royalty wallet and secondary ERC721 Transfer from collection,high,Heuristic match; can include false positives/negatives if marketplace routing is non-standard.
0x765123dd886eb1ad03b47c6478f88836e32b17e97d1c562f42dc759f8d64b33b,70994560,1777345002,0x40Ea55E0b8f02f8eBc9D91e082e202ed988647fA,WMON,340400000000000000000,340.4,0x200723A706de0013316E5cd8EBa2b3f53DD90c29,894,0xc15d6e60323bd35c4b41d6ef8a42a60b52058576,0x42626cd748d67d5c2c27f3afaadc3bea28a7ea82,,same transaction contains inbound payment to royalty wallet and secondary ERC721 Transfer from collection,high,Heuristic match; can include false positives/negatives if marketplace routing is non-standard.
0x5d3344ff696dfeb10b39f2f62cee040517aa77fedd9c6721d9c98125e60a191a,71013966,1777352752,0x40Ea55E0b8f02f8eBc9D91e082e202ed988647fA,WMON,367500000000000000000,367.5,0x200723A706de0013316E5cd8EBa2b3f53DD90c29,469,0x1ebd439700d6698f9870893650d1da0abe328907,0xc6507b7dfae484aaa78fe8627280a5dd28dca7db,,same transaction contains inbound payment to royalty wallet and secondary ERC721 Transfer from collection,high,Heuristic match; can include false positives/negatives if marketplace routing is non-standard.
0xee6977b4cbc5536de6b20761778e1a7032ec0884a790074475eccbc81a8f8690,71107122,1777389982,0x40Ea55E0b8f02f8eBc9D91e082e202ed988647fA,WMON,344400000000000000000,344.4,0x200723A706de0013316E5cd8EBa2b3f53DD90c29,856,0xbc6cbc95d86a6a9537375640fbc0cf0db8024268,0x5935ba4be0d2abe85f5d8fbeb89325ef281f12fc,,same transaction contains inbound payment to royalty wallet and secondary ERC721 Transfer from collection,high,Heuristic match; can include false positives/negatives if marketplace routing is non-standard.
0xf2d2f2a2ac6c8a1aad74bc7ed78a85f27be3e58018846e03ea46f7d99b9aeec8,71131280,1777399645,0x40Ea55E0b8f02f8eBc9D91e082e202ed988647fA,MON,349999000000000000000,349.999,0x200723A706de0013316E5cd8EBa2b3f53DD90c29,883,0xe6a2d99f1150a8c95c0542360feafca509774bc8,0x81c6a442bfb0eccd4ce1725814ef0127a7feedb7,,same transaction contains inbound payment to royalty wallet and secondary ERC721 Transfer from collection,high,Heuristic match; can include false positives/negatives if marketplace routing is non-standard.
0x95d5ff195bd3692c914130fc4cc942dd10dc9bb9ba54d503b0eeb94cd9d9e6d6,71289108,1777462649,0x40Ea55E0b8f02f8eBc9D91e082e202ed988647fA,MON,394999000000000000000,394.999,0x200723A706de0013316E5cd8EBa2b3f53DD90c29,700,0xe6a2d99f1150a8c95c0542360feafca509774bc8,0x6d2cea496ba329a0ce2a8e58719fc162c3d82c04,,same transaction contains inbound payment to royalty wallet and secondary ERC721 Transfer from collection,high,Heuristic match; can include false positives/negatives if marketplace routing is non-standard.
0x60e15690d4e803484a54a1da8d4d0e9481dbbfb7bdadf185864c6b2d4c728b39,71314188,1777472671,0x40Ea55E0b8f02f8eBc9D91e082e202ed988647fA,WMON,328000000000000000000,328,0x200723A706de0013316E5cd8EBa2b3f53DD90c29,305,0x9e83af29ac55bee937fbec87da0030f4fd4bc166,0x42626cd748d67d5c2c27f3afaadc3bea28a7ea82,,same transaction contains inbound payment to royalty wallet and secondary ERC721 Transfer from collection,high,Heuristic match; can include false positives/negatives if marketplace routing is non-standard.
0x2320798e990c00f805133142087323a9f5effacbac520d0f3f035d57778dbd2d,71563674,1777572659,0x40Ea55E0b8f02f8eBc9D91e082e202ed988647fA,MON,445000000000000000000,445,0x200723A706de0013316E5cd8EBa2b3f53DD90c29,284,0xaf9a1b73db97a0ff2c5c5e5527c25aad0e09a3e2,0x16de92aaac3c5919559b97d33629d6a4d954526d,,same transaction contains inbound payment to royalty wallet and secondary ERC721 Transfer from collection,high,Heuristic match; can include false positives/negatives if marketplace routing is non-standard.
0x90a096ef9ad92ca8dee6849c5c2fdb961408514fb5163a5c0ef09e1b1e8e678d,71594644,1777585028,0x40Ea55E0b8f02f8eBc9D91e082e202ed988647fA,MON,2750000000000000000000,2750,0x200723A706de0013316E5cd8EBa2b3f53DD90c29,749,0x06046a4b4474ceb2dd43fcbd3f46688c33c46c64,0x2598cd5553de991eb8e948e7400c02814f529c01,,same transaction contains inbound payment to royalty wallet and secondary ERC721 Transfer from collection,high,Heuristic match; can include false positives/negatives if marketplace routing is non-standard.
0xc95172774e3cfe9a513c6ff0c86996e0859b5d1c7d89ab3d845863dee45a9375,71740695,1777643359,0x40Ea55E0b8f02f8eBc9D91e082e202ed988647fA,MON,349799000000000000000,349.799,0x200723A706de0013316E5cd8EBa2b3f53DD90c29,925,0xe6a2d99f1150a8c95c0542360feafca509774bc8,0x79f839e1224f4123ed36f0d47365c0f35a22c30b,,same transaction contains inbound payment to royalty wallet and secondary ERC721 Transfer from collection,high,Heuristic match; can include false positives/negatives if marketplace routing is non-standard.
0xba1544722217337915a94dca0e1bf81b1fca5f4fa742f44a2e0c9303678d3bd2,71822126,1777675908,0x40Ea55E0b8f02f8eBc9D91e082e202ed988647fA,MON,389449000000000000000,389.449,0x200723A706de0013316E5cd8EBa2b3f53DD90c29,145,0xe6a2d99f1150a8c95c0542360feafca509774bc8,0xccb80763b932d03a6c5f0c4877f54b9992cb9ed4,,same transaction contains inbound payment to royalty wallet and secondary ERC721 Transfer from collection,high,Heuristic match; can include false positives/negatives if marketplace routing is non-standard.
0x8a251b568823ef4d27b7a4e5f1b87c371dfca9c2886af5c87fec7e3a845e68a4,71978657,1777738435,0x40Ea55E0b8f02f8eBc9D91e082e202ed988647fA,WMON,355051000000000000000,355.051,0x200723A706de0013316E5cd8EBa2b3f53DD90c29,853,0xbc6cbc95d86a6a9537375640fbc0cf0db8024268,0xe6a2d99f1150a8c95c0542360feafca509774bc8,,same transaction contains inbound payment to royalty wallet and secondary ERC721 Transfer from collection,high,Heuristic match; can include false positives/negatives if marketplace routing is non-standard.
0x27d51190d4f4d90cb52c91fc502fe96250e69e36a14a5d7f379b1a278583af28,72089856,1777782829,0x40Ea55E0b8f02f8eBc9D91e082e202ed988647fA,MON,361999000000000000000,361.999,0x200723A706de0013316E5cd8EBa2b3f53DD90c29,853,0xe6a2d99f1150a8c95c0542360feafca509774bc8,0x3f2b7ee994fc0448b06215bff098f29c6b73cb54,,same transaction contains inbound payment to royalty wallet and secondary ERC721 Transfer from collection,high,Heuristic match; can include false positives/negatives if marketplace routing is non-standard.
0x4a9974bb0335ae12134af147c6c503e5067db3b1a9c1eb2f97132af30528289d,72126845,1777797597,0x40Ea55E0b8f02f8eBc9D91e082e202ed988647fA,MON,349999000000000000000,349.999,0x200723A706de0013316E5cd8EBa2b3f53DD90c29,795,0xe6a2d99f1150a8c95c0542360feafca509774bc8,0xc35b0b63fbbabbe889fd9f22aa6ec0fba6961dd0,,same transaction contains inbound payment to royalty wallet and secondary ERC721 Transfer from collection,high,Heuristic match; can include false positives/negatives if marketplace routing is non-standard.
0x44195a3d234daaeef1ba7c39ada152f0238574410a2964c345c0e5e5047e3817,72254970,1777849117,0x40Ea55E0b8f02f8eBc9D91e082e202ed988647fA,WMON,330001000000000000000,330.001,0x200723A706de0013316E5cd8EBa2b3f53DD90c29,933,0xbc6cbc95d86a6a9537375640fbc0cf0db8024268,0x84f6fdad487ed45bd8d8dc8ea72bcc8562da27ce,,same transaction contains inbound payment to royalty wallet and secondary ERC721 Transfer from collection,high,Heuristic match; can include false positives/negatives if marketplace routing is non-standard.
0x25a9826d84f45d98630eb434b94a20cddb53172d3d4311ac3ee4a492290a8e89,72255018,1777849136,0x40Ea55E0b8f02f8eBc9D91e082e202ed988647fA,WMON,330000000000000000000,330,0x200723A706de0013316E5cd8EBa2b3f53DD90c29,790,0xbc6cbc95d86a6a9537375640fbc0cf0db8024268,0xaf9a1b73db97a0ff2c5c5e5527c25aad0e09a3e2,,same transaction contains inbound payment to royalty wallet and secondary ERC721 Transfer from collection,high,Heuristic match; can include false positives/negatives if marketplace routing is non-standard.
0x076cc474c8ae3fca7d363d9092241782e965f475ba8ae71ba0eff4d4eda4db84,72262051,1777851972,0x40Ea55E0b8f02f8eBc9D91e082e202ed988647fA,MON,349849000000000000000,349.849,0x200723A706de0013316E5cd8EBa2b3f53DD90c29,335,0xe6a2d99f1150a8c95c0542360feafca509774bc8,0x5a6f85be749f6f8f8f61f667212bb9b26347fb26,,same transaction contains inbound payment to royalty wallet and secondary ERC721 Transfer from collection,high,Heuristic match; can include false positives/negatives if marketplace routing is non-standard.
0xe5ca264751d44ed7830faf25b8896c89da6f01f5fe352395026c571a50ae4a3c,72264161,1777852825,0x40Ea55E0b8f02f8eBc9D91e082e202ed988647fA,WMON,280054500000000000000,280.0545,0x200723A706de0013316E5cd8EBa2b3f53DD90c29,572,0x9e83af29ac55bee937fbec87da0030f4fd4bc166,0x4efca7cc8058d5acd2bb2ccd2a9430906291cdd6,,same transaction contains inbound payment to royalty wallet and secondary ERC721 Transfer from collection,high,Heuristic match; can include false positives/negatives if marketplace routing is non-standard.
0x409ca09d91f87e40ee9e03623c2b0d9be503343503b4a2e03fd8d21f956cadd3,72479433,1777938980,0x40Ea55E0b8f02f8eBc9D91e082e202ed988647fA,WMON,205002000000000000000,205.002,0x200723A706de0013316E5cd8EBa2b3f53DD90c29,835,0x8111aad3b7e46d3d2531474c7ecba68177d1a5f5,0xb8898bb87b07bac7ba9c2268e6d0640d5a208a7a,,same transaction contains inbound payment to royalty wallet and secondary ERC721 Transfer from collection,high,Heuristic match; can include false positives/negatives if marketplace routing is non-standard.
0x532ac3063a9f049fccd565e7218e7049f43ca9a75cc68c7607a2a273ba0ee63a,72561509,1777971764,0x40Ea55E0b8f02f8eBc9D91e082e202ed988647fA,WMON,250051000000000000000,250.051,0x200723A706de0013316E5cd8EBa2b3f53DD90c29,479,0xda508b0324ea1b330c0e0cf85ab09909e83e336a,0xe6a2d99f1150a8c95c0542360feafca509774bc8,,same transaction contains inbound payment to royalty wallet and secondary ERC721 Transfer from collection,high,Heuristic match; can include false positives/negatives if marketplace routing is non-standard.
0x0a28e91babd0c9188f01f1c4fcb6e50d25a57f6137df025bfed39cf96dc816de,72587628,1777982206,0x40Ea55E0b8f02f8eBc9D91e082e202ed988647fA,MON,294817500000000000000,294.8175,0x200723A706de0013316E5cd8EBa2b3f53DD90c29,479,0xe6a2d99f1150a8c95c0542360feafca509774bc8,0x9a1452b82f7a4f5e6b3895af56bc70c31cbc0d1c,,same transaction contains inbound payment to royalty wallet and secondary ERC721 Transfer from collection,high,Heuristic match; can include false positives/negatives if marketplace routing is non-standard.
0xac661516ea3046a8c2ea8045c313907c2dfc908577ba83c2d4412b4b5d0f870a,72707346,1778030058,0x40Ea55E0b8f02f8eBc9D91e082e202ed988647fA,WMON,257901000000000000000,257.901,0x200723A706de0013316E5cd8EBa2b3f53DD90c29,370,0x4f2a7538a0f1d294348c8f25e8d223ff13b22918,0xe6a2d99f1150a8c95c0542360feafca509774bc8,,same transaction contains inbound payment to royalty wallet and secondary ERC721 Transfer from collection,high,Heuristic match; can include false positives/negatives if marketplace routing is non-standard.
0x2f2e3bc8ee7e1ee0bcbaa60cb27e3df6346a684a51a164d479084098d1ee5b69,72731479,1778039692,0x40Ea55E0b8f02f8eBc9D91e082e202ed988647fA,MON,279999000000000000000,279.999,0x200723A706de0013316E5cd8EBa2b3f53DD90c29,370,0xe6a2d99f1150a8c95c0542360feafca509774bc8,0x2f23158efc11c579d2bd5b479b84dc5da1807da5,,same transaction contains inbound payment to royalty wallet and secondary ERC721 Transfer from collection,high,Heuristic match; can include false positives/negatives if marketplace routing is non-standard.
0x30f605fc0090d7e64baf33a3f494a8148444d645a5f522a8a2d314ad590bfb2a,72837647,1778082234,0x40Ea55E0b8f02f8eBc9D91e082e202ed988647fA,MON,324700000000000000000,324.7,0x200723A706de0013316E5cd8EBa2b3f53DD90c29,788,0xe6a2d99f1150a8c95c0542360feafca509774bc8,0x60205bab990bf54c701f8850e56bc52446008930,,same transaction contains inbound payment to royalty wallet and secondary ERC721 Transfer from collection,high,Heuristic match; can include false positives/negatives if marketplace routing is non-standard.
0x0e016dab5785b6d821260f9c279efcd64ca8caefad2721669fb8f66c10f96695,73007181,1778149949,0x40Ea55E0b8f02f8eBc9D91e082e202ed988647fA,MON,270599000000000000000,270.599,0x200723A706de0013316E5cd8EBa2b3f53DD90c29,433,0xe6a2d99f1150a8c95c0542360feafca509774bc8,0xc35b0b63fbbabbe889fd9f22aa6ec0fba6961dd0,,same transaction contains inbound payment to royalty wallet and secondary ERC721 Transfer from collection,high,Heuristic match; can include false positives/negatives if marketplace routing is non-standard.
0x7f4631c3744f2817139ffa688194b905562a91a4b217ac42c2480db42538787a,73041171,1778163511,0x40Ea55E0b8f02f8eBc9D91e082e202ed988647fA,WMON,270500000000000000000,270.5,0x200723A706de0013316E5cd8EBa2b3f53DD90c29,812,0xa39c3d37d75bf29a063122d89bb8a0ead30ddbe6,0xdb9f87b2caad07f89a6730a57013d5ccaf615fea,,same transaction contains inbound payment to royalty wallet and secondary ERC721 Transfer from collection,high,Heuristic match; can include false positives/negatives if marketplace routing is non-standard.
0x08845ed97f18766d9a140cf709ce7cd5a576da581fe6cace0b88e576715c31fa,73518521,1778354073,0x40Ea55E0b8f02f8eBc9D91e082e202ed988647fA,MON,294999000000000000000,294.999,0x200723A706de0013316E5cd8EBa2b3f53DD90c29,692,0xe6a2d99f1150a8c95c0542360feafca509774bc8,0x35030ab4a73f12a8c0dc659ef0efe4b9317092b1,,same transaction contains inbound payment to royalty wallet and secondary ERC721 Transfer from collection,high,Heuristic match; can include false positives/negatives if marketplace routing is non-standard.
0x2914335e9f3fb6939f9d97fb81e7f3a55c4e787cab16a0ac99555ec03c6be6ff,73576500,1778377179,0x40Ea55E0b8f02f8eBc9D91e082e202ed988647fA,WMON,215013500000000000000,215.0135,0x200723A706de0013316E5cd8EBa2b3f53DD90c29,573,0x953a5483fda90a8c3abce1c5fb9a09992feddbc2,0xb8898bb87b07bac7ba9c2268e6d0640d5a208a7a,,same transaction contains inbound payment to royalty wallet and secondary ERC721 Transfer from collection,high,Heuristic match; can include false positives/negatives if marketplace routing is non-standard.
0x7250ba2563220acf8233ee6907debc1349ba8ba5743841bda42a4292311b9fce,73646719,1778405346,0x40Ea55E0b8f02f8eBc9D91e082e202ed988647fA,MON,275000000000000000000,275,0x200723A706de0013316E5cd8EBa2b3f53DD90c29,595,0x4d8e49a2a89cdfa85d4ec02fac47b601ef495748,0xd2792460cfaab43c648c2cd8b3a2766137ae437c,,same transaction contains inbound payment to royalty wallet and secondary ERC721 Transfer from collection,high,Heuristic match; can include false positives/negatives if marketplace routing is non-standard.
0xe755d238646d949063f9916b6b7a3c0a51cd31983c29f10f257f06f96fb49e87,74151199,1778607828,0x40Ea55E0b8f02f8eBc9D91e082e202ed988647fA,MON,247496000000000000000,247.496,0x200723A706de0013316E5cd8EBa2b3f53DD90c29,957,0xe6a2d99f1150a8c95c0542360feafca509774bc8,0xc6507b7dfae484aaa78fe8627280a5dd28dca7db,,same transaction contains inbound payment to royalty wallet and secondary ERC721 Transfer from collection,high,Heuristic match; can include false positives/negatives if marketplace routing is non-standard.
0xe637f32848fc1beed1c1574c34c6e9ecb10911874ce953217bd8481763f121fc,74497094,1778745889,0x40Ea55E0b8f02f8eBc9D91e082e202ed988647fA,WMON,245755000000000000000,245.755,0x200723A706de0013316E5cd8EBa2b3f53DD90c29,629,0x6d2cea496ba329a0ce2a8e58719fc162c3d82c04,0x2a381618a48d5bc8ae24827c85d9328525347ccc,,same transaction contains inbound payment to royalty wallet and secondary ERC721 Transfer from collection,high,Heuristic match; can include false positives/negatives if marketplace routing is non-standard.
0xce59e1ab2995ed7ba8cbf6fce675aa6711cc1f0dc6c736c21f3d63d4cf88f309,74989951,1778943683,0x40Ea55E0b8f02f8eBc9D91e082e202ed988647fA,WMON,177750000000000000000,177.75,0x200723A706de0013316E5cd8EBa2b3f53DD90c29,856,0x43c85f64b23972cf3a5cfe32391018f0c777aea6,0x15d4be08414cba09173b64206fd0761def77078c,,same transaction contains inbound payment to royalty wallet and secondary ERC721 Transfer from collection,high,Heuristic match; can include false positives/negatives if marketplace routing is non-standard.
0xdde30b0984745f1239946d23fe4c409a9c5636eff19cd370d78b198665eaac1a,75151954,1779008547,0x40Ea55E0b8f02f8eBc9D91e082e202ed988647fA,MON,199986500000000000000,199.9865,0x200723A706de0013316E5cd8EBa2b3f53DD90c29,414,0xe6a2d99f1150a8c95c0542360feafca509774bc8,0xe77a035621f29a1501735aa05fb308671e7a243e,,same transaction contains inbound payment to royalty wallet and secondary ERC721 Transfer from collection,high,Heuristic match; can include false positives/negatives if marketplace routing is non-standard.
0xdff041515ddb2794edb7a5f9799840aa3f566c931a745d598b3819dec3634841,75225616,1779038072,0x40Ea55E0b8f02f8eBc9D91e082e202ed988647fA,WMON,155500000000000000000,155.5,0x200723A706de0013316E5cd8EBa2b3f53DD90c29,1005,0xd7bf06801cb5d3467063dc595b1dca2fbe4f3857,0x84f6fdad487ed45bd8d8dc8ea72bcc8562da27ce,,same transaction contains inbound payment to royalty wallet and secondary ERC721 Transfer from collection,high,Heuristic match; can include false positives/negatives if marketplace routing is non-standard.
0x2649ad44c2b287f177140a9858b8f181f2efd2745ef95bf6b1770ca1b837efb6,75225740,1779038122,0x40Ea55E0b8f02f8eBc9D91e082e202ed988647fA,WMON,155302000000000000000,155.302,0x200723A706de0013316E5cd8EBa2b3f53DD90c29,208,0xd7bf06801cb5d3467063dc595b1dca2fbe4f3857,0x21716be3cc46738fb1c4b5bdb07c76478e08ff18,,same transaction contains inbound payment to royalty wallet and secondary ERC721 Transfer from collection,high,Heuristic match; can include false positives/negatives if marketplace routing is non-standard.
0x6f2fd2a254d6cc2a31282c8f42eb0762fe7df7a7e9ae041105286f053b8f9f15,75225800,1779038147,0x40Ea55E0b8f02f8eBc9D91e082e202ed988647fA,WMON,155303000000000000000,155.303,0x200723A706de0013316E5cd8EBa2b3f53DD90c29,874,0xd7bf06801cb5d3467063dc595b1dca2fbe4f3857,0xe6a2d99f1150a8c95c0542360feafca509774bc8,,same transaction contains inbound payment to royalty wallet and secondary ERC721 Transfer from collection,high,Heuristic match; can include false positives/negatives if marketplace routing is non-standard.
0xcd027e320cc76e5b4516566cc83eca1889ab89b67d4ae9ff967dd1a3b2c684bf,75225858,1779038170,0x40Ea55E0b8f02f8eBc9D91e082e202ed988647fA,WMON,155300000000000000000,155.3,0x200723A706de0013316E5cd8EBa2b3f53DD90c29,614,0xd7bf06801cb5d3467063dc595b1dca2fbe4f3857,0x20125a72302e71fe9d8a91caeb39674e9e8790e5,,same transaction contains inbound payment to royalty wallet and secondary ERC721 Transfer from collection,high,Heuristic match; can include false positives/negatives if marketplace routing is non-standard.
0xdb457d8ae3b6decdca2972b832af19095fd33ea9861b7b6c077c2853d8412e1c,75442651,1779125179,0x40Ea55E0b8f02f8eBc9D91e082e202ed988647fA,MON,348999000000000000000,348.999,0x200723A706de0013316E5cd8EBa2b3f53DD90c29,874|711,0xe6a2d99f1150a8c95c0542360feafca509774bc8|0x059d001c5ab229d0cbf71375a182476c6d1a90a6,0x2f23158efc11c579d2bd5b479b84dc5da1807da5|0x2f23158efc11c579d2bd5b479b84dc5da1807da5,,same transaction contains inbound payment to royalty wallet and secondary ERC721 Transfer from collection,high,Heuristic match; can include false positives/negatives if marketplace routing is non-standard.
0xa099fc04ae5760552cd74d2383078db50d9bb270c0e6eae47081cbd37753ae9b,75444615,1779125962,0x40Ea55E0b8f02f8eBc9D91e082e202ed988647fA,MON,200000000000000000000,200,0x200723A706de0013316E5cd8EBa2b3f53DD90c29,300,0xee43852a07ea26b453e309e02a603c5e328c782b,0x059d001c5ab229d0cbf71375a182476c6d1a90a6,,same transaction contains inbound payment to royalty wallet and secondary ERC721 Transfer from collection,high,Heuristic match; can include false positives/negatives if marketplace routing is non-standard.
0x981c7318feb632d9687d5ef95e1826d2d251f66cfc8bc3c8a8c26f9d1bd276e5,75565054,1779174612,0x40Ea55E0b8f02f8eBc9D91e082e202ed988647fA,WMON,200001000000000000000,200.001,0x200723A706de0013316E5cd8EBa2b3f53DD90c29,621,0xee43852a07ea26b453e309e02a603c5e328c782b,0xe6a2d99f1150a8c95c0542360feafca509774bc8,,same transaction contains inbound payment to royalty wallet and secondary ERC721 Transfer from collection,high,Heuristic match; can include false positives/negatives if marketplace routing is non-standard.
0x854f52e553b72ed92a0763c9e9f7fc24905d1f09fd56d742143154a4260188f0,75570689,1779176862,0x40Ea55E0b8f02f8eBc9D91e082e202ed988647fA,MON,204999000000000000000,204.999,0x200723A706de0013316E5cd8EBa2b3f53DD90c29,621,0xe6a2d99f1150a8c95c0542360feafca509774bc8,0x2b3ccb55a404c0e99add7e3041f76883e22e5e72,,same transaction contains inbound payment to royalty wallet and secondary ERC721 Transfer from collection,high,Heuristic match; can include false positives/negatives if marketplace routing is non-standard.
0x291614d44b6bcee4325dafff65cee9e126550a08f643b6513a270e39ae7a7ce3,76162907,1779413726,0x40Ea55E0b8f02f8eBc9D91e082e202ed988647fA,MON,275024500000000000000,275.0245,0x200723A706de0013316E5cd8EBa2b3f53DD90c29,602,0xe6a2d99f1150a8c95c0542360feafca509774bc8,0x523c6f0fd640055350af22fa5e5b83cd773d6ffd,,same transaction contains inbound payment to royalty wallet and secondary ERC721 Transfer from collection,high,Heuristic match; can include false positives/negatives if marketplace routing is non-standard.
0x1e920b706c2f410f3faf47536fb658f7835c8527b48629509e3dd3558d146310,76199302,1779428256,0x40Ea55E0b8f02f8eBc9D91e082e202ed988647fA,MON,354999000000000000000,354.999,0x200723A706de0013316E5cd8EBa2b3f53DD90c29,757,0xe6a2d99f1150a8c95c0542360feafca509774bc8,0x77fabb24d656cc08153309ca9fd9e9c41c6c2005,,same transaction contains inbound payment to royalty wallet and secondary ERC721 Transfer from collection,high,Heuristic match; can include false positives/negatives if marketplace routing is non-standard.
0x2798fb2534815bb4916b07c363bb912ea594b134b5c6f32cddd9106022b3a456,76411289,1779512966,0x40Ea55E0b8f02f8eBc9D91e082e202ed988647fA,MON,421649000000000000000,421.649,0x200723A706de0013316E5cd8EBa2b3f53DD90c29,187,0xe6a2d99f1150a8c95c0542360feafca509774bc8,0xf224fde44a4585240318bd4b2b3f7119d0316cfb,,same transaction contains inbound payment to royalty wallet and secondary ERC721 Transfer from collection,high,Heuristic match; can include false positives/negatives if marketplace routing is non-standard.
0xf3bec2d15779281d3d50b97bf14d7e907b6f2ca65b1fdbcbe33cdd091ef69270,76445437,1779526597,0x40Ea55E0b8f02f8eBc9D91e082e202ed988647fA,MON,449949000000000000000,449.949,0x200723A706de0013316E5cd8EBa2b3f53DD90c29,595|971,0xe6a2d99f1150a8c95c0542360feafca509774bc8|0x6a55d987b74de7f2a0aaf4ce3d23c08131a6bd4c,0x059d001c5ab229d0cbf71375a182476c6d1a90a6|0x059d001c5ab229d0cbf71375a182476c6d1a90a6,,same transaction contains inbound payment to royalty wallet and secondary ERC721 Transfer from collection,high,Heuristic match; can include false positives/negatives if marketplace routing is non-standard.
0x8e39c1b8c36da139f38a1b0193068a673f396ebb585f7cec7d7072314cdd51da,76536943,1779563152,0x40Ea55E0b8f02f8eBc9D91e082e202ed988647fA,MON,525000000000000000000,525,0x200723A706de0013316E5cd8EBa2b3f53DD90c29,942|217|814,0xb45fcf6e1dab1f15a21449d75f00eef34fa7cb5e|0x6a55d987b74de7f2a0aaf4ce3d23c08131a6bd4c|0x6a55d987b74de7f2a0aaf4ce3d23c08131a6bd4c,0xa65e1afab1822e9df90c278c73973551248bf5ac|0xa65e1afab1822e9df90c278c73973551248bf5ac|0xa65e1afab1822e9df90c278c73973551248bf5ac,,same transaction contains inbound payment to royalty wallet and secondary ERC721 Transfer from collection,high,Heuristic match; can include false positives/negatives if marketplace routing is non-standard.
0x7db2d5b90220c20260dfcd0aed4d22402c95f71219da107e9634442a46831015,76543581,1779565810,0x40Ea55E0b8f02f8eBc9D91e082e202ed988647fA,MON,639950000000000000000,639.95,0x200723A706de0013316E5cd8EBa2b3f53DD90c29,957,0x059d001c5ab229d0cbf71375a182476c6d1a90a6,0xa69e80f995e16abaa5eb76c395bd4e4a1b8fbdbc,,same transaction contains inbound payment to royalty wallet and secondary ERC721 Transfer from collection,high,Heuristic match; can include false positives/negatives if marketplace routing is non-standard.
0xe798afdcf84467478a05eae71e28a91bf9e6d8d88af615edd8c07869055ad8f1,76544718,1779566263,0x40Ea55E0b8f02f8eBc9D91e082e202ed988647fA,MON,710000000000000000000,710,0x200723A706de0013316E5cd8EBa2b3f53DD90c29,383,0xe1da9e3ea9efc074ebffd4d2bed209b370705188,0x7baae4eab0e08ebb47f0b39acd77e390d4f321cf,,same transaction contains inbound payment to royalty wallet and secondary ERC721 Transfer from collection,high,Heuristic match; can include false positives/negatives if marketplace routing is non-standard.
0xdd9c336bffeeb5c861ccad168773c41cbe41ceba5e5f18d925b19254cb824df1,76549995,1779568372,0x40Ea55E0b8f02f8eBc9D91e082e202ed988647fA,MON,710000000000000000000,710,0x200723A706de0013316E5cd8EBa2b3f53DD90c29,853,0x059d001c5ab229d0cbf71375a182476c6d1a90a6,0x8b7695e6e1e8572def96131da1d2a5e63b337ec7,,same transaction contains inbound payment to royalty wallet and secondary ERC721 Transfer from collection,high,Heuristic match; can include false positives/negatives if marketplace routing is non-standard.
0xb3692954971f4c78b5399e8327fe4f6e0a9cfb96b9f4eb7f9dc2002a8865c72f,76559721,1779572266,0x40Ea55E0b8f02f8eBc9D91e082e202ed988647fA,MON,700000000000000000000,700,0x200723A706de0013316E5cd8EBa2b3f53DD90c29,585,0xc2e7db77bd07a8d91534970e7ce8fe71e7c6b26d,0xd38d0345851dd9d83d67311bf084a37fb12609d5,,same transaction contains inbound payment to royalty wallet and secondary ERC721 Transfer from collection,high,Heuristic match; can include false positives/negatives if marketplace routing is non-standard.
0xe57fa2bcdcad307c001ee2efc717e14167c4fb903dbbf4ed6ec83a272cf4afda,76560024,1779572387,0x40Ea55E0b8f02f8eBc9D91e082e202ed988647fA,MON,749950000000000000000,749.95,0x200723A706de0013316E5cd8EBa2b3f53DD90c29,387,0x523c6f0fd640055350af22fa5e5b83cd773d6ffd,0x053b708547b0368c8ee7e1cebb1b87bf48925575,,same transaction contains inbound payment to royalty wallet and secondary ERC721 Transfer from collection,high,Heuristic match; can include false positives/negatives if marketplace routing is non-standard.
0xd0b0ef65c6d05a5b850ea7b81fe710a9072eb103c2184fa58755242cbb58427c,76568114,1779575612,0x40Ea55E0b8f02f8eBc9D91e082e202ed988647fA,MON,750000000000000000000,750,0x200723A706de0013316E5cd8EBa2b3f53DD90c29,909|285|906|815,0x6a55d987b74de7f2a0aaf4ce3d23c08131a6bd4c|0x059d001c5ab229d0cbf71375a182476c6d1a90a6|0x5b771eb0da5a5460cb6c1bc0084db0df8b789955|0x1616c359cc23d3dc1cf2086adf544cedcfb6883c,0xbf016ccf042f6bba524b246f7d90aac0ac83a656|0xbf016ccf042f6bba524b246f7d90aac0ac83a656|0xbf016ccf042f6bba524b246f7d90aac0ac83a656|0xbf016ccf042f6bba524b246f7d90aac0ac83a656,,same transaction contains inbound payment to royalty wallet and secondary ERC721 Transfer from collection,high,Heuristic match; can include false positives/negatives if marketplace routing is non-standard.
0x383e5434d31dc0ac57b8e03cb5270416268de133d0ee44cb9b9b46779730d7ea,76630733,1779600622,0x40Ea55E0b8f02f8eBc9D91e082e202ed988647fA,MON,900000000000000000000,900,0x200723A706de0013316E5cd8EBa2b3f53DD90c29,164|602,0xf408d17df0187b90d33fdff1e604f08fc74a0c00|0x523c6f0fd640055350af22fa5e5b83cd773d6ffd,0x189a8ec283d52174b4d8c18a760fbf4d4b1027bb|0x189a8ec283d52174b4d8c18a760fbf4d4b1027bb,,same transaction contains inbound payment to royalty wallet and secondary ERC721 Transfer from collection,high,Heuristic match; can include false positives/negatives if marketplace routing is non-standard.
0xb3b37932e577cf698db581cf45dca3f59fb690335018cabcc9c99863928a0172,76762464,1779653204,0x40Ea55E0b8f02f8eBc9D91e082e202ed988647fA,WMON,1402222000000000000000,1402.222,0x200723A706de0013316E5cd8EBa2b3f53DD90c29,306|744,0xcbb98f47d3e2eb6ae4aa1b3a51485a192e3ccef2|0xcbb98f47d3e2eb6ae4aa1b3a51485a192e3ccef2,0x86910489ea6415213520b6a3f80f3bc840260521|0x42626cd748d67d5c2c27f3afaadc3bea28a7ea82,,same transaction contains inbound payment to royalty wallet and secondary ERC721 Transfer from collection,high,Heuristic match; can include false positives/negatives if marketplace routing is non-standard.
0x8479cd24b796bce7af63ab7ab587c32505df3d2ac709e5f5bcc817e6713c5399,76910444,1779712305,0x40Ea55E0b8f02f8eBc9D91e082e202ed988647fA,WMON,652550000000000000000,652.55,0x200723A706de0013316E5cd8EBa2b3f53DD90c29,585,0xd38d0345851dd9d83d67311bf084a37fb12609d5,0x42626cd748d67d5c2c27f3afaadc3bea28a7ea82,,same transaction contains inbound payment to royalty wallet and secondary ERC721 Transfer from collection,high,Heuristic match; can include false positives/negatives if marketplace routing is non-standard.
0x05d6635a15e5be07b29ac223e01efc41bc35c50d69bac22d8c0d4342e5438fc7,77106091,1779790437,0x40Ea55E0b8f02f8eBc9D91e082e202ed988647fA,WMON,755000000000000000000,755,0x200723A706de0013316E5cd8EBa2b3f53DD90c29,1022,0x2aaeed165aeb84f023d3a4858a94d94d35bf6e1a,0x42626cd748d67d5c2c27f3afaadc3bea28a7ea82,,same transaction contains inbound payment to royalty wallet and secondary ERC721 Transfer from collection,high,Heuristic match; can include false positives/negatives if marketplace routing is non-standard.
0xf8a9da7322857af680b5dd4f44138c1f26ac6a375bdb370a598c9a9460bc2d93,77114932,1779793957,0x40Ea55E0b8f02f8eBc9D91e082e202ed988647fA,WMON,750000000000000000000,750,0x200723A706de0013316E5cd8EBa2b3f53DD90c29,857,0x0a9643381b7a6fe41e693c4dd0e4cae57bb2bd69,0x5935ba4be0d2abe85f5d8fbeb89325ef281f12fc,,same transaction contains inbound payment to royalty wallet and secondary ERC721 Transfer from collection,high,Heuristic match; can include false positives/negatives if marketplace routing is non-standard.
0xa1754283c1bf71ac69b5ef56090e58f6a3fa726657cfede5f3c7743804325f13,77409981,1779912158,0x40Ea55E0b8f02f8eBc9D91e082e202ed988647fA,MON,750000000000000000000,750,0x200723A706de0013316E5cd8EBa2b3f53DD90c29,497,0xd38d0345851dd9d83d67311bf084a37fb12609d5,0x77fabb24d656cc08153309ca9fd9e9c41c6c2005,,same transaction contains inbound payment to royalty wallet and secondary ERC721 Transfer from collection,high,Heuristic match; can include false positives/negatives if marketplace routing is non-standard.
0xfb5db14dcd5247ff50081ce0bad92c1260e9d2747f21470ec12904102604fa03,77556317,1779970639,0x40Ea55E0b8f02f8eBc9D91e082e202ed988647fA,WMON,662450000000000000000,662.45,0x200723A706de0013316E5cd8EBa2b3f53DD90c29,212,0x557758ec7fd3c7e8c1a6b5b42f15ac6b82891f18,0xddb405dfafb87b4423f55ad0dd8b1be6b3af7b4f,,same transaction contains inbound payment to royalty wallet and secondary ERC721 Transfer from collection,high,Heuristic match; can include false positives/negatives if marketplace routing is non-standard.
0x6fefec5d416e47a25bc847745390143bb045703545538d423b5be58648a9bce0,77632517,1780001143,0x40Ea55E0b8f02f8eBc9D91e082e202ed988647fA,WMON,600200500000000000000,600.2005,0x200723A706de0013316E5cd8EBa2b3f53DD90c29,933,0x4d8e49a2a89cdfa85d4ec02fac47b601ef495748,0xb8898bb87b07bac7ba9c2268e6d0640d5a208a7a,,same transaction contains inbound payment to royalty wallet and secondary ERC721 Transfer from collection,high,Heuristic match; can include false positives/negatives if marketplace routing is non-standard.
0x8258d845a14f45f2baeb3c9314d12afbb87d40d06c21dd6ba1032e8125073eb9,77650961,1780008510,0x40Ea55E0b8f02f8eBc9D91e082e202ed988647fA,WMON,600200000000000000000,600.2,0x200723A706de0013316E5cd8EBa2b3f53DD90c29,779,0x9336ec684878f05baacf27d899006b69a300bf60,0x11f33f8d3efdbf6fd552fb7c4dd56b82dabe8b14,,same transaction contains inbound payment to royalty wallet and secondary ERC721 Transfer from collection,high,Heuristic match; can include false positives/negatives if marketplace routing is non-standard.
0x36a88e143f35400a1013d0c351920714cc9d3b1ff226e94809f881196e8def76,77761193,1780052637,0x40Ea55E0b8f02f8eBc9D91e082e202ed988647fA,WMON,567515500000000000000,567.5155,0x200723A706de0013316E5cd8EBa2b3f53DD90c29,295,0x4d8e49a2a89cdfa85d4ec02fac47b601ef495748,0xb8898bb87b07bac7ba9c2268e6d0640d5a208a7a,,same transaction contains inbound payment to royalty wallet and secondary ERC721 Transfer from collection,high,Heuristic match; can include false positives/negatives if marketplace routing is non-standard.
0x031018afcfce8b372a0276285f59e33d970ce1e855b855c1938a5812d30ed3cd,77767806,1780055282,0x40Ea55E0b8f02f8eBc9D91e082e202ed988647fA,WMON,555600000000000000000,555.6,0x200723A706de0013316E5cd8EBa2b3f53DD90c29,677,0x4d8e49a2a89cdfa85d4ec02fac47b601ef495748,0x0c3ba44707314e6801413e7ab80c5122663cff7c,,same transaction contains inbound payment to royalty wallet and secondary ERC721 Transfer from collection,high,Heuristic match; can include false positives/negatives if marketplace routing is non-standard.
